brand,url,image_url,collection,reference_code,price,currency,country,life_span_date,category,scrapping_date,price_eur
Chopard,https://www.chopard.com/fr-ch/watch/298617-3001.html,"https://objects-prod.cdn.chopard.com/q_auto,f_auto,dpr_auto/e_trim/c_lpad,w_iw,h_ih/c_lpad,ar_1:1,w_800,g_center/ProductsAssets/Web/298617-3001_01.png",ALPINE EAGLE,298617-3001,10600.0,CHF,Switzerland,2025-01-28 00:00:00,Watches,2025-01-06,11546.84
Chopard,https://www.chopard.com/fr-ch/watch/298601-3001.html,"https://objects-prod.cdn.chopard.com/q_auto,f_auto,dpr_auto/e_trim/c_lpad,w_iw,h_ih/c_lpad,ar_1:1,w_800,g_center/ProductsAssets/Web/298601-3001_01.png",ALPINE EAGLE,298601-3001,11000.0,CHF,Switzerland,2025-01-28 00:00:00,Watches,2025-01-06,11982.57
Chopard,https://www.chopard.com/fr-ch/watch/298600-3001.html,"https://objects-prod.cdn.chopard.com/q_auto,f_auto,dpr_auto/e_trim/c_lpad,w_iw,h_ih/c_lpad,ar_1:1,w_800,g_center/ProductsAssets/Web/298600-3001_01.png",ALPINE EAGLE,298600-3001,14000.0,CHF,Switzerland,2025-01-28 00:00:00,Watches,2025-01-06,15250.54
Chopard,https://www.chopard.com/fr-ch/watch/298600-3002.html,"https://objects-prod.cdn.chopard.com/q_auto,f_auto,dpr_auto/e_trim/c_lpad,w_iw,h_ih/c_lpad,ar_1:1,w_800,g_center/ProductsAssets/Web/298600-3002_01.png",ALPINE EAGLE,298600-3002,14000.0,CHF,Switzerland,2025-01-28 00:00:00,Watches,2025-01-06,15250.54
Chopard,https://www.chopard.com/fr-ch/watch/298617-3002.html,"https://objects-prod.cdn.chopard.com/q_auto,f_auto,dpr_auto/e_trim/c_lpad,w_iw,h_ih/c_lpad,ar_1:1,w_800,g_center/ProductsAssets/Web/298617-3002_01.png",ALPINE EAGLE,298617-3002,14300.0,CHF,Switzerland,2025-01-28 00:00:00,Watches,2025-01-06,15577.34
Chopard,https://www.chopard.com/fr-ch/watch/298617-6001.html,"https://objects-prod.cdn.chopard.com/q_auto,f_auto,dpr_auto/e_trim/c_lpad,w_iw,h_ih/c_lpad,ar_1:1,w_800,g_center/ProductsAssets/Web/298617-6001_01.png",ALPINE EAGLE,298617-6001,15000.0,CHF,Switzerland,2025-01-28 00:00:00,Watches,2025-01-06,16339.87
Chopard,https://www.chopard.com/fr-ch/watch/298600-3014.html,"https://objects-prod.cdn.chopard.com/q_auto,f_auto,dpr_auto/e_trim/c_lpad,w_iw,h_ih/c_lpad,ar_1:1,w_800,g_center/ProductsAssets/Web/298600-3014_01.png",ALPINE EAGLE,298600-3014,15400.0,CHF,Switzerland,2025-01-28 00:00:00,Watches,2025-01-06,16775.6
Chopard,https://www.chopard.com/fr-ch/watch/298601-3004.html,"https://objects-prod.cdn.chopard.com/q_auto,f_auto,dpr_auto/e_trim/c_lpad,w_iw,h_ih/c_lpad,ar_1:1,w_800,g_center/ProductsAssets/Web/298601-3004_01.png",ALPINE EAGLE,298601-3004,15500.0,CHF,Switzerland,2025-01-28 00:00:00,Watches,2025-01-06,16884.53
Chopard,https://www.chopard.com/fr-ch/watch/298617-6002.html,"https://objects-prod.cdn.chopard.com/q_auto,f_auto,dpr_auto/e_trim/c_lpad,w_iw,h_ih/c_lpad,ar_1:1,w_800,g_center/ProductsAssets/Web/298617-6002_01.png",ALPINE EAGLE,298617-6002,18500.0,CHF,Switzerland,2025-01-28 00:00:00,Watches,2025-01-06,20152.51
Chopard,https://www.chopard.com/fr-ch/watch/298609-3004.html,"https://objects-prod.cdn.chopard.com/q_auto,f_auto,dpr_auto/e_trim/c_lpad,w_iw,h_ih/c_lpad,ar_1:1,w_800,g_center/ProductsAssets/Web/298609-3004_01.png",ALPINE EAGLE,298609-3004,19100.0,CHF,Switzerland,2025-01-28 00:00:00,Watches,2025-01-06,20806.1
Chopard,https://www.chopard.com/fr-ch/watch/298609-3003.html,"https://objects-prod.cdn.chopard.com/q_auto,f_auto,dpr_auto/e_trim/c_lpad,w_iw,h_ih/c_lpad,ar_1:1,w_800,g_center/ProductsAssets/Web/298609-3003_01.png",ALPINE EAGLE,298609-3003,19100.0,CHF,Switzerland,2025-01-28 00:00:00,Watches,2025-01-06,20806.1
Chopard,https://www.chopard.com/fr-ch/watch/298609-3001.html,"https://objects-prod.cdn.chopard.com/q_auto,f_auto,dpr_auto/e_trim/c_lpad,w_iw,h_ih/c_lpad,ar_1:1,w_800,g_center/ProductsAssets/Web/298609-3001_01.png",ALPINE EAGLE,298609-3001,20500.0,CHF,Switzerland,2025-01-28 00:00:00,Watches,2025-01-06,22331.15
Chopard,https://www.chopard.com/fr-ch/watch/298600-3020.html,"https://objects-prod.cdn.chopard.com/q_auto,f_auto,dpr_auto/e_trim/c_lpad,w_iw,h_ih/c_lpad,ar_1:1,w_800,g_center/ProductsAssets/Web/298600-3020_01.png",ALPINE EAGLE,298600-3020,20900.0,CHF,Switzerland,2025-01-28 00:00:00,Watches,2025-01-06,22766.88
Chopard,https://www.chopard.com/fr-ch/watch/298600-6001.html,"https://objects-prod.cdn.chopard.com/q_auto,f_auto,dpr_auto/e_trim/c_lpad,w_iw,h_ih/c_lpad,ar_1:1,w_800,g_center/ProductsAssets/Web/298600-6001_01.png",ALPINE EAGLE,298600-6001,22000.0,CHF,Switzerland,2025-01-28 00:00:00,Watches,2025-01-06,23965.14
Chopard,https://www.chopard.com/fr-ch/watch/298623-3001.html,"https://objects-prod.cdn.chopard.com/q_auto,f_auto,dpr_auto/e_trim/c_lpad,w_iw,h_ih/c_lpad,ar_1:1,w_800,g_center/ProductsAssets/Web/298623-3001_01.png",ALPINE EAGLE,298623-3001,23100.0,CHF,Switzerland,2025-01-28 00:00:00,Watches,2025-01-06,25163.4
Chopard,https://www.chopard.com/fr-ch/watch/298609-3008.html,"https://objects-prod.cdn.chopard.com/q_auto,f_auto,dpr_auto/e_trim/c_lpad,w_iw,h_ih/c_lpad,ar_1:1,w_800,g_center/ProductsAssets/Web/298609-3008_01.png",ALPINE EAGLE,298609-3008,23700.0,CHF,Switzerland,2025-01-28 00:00:00,Watches,2025-01-06,25816.99
Chopard,https://www.chopard.com/fr-ch/watch/298630-3001.html,"https://objects-prod.cdn.chopard.com/q_auto,f_auto,dpr_auto/e_trim/c_lpad,w_iw,h_ih/c_lpad,ar_1:1,w_800,g_center/ProductsAssets/Web/298630-3001_01.png",ALPINE EAGLE,298630-3001,25200.0,CHF,Switzerland,2025-01-28 00:00:00,Watches,2025-01-06,27450.98
Chopard,https://www.chopard.com/fr-ch/watch/295370-5001.html,"https://objects-prod.cdn.chopard.com/q_auto,f_auto,dpr_auto/e_trim/c_lpad,w_iw,h_ih/c_lpad,ar_1:1,w_800,g_center/ProductsAssets/Web/295370-5001_01.png",ALPINE EAGLE,295370-5001,35900.0,CHF,Switzerland,2025-01-28 00:00:00,Watches,2025-01-06,39106.75
Chopard,https://www.chopard.com/fr-ch/watch/295387-9001.html,"https://objects-prod.cdn.chopard.com/q_auto,f_auto,dpr_auto/e_trim/c_lpad,w_iw,h_ih/c_lpad,ar_1:1,w_800,g_center/ProductsAssets/Web/295387-9001_01.png",ALPINE EAGLE,295387-9001,37400.0,CHF,Switzerland,2025-01-28 00:00:00,Watches,2025-01-06,40740.74
Chopard,https://www.chopard.com/fr-ch/watch/295384-5001.html,"https://objects-prod.cdn.chopard.com/q_auto,f_auto,dpr_auto/e_trim/c_lpad,w_iw,h_ih/c_lpad,ar_1:1,w_800,g_center/ProductsAssets/Web/295384-5001_01.png",ALPINE EAGLE,295384-5001,39300.0,CHF,Switzerland,2025-01-28 00:00:00,Watches,2025-01-06,42810.46
Chopard,https://www.chopard.com/fr-ch/watch/295384-5002.html,"https://objects-prod.cdn.chopard.com/q_auto,f_auto,dpr_auto/e_trim/c_lpad,w_iw,h_ih/c_lpad,ar_1:1,w_800,g_center/ProductsAssets/Web/295384-5002_01.png",ALPINE EAGLE,295384-5002,48400.0,CHF,Switzerland,2025-01-28 00:00:00,Watches,2025-01-06,52723.31
Chopard,https://www.chopard.com/fr-ch/watch/295363-5001.html,"https://objects-prod.cdn.chopard.com/q_auto,f_auto,dpr_auto/e_trim/c_lpad,w_iw,h_ih/c_lpad,ar_1:1,w_800,g_center/ProductsAssets/Web/295363-5001_01.png",ALPINE EAGLE,295363-5001,52000.0,CHF,Switzerland,2025-01-28 00:00:00,Watches,2025-01-06,56644.88
Chopard,https://www.chopard.com/fr-ch/watch/295363-5007.html,"https://objects-prod.cdn.chopard.com/q_auto,f_auto,dpr_auto/e_trim/c_lpad,w_iw,h_ih/c_lpad,ar_1:1,w_800,g_center/ProductsAssets/Web/295363-5007_01.png",ALPINE EAGLE,295363-5007,53400.0,CHF,Switzerland,2025-01-28 00:00:00,Watches,2025-01-06,58169.93
Chopard,https://www.chopard.com/fr-ch/watch/295370-5003.html,"https://objects-prod.cdn.chopard.com/q_auto,f_auto,dpr_auto/e_trim/c_lpad,w_iw,h_ih/c_lpad,ar_1:1,w_800,g_center/ProductsAssets/Web/295370-5003_01.png",ALPINE EAGLE,295370-5003,54100.0,CHF,Switzerland,2025-01-28 00:00:00,Watches,2025-01-06,58932.46
Chopard,https://www.chopard.com/fr-ch/watch/295363-0001.html,"https://objects-prod.cdn.chopard.com/q_auto,f_auto,dpr_auto/e_trim/c_lpad,w_iw,h_ih/c_lpad,ar_1:1,w_800,g_center/ProductsAssets/Web/295363-0001_01.png",ALPINE EAGLE,295363-0001,56000.0,CHF,Switzerland,2025-01-28 00:00:00,Watches,2025-01-06,61002.18
Chopard,https://www.chopard.com/fr-ch/watch/295393-5002.html,"https://objects-prod.cdn.chopard.com/q_auto,f_auto,dpr_auto/e_trim/c_lpad,w_iw,h_ih/c_lpad,ar_1:1,w_800,g_center/ProductsAssets/Web/295393-5002_01.png",ALPINE EAGLE,295393-5002,69800.0,CHF,Switzerland,2025-01-28 00:00:00,Watches,2025-01-06,76034.86
Chopard,https://www.chopard.com/fr-ch/watch/295363-5013.html,"https://objects-prod.cdn.chopard.com/q_auto,f_auto,dpr_auto/e_trim/c_lpad,w_iw,h_ih/c_lpad,ar_1:1,w_800,g_center/ProductsAssets/Web/295363-5013_01.png",ALPINE EAGLE,295363-5013,74800.0,CHF,Switzerland,2025-01-28 00:00:00,Watches,2025-01-06,81481.48
Chopard,https://www.chopard.com/fr-ch/watch/295363-1008.html,"https://objects-prod.cdn.chopard.com/q_auto,f_auto,dpr_auto/e_trim/c_lpad,w_iw,h_ih/c_lpad,ar_1:1,w_800,g_center/ProductsAssets/Web/295363-1008_01.png",ALPINE EAGLE,295363-1008,82400.0,CHF,Switzerland,2025-01-28 00:00:00,Watches,2025-01-06,89760.35
Chopard,https://www.chopard.com/fr-ch/watch/295363-0002.html,"https://objects-prod.cdn.chopard.com/q_auto,f_auto,dpr_auto/e_trim/c_lpad,w_iw,h_ih/c_lpad,ar_1:1,w_800,g_center/ProductsAssets/Web/295363-0002_01.png",ALPINE EAGLE,295363-0002,82400.0,CHF,Switzerland,2025-01-28 00:00:00,Watches,2025-01-06,89760.35
Chopard,https://www.chopard.com/fr-ch/watch/295363-1007.html,"https://objects-prod.cdn.chopard.com/q_auto,f_auto,dpr_auto/e_trim/c_lpad,w_iw,h_ih/c_lpad,ar_1:1,w_800,g_center/ProductsAssets/Web/295363-1007_01.png",ALPINE EAGLE,295363-1007,82400.0,CHF,Switzerland,2025-01-28 00:00:00,Watches,2025-01-06,89760.35
Chopard,https://www.chopard.com/fr-ch/watch/295363-1006.html,"https://objects-prod.cdn.chopard.com/q_auto,f_auto,dpr_auto/e_trim/c_lpad,w_iw,h_ih/c_lpad,ar_1:1,w_800,g_center/ProductsAssets/Web/295363-1006_01.png",ALPINE EAGLE,295363-1006,87300.0,CHF,Switzerland,2025-01-28 00:00:00,Watches,2025-01-06,95098.04
Chopard,https://www.chopard.com/fr-ch/watch/295363-5011.html,"https://objects-prod.cdn.chopard.com/q_auto,f_auto,dpr_auto/e_trim/c_lpad,w_iw,h_ih/c_lpad,ar_1:1,w_800,g_center/ProductsAssets/Web/295363-5011_01.png",ALPINE EAGLE,295363-5011,87300.0,CHF,Switzerland,2025-01-28 00:00:00,Watches,2025-01-06,95098.04
Chopard,https://www.chopard.com/fr-ch/watch/209415-5004.html,"https://objects-prod.cdn.chopard.com/q_auto,f_auto,dpr_auto/e_trim/c_lpad,w_iw,h_ih/c_lpad,ar_1:1,w_800,g_center/ProductsAssets/Web/209415-5004_01.png",HAPPY DIAMONDS,209415-5004,9310.0,CHF,Switzerland,2025-01-28 00:00:00,Watches,2025-01-06,10141.61
Chopard,https://www.chopard.com/fr-ch/watch/203957-1214.html,"https://objects-prod.cdn.chopard.com/q_auto,f_auto,dpr_auto/e_trim/c_lpad,w_iw,h_ih/c_lpad,ar_1:1,w_800,g_center/ProductsAssets/Web/203957-1214_01.png",HAPPY DIAMONDS,203957-1214,17100.0,CHF,Switzerland,2025-01-28 00:00:00,Watches,2025-01-06,18627.45
Chopard,https://www.chopard.com/fr-ch/watch/203957-5214.html,"https://objects-prod.cdn.chopard.com/q_auto,f_auto,dpr_auto/e_trim/c_lpad,w_iw,h_ih/c_lpad,ar_1:1,w_800,g_center/ProductsAssets/Web/203957-5214_01.png",HAPPY DIAMONDS,203957-5214,17100.0,CHF,Switzerland,2025-01-28 00:00:00,Watches,2025-01-06,18627.45
Chopard,https://www.chopard.com/fr-ch/watch/209426-5201.html,"https://objects-prod.cdn.chopard.com/q_auto,f_auto,dpr_auto/e_trim/c_lpad,w_iw,h_ih/c_lpad,ar_1:1,w_800,g_center/ProductsAssets/Web/209426-5201_01.png",HAPPY DIAMONDS,209426-5201,20000.0,CHF,Switzerland,2025-01-28 00:00:00,Watches,2025-01-06,21786.49
Chopard,https://www.chopard.com/fr-ch/watch/209426-1201.html,"https://objects-prod.cdn.chopard.com/q_auto,f_auto,dpr_auto/e_trim/c_lpad,w_iw,h_ih/c_lpad,ar_1:1,w_800,g_center/ProductsAssets/Web/209426-1201_01.png",HAPPY DIAMONDS,209426-1201,20000.0,CHF,Switzerland,2025-01-28 00:00:00,Watches,2025-01-06,21786.49
Chopard,https://www.chopard.com/fr-ch/watch/205369-5002.html,"https://objects-prod.cdn.chopard.com/q_auto,f_auto,dpr_auto/e_trim/c_lpad,w_iw,h_ih/c_lpad,ar_1:1,w_800,g_center/ProductsAssets/Web/205369-5002_01.png",HAPPY DIAMONDS,205369-5002,31800.0,CHF,Switzerland,2025-01-28 00:00:00,Watches,2025-01-06,34640.52
Chopard,https://www.chopard.com/fr-ch/watch/278620-3001.html,"https://objects-prod.cdn.chopard.com/q_auto,f_auto,dpr_auto/e_trim/c_lpad,w_iw,h_ih/c_lpad,ar_1:1,w_800,g_center/ProductsAssets/Web/278620-3001_01.png",HAPPY SPORT,278620-3001,4420.0,CHF,Switzerland,2025-01-28 00:00:00,Watches,2025-01-06,4814.81
Chopard,https://www.chopard.com/fr-ch/watch/278590-3001.html,"https://objects-prod.cdn.chopard.com/q_auto,f_auto,dpr_auto/e_trim/c_lpad,w_iw,h_ih/c_lpad,ar_1:1,w_800,g_center/ProductsAssets/Web/278590-3001_01.png",HAPPY SPORT,278590-3001,4630.0,CHF,Switzerland,2025-01-28 00:00:00,Watches,2025-01-06,5043.57
Chopard,https://www.chopard.com/fr-ch/watch/278620-3003.html,"https://objects-prod.cdn.chopard.com/q_auto,f_auto,dpr_auto/e_trim/c_lpad,w_iw,h_ih/c_lpad,ar_1:1,w_800,g_center/ProductsAssets/Web/278620-3003_01.png",HAPPY SPORT,278620-3003,4650.0,CHF,Switzerland,2025-01-28 00:00:00,Watches,2025-01-06,5065.36
Chopard,https://www.chopard.com/fr-ch/watch/278620-3004.html,"https://objects-prod.cdn.chopard.com/q_auto,f_auto,dpr_auto/e_trim/c_lpad,w_iw,h_ih/c_lpad,ar_1:1,w_800,g_center/ProductsAssets/Web/278620-3004_01.png",HAPPY SPORT,278620-3004,4650.0,CHF,Switzerland,2025-01-28 00:00:00,Watches,2025-01-06,5065.36
Chopard,https://www.chopard.com/fr-ch/watch/278620-3005.html,"https://objects-prod.cdn.chopard.com/q_auto,f_auto,dpr_auto/e_trim/c_lpad,w_iw,h_ih/c_lpad,ar_1:1,w_800,g_center/ProductsAssets/Web/278620-3005_01.png",HAPPY SPORT,278620-3005,4650.0,CHF,Switzerland,2025-01-28 00:00:00,Watches,2025-01-06,5065.36
Chopard,https://www.chopard.com/fr-ch/watch/278590-6015.html,"https://objects-prod.cdn.chopard.com/q_auto,f_auto,dpr_auto/e_trim/c_lpad,w_iw,h_ih/c_lpad,ar_1:1,w_800,g_center/ProductsAssets/Web/278590-6015_01.png",HAPPY SPORT,278590-6015,4950.0,CHF,Switzerland,2025-01-28 00:00:00,Watches,2025-01-06,5392.16
Chopard,https://www.chopard.com/fr-ch/watch/278620-6001.html,"https://objects-prod.cdn.chopard.com/q_auto,f_auto,dpr_auto/e_trim/c_lpad,w_iw,h_ih/c_lpad,ar_1:1,w_800,g_center/ProductsAssets/Web/278620-6001_01.png",HAPPY SPORT,278620-6001,5580.0,CHF,Switzerland,2025-01-28 00:00:00,Watches,2025-01-06,6078.43
Chopard,https://www.chopard.com/fr-ch/watch/278590-3002.html,"https://objects-prod.cdn.chopard.com/q_auto,f_auto,dpr_auto/e_trim/c_lpad,w_iw,h_ih/c_lpad,ar_1:1,w_800,g_center/ProductsAssets/Web/278590-3002_01.png",HAPPY SPORT,278590-3002,5730.0,CHF,Switzerland,2025-01-28 00:00:00,Watches,2025-01-06,6241.83
Chopard,https://www.chopard.com/fr-ch/watch/278582-3001.html,"https://objects-prod.cdn.chopard.com/q_auto,f_auto,dpr_auto/e_trim/c_lpad,w_iw,h_ih/c_lpad,ar_1:1,w_800,g_center/ProductsAssets/Web/278582-3001_01.png",HAPPY SPORT,278582-3001,5770.0,CHF,Switzerland,2025-01-28 00:00:00,Watches,2025-01-06,6285.4
Chopard,https://www.chopard.com/fr-ch/watch/278590-3013.html,"https://objects-prod.cdn.chopard.com/q_auto,f_auto,dpr_auto/e_trim/c_lpad,w_iw,h_ih/c_lpad,ar_1:1,w_800,g_center/ProductsAssets/Web/278590-3013_01.png",HAPPY SPORT,278590-3013,5970.0,CHF,Switzerland,2025-01-28 00:00:00,Watches,2025-01-06,6503.27
Chopard,https://www.chopard.com/fr-ch/watch/278590-3010.html,"https://objects-prod.cdn.chopard.com/q_auto,f_auto,dpr_auto/e_trim/c_lpad,w_iw,h_ih/c_lpad,ar_1:1,w_800,g_center/ProductsAssets/Web/278590-3010_01.png",HAPPY SPORT,278590-3010,5970.0,CHF,Switzerland,2025-01-28 00:00:00,Watches,2025-01-06,6503.27
Chopard,https://www.chopard.com/fr-ch/watch/278590-3012.html,"https://objects-prod.cdn.chopard.com/q_auto,f_auto,dpr_auto/e_trim/c_lpad,w_iw,h_ih/c_lpad,ar_1:1,w_800,g_center/ProductsAssets/Web/278590-3012_01.png",HAPPY SPORT,278590-3012,5970.0,CHF,Switzerland,2025-01-28 00:00:00,Watches,2025-01-06,6503.27
Chopard,https://www.chopard.com/fr-ch/watch/278582-6014.html,"https://objects-prod.cdn.chopard.com/q_auto,f_auto,dpr_auto/e_trim/c_lpad,w_iw,h_ih/c_lpad,ar_1:1,w_800,g_center/ProductsAssets/Web/278582-6014_01.png",HAPPY SPORT,278582-6014,6400.0,CHF,Switzerland,2025-01-28 00:00:00,Watches,2025-01-06,6971.68
Chopard,https://www.chopard.com/fr-ch/watch/278582-6012.html,"https://objects-prod.cdn.chopard.com/q_auto,f_auto,dpr_auto/e_trim/c_lpad,w_iw,h_ih/c_lpad,ar_1:1,w_800,g_center/ProductsAssets/Web/278582-6012_01.png",HAPPY SPORT,278582-6012,6400.0,CHF,Switzerland,2025-01-28 00:00:00,Watches,2025-01-06,6971.68
Chopard,https://www.chopard.com/fr-ch/watch/278573-3011.html,"https://objects-prod.cdn.chopard.com/q_auto,f_auto,dpr_auto/e_trim/c_lpad,w_iw,h_ih/c_lpad,ar_1:1,w_800,g_center/ProductsAssets/Web/278573-3011_01.png",HAPPY SPORT,278573-3011,6730.0,CHF,Switzerland,2025-01-28 00:00:00,Watches,2025-01-06,7331.15
Chopard,https://www.chopard.com/fr-ch/watch/278582-3002.html,"https://objects-prod.cdn.chopard.com/q_auto,f_auto,dpr_auto/e_trim/c_lpad,w_iw,h_ih/c_lpad,ar_1:1,w_800,g_center/ProductsAssets/Web/278582-3002_01.png",HAPPY SPORT,278582-3002,7190.0,CHF,Switzerland,2025-01-28 00:00:00,Watches,2025-01-06,7832.24
Chopard,https://www.chopard.com/fr-ch/watch/278582-3009.html,"https://objects-prod.cdn.chopard.com/q_auto,f_auto,dpr_auto/e_trim/c_lpad,w_iw,h_ih/c_lpad,ar_1:1,w_800,g_center/ProductsAssets/Web/278582-3009_01.png",HAPPY SPORT,278582-3009,7410.0,CHF,Switzerland,2025-01-28 00:00:00,Watches,2025-01-06,8071.9
Chopard,https://www.chopard.com/fr-ch/watch/278582-3008.html,"https://objects-prod.cdn.chopard.com/q_auto,f_auto,dpr_auto/e_trim/c_lpad,w_iw,h_ih/c_lpad,ar_1:1,w_800,g_center/ProductsAssets/Web/278582-3008_01.png",HAPPY SPORT,278582-3008,7410.0,CHF,Switzerland,2025-01-28 00:00:00,Watches,2025-01-06,8071.9
Chopard,https://www.chopard.com/fr-ch/watch/278582-3011.html,"https://objects-prod.cdn.chopard.com/q_auto,f_auto,dpr_auto/e_trim/c_lpad,w_iw,h_ih/c_lpad,ar_1:1,w_800,g_center/ProductsAssets/Web/278582-3011_01.png",HAPPY SPORT,278582-3011,7410.0,CHF,Switzerland,2025-01-28 00:00:00,Watches,2025-01-06,8071.9
Chopard,https://www.chopard.com/fr-ch/watch/278559-3011.html,"https://objects-prod.cdn.chopard.com/q_auto,f_auto,dpr_auto/e_trim/c_lpad,w_iw,h_ih/c_lpad,ar_1:1,w_800,g_center/ProductsAssets/Web/278559-3011_01.png",HAPPY SPORT,278559-3011,7590.0,CHF,Switzerland,2025-01-28 00:00:00,Watches,2025-01-06,8267.97
Chopard,https://www.chopard.com/fr-ch/watch/278608-3001.html,"https://objects-prod.cdn.chopard.com/q_auto,f_auto,dpr_auto/e_trim/c_lpad,w_iw,h_ih/c_lpad,ar_1:1,w_800,g_center/ProductsAssets/Web/278608-3001_01.png",HAPPY SPORT,278608-3001,7840.0,CHF,Switzerland,2025-01-28 00:00:00,Watches,2025-01-06,8540.31
Chopard,https://www.chopard.com/fr-ch/watch/278608-3010.html,"https://objects-prod.cdn.chopard.com/q_auto,f_auto,dpr_auto/e_trim/c_lpad,w_iw,h_ih/c_lpad,ar_1:1,w_800,g_center/ProductsAssets/Web/278608-3010_01.png",HAPPY SPORT,278608-3010,7900.0,CHF,Switzerland,2025-01-28 00:00:00,Watches,2025-01-06,8605.66
Chopard,https://www.chopard.com/fr-ch/watch/278582-6005.html,"https://objects-prod.cdn.chopard.com/q_auto,f_auto,dpr_auto/e_trim/c_lpad,w_iw,h_ih/c_lpad,ar_1:1,w_800,g_center/ProductsAssets/Web/278582-6005_01.png",HAPPY SPORT,278582-6005,7950.0,CHF,Switzerland,2025-01-28 00:00:00,Watches,2025-01-06,8660.13
Chopard,https://www.chopard.com/fr-ch/watch/278573-6026.html,"https://objects-prod.cdn.chopard.com/q_auto,f_auto,dpr_auto/e_trim/c_lpad,w_iw,h_ih/c_lpad,ar_1:1,w_800,g_center/ProductsAssets/Web/278573-6026_01.png",HAPPY SPORT,278573-6026,8090.0,CHF,Switzerland,2025-01-28 00:00:00,Watches,2025-01-06,8812.64
Chopard,https://www.chopard.com/fr-ch/watch/278573-3012.html,"https://objects-prod.cdn.chopard.com/q_auto,f_auto,dpr_auto/e_trim/c_lpad,w_iw,h_ih/c_lpad,ar_1:1,w_800,g_center/ProductsAssets/Web/278573-3012_01.png",HAPPY SPORT,278573-3012,8140.0,CHF,Switzerland,2025-01-28 00:00:00,Watches,2025-01-06,8867.1
Chopard,https://www.chopard.com/fr-ch/watch/278573-6013.html,"https://objects-prod.cdn.chopard.com/q_auto,f_auto,dpr_auto/e_trim/c_lpad,w_iw,h_ih/c_lpad,ar_1:1,w_800,g_center/ProductsAssets/Web/278573-6013_01.png",HAPPY SPORT,278573-6013,8270.0,CHF,Switzerland,2025-01-28 00:00:00,Watches,2025-01-06,9008.71
Chopard,https://www.chopard.com/fr-ch/watch/278573-6032.html,"https://objects-prod.cdn.chopard.com/q_auto,f_auto,dpr_auto/e_trim/c_lpad,w_iw,h_ih/c_lpad,ar_1:1,w_800,g_center/ProductsAssets/Web/278573-6032_01.png",HAPPY SPORT,278573-6032,8450.0,CHF,Switzerland,2025-01-28 00:00:00,Watches,2025-01-06,9204.79
Chopard,https://www.chopard.com/fr-ch/watch/278559-3001.html,"https://objects-prod.cdn.chopard.com/q_auto,f_auto,dpr_auto/e_trim/c_lpad,w_iw,h_ih/c_lpad,ar_1:1,w_800,g_center/ProductsAssets/Web/278559-3001_01.png",HAPPY SPORT,278559-3001,8510.0,CHF,Switzerland,2025-01-28 00:00:00,Watches,2025-01-06,9270.15
Chopard,https://www.chopard.com/fr-ch/watch/278602-3001.html,"https://objects-prod.cdn.chopard.com/q_auto,f_auto,dpr_auto/e_trim/c_lpad,w_iw,h_ih/c_lpad,ar_1:1,w_800,g_center/ProductsAssets/Web/278602-3001_01.png",HAPPY SPORT,278602-3001,8670.0,CHF,Switzerland,2025-01-28 00:00:00,Watches,2025-01-06,9444.44
Chopard,https://www.chopard.com/fr-ch/watch/278573-6018.html,"https://objects-prod.cdn.chopard.com/q_auto,f_auto,dpr_auto/e_trim/c_lpad,w_iw,h_ih/c_lpad,ar_1:1,w_800,g_center/ProductsAssets/Web/278573-6018_01.png",HAPPY SPORT,278573-6018,8880.0,CHF,Switzerland,2025-01-28 00:00:00,Watches,2025-01-06,9673.2
Chopard,https://www.chopard.com/fr-ch/watch/278573-6027.html,"https://objects-prod.cdn.chopard.com/q_auto,f_auto,dpr_auto/e_trim/c_lpad,w_iw,h_ih/c_lpad,ar_1:1,w_800,g_center/ProductsAssets/Web/278573-6027_01.png",HAPPY SPORT,278573-6027,8880.0,CHF,Switzerland,2025-01-28 00:00:00,Watches,2025-01-06,9673.2
Chopard,https://www.chopard.com/fr-ch/watch/278620-3002.html,"https://objects-prod.cdn.chopard.com/q_auto,f_auto,dpr_auto/e_trim/c_lpad,w_iw,h_ih/c_lpad,ar_1:1,w_800,g_center/ProductsAssets/Web/278620-3002_01.png",HAPPY SPORT,278620-3002,8890.0,CHF,Switzerland,2025-01-28 00:00:00,Watches,2025-01-06,9684.1
Chopard,https://www.chopard.com/fr-ch/watch/278608-3002.html,"https://objects-prod.cdn.chopard.com/q_auto,f_auto,dpr_auto/e_trim/c_lpad,w_iw,h_ih/c_lpad,ar_1:1,w_800,g_center/ProductsAssets/Web/278608-3002_01.png",HAPPY SPORT,278608-3002,9260.0,CHF,Switzerland,2025-01-28 00:00:00,Watches,2025-01-06,10087.15
Chopard,https://www.chopard.com/fr-ch/watch/278582-6009.html,"https://objects-prod.cdn.chopard.com/q_auto,f_auto,dpr_auto/e_trim/c_lpad,w_iw,h_ih/c_lpad,ar_1:1,w_800,g_center/ProductsAssets/Web/278582-6009_01.png",HAPPY SPORT,278582-6009,9450.0,CHF,Switzerland,2025-01-28 00:00:00,Watches,2025-01-06,10294.12
Chopard,https://www.chopard.com/fr-ch/watch/278559-3002.html,"https://objects-prod.cdn.chopard.com/q_auto,f_auto,dpr_auto/e_trim/c_lpad,w_iw,h_ih/c_lpad,ar_1:1,w_800,g_center/ProductsAssets/Web/278559-3002_01.png",HAPPY SPORT,278559-3002,9920.0,CHF,Switzerland,2025-01-28 00:00:00,Watches,2025-01-06,10806.1
Chopard,https://www.chopard.com/fr-ch/watch/278620-6002.html,"https://objects-prod.cdn.chopard.com/q_auto,f_auto,dpr_auto/e_trim/c_lpad,w_iw,h_ih/c_lpad,ar_1:1,w_800,g_center/ProductsAssets/Web/278620-6002_01.png",HAPPY SPORT,278620-6002,10100.0,CHF,Switzerland,2025-01-28 00:00:00,Watches,2025-01-06,11002.18
Chopard,https://www.chopard.com/fr-ch/watch/278602-3002.html,"https://objects-prod.cdn.chopard.com/q_auto,f_auto,dpr_auto/e_trim/c_lpad,w_iw,h_ih/c_lpad,ar_1:1,w_800,g_center/ProductsAssets/Web/278602-3002_01.png",HAPPY SPORT,278602-3002,10200.0,CHF,Switzerland,2025-01-28 00:00:00,Watches,2025-01-06,11111.11
Chopard,https://www.chopard.com/fr-ch/watch/278608-6001.html,"https://objects-prod.cdn.chopard.com/q_auto,f_auto,dpr_auto/e_trim/c_lpad,w_iw,h_ih/c_lpad,ar_1:1,w_800,g_center/ProductsAssets/Web/278608-6001_01.png",HAPPY SPORT,278608-6001,10300.0,CHF,Switzerland,2025-01-28 00:00:00,Watches,2025-01-06,11220.04
Chopard,https://www.chopard.com/fr-ch/watch/278602-6001.html,"https://objects-prod.cdn.chopard.com/q_auto,f_auto,dpr_auto/e_trim/c_lpad,w_iw,h_ih/c_lpad,ar_1:1,w_800,g_center/ProductsAssets/Web/278602-6001_01.png",HAPPY SPORT,278602-6001,10400.0,CHF,Switzerland,2025-01-28 00:00:00,Watches,2025-01-06,11328.98
Chopard,https://www.chopard.com/fr-ch/watch/278608-6013.html,"https://objects-prod.cdn.chopard.com/q_auto,f_auto,dpr_auto/e_trim/c_lpad,w_iw,h_ih/c_lpad,ar_1:1,w_800,g_center/ProductsAssets/Web/278608-6013_01.png",HAPPY SPORT,278608-6013,10500.0,CHF,Switzerland,2025-01-28 00:00:00,Watches,2025-01-06,11437.91
Chopard,https://www.chopard.com/fr-ch/watch/278559-6001.html,"https://objects-prod.cdn.chopard.com/q_auto,f_auto,dpr_auto/e_trim/c_lpad,w_iw,h_ih/c_lpad,ar_1:1,w_800,g_center/ProductsAssets/Web/278559-6001_01.png",HAPPY SPORT,278559-6001,10900.0,CHF,Switzerland,2025-01-28 00:00:00,Watches,2025-01-06,11873.64
Chopard,https://www.chopard.com/fr-ch/watch/278559-6008.html,"https://objects-prod.cdn.chopard.com/q_auto,f_auto,dpr_auto/e_trim/c_lpad,w_iw,h_ih/c_lpad,ar_1:1,w_800,g_center/ProductsAssets/Web/278559-6008_01.png",HAPPY SPORT,278559-6008,11200.0,CHF,Switzerland,2025-01-28 00:00:00,Watches,2025-01-06,12200.44
Chopard,https://www.chopard.com/fr-ch/watch/278602-6006.html,"https://objects-prod.cdn.chopard.com/q_auto,f_auto,dpr_auto/e_trim/c_lpad,w_iw,h_ih/c_lpad,ar_1:1,w_800,g_center/ProductsAssets/Web/278602-6006_01.png",HAPPY SPORT,278602-6006,11300.0,CHF,Switzerland,2025-01-28 00:00:00,Watches,2025-01-06,12309.37
Chopard,https://www.chopard.com/fr-ch/watch/278578-6003.html,"https://objects-prod.cdn.chopard.com/q_auto,f_auto,dpr_auto/e_trim/c_lpad,w_iw,h_ih/c_lpad,ar_1:1,w_800,g_center/ProductsAssets/Web/278578-6003_01.png",HAPPY SPORT,278578-6003,11300.0,CHF,Switzerland,2025-01-28 00:00:00,Watches,2025-01-06,12309.37
Chopard,https://www.chopard.com/fr-ch/watch/278573-6017.html,"https://objects-prod.cdn.chopard.com/q_auto,f_auto,dpr_auto/e_trim/c_lpad,w_iw,h_ih/c_lpad,ar_1:1,w_800,g_center/ProductsAssets/Web/278573-6017_01.png",HAPPY SPORT,278573-6017,11800.0,CHF,Switzerland,2025-01-28 00:00:00,Watches,2025-01-06,12854.03
Chopard,https://www.chopard.com/fr-ch/watch/274893-5011.html,"https://objects-prod.cdn.chopard.com/q_auto,f_auto,dpr_auto/e_trim/c_lpad,w_iw,h_ih/c_lpad,ar_1:1,w_800,g_center/ProductsAssets/Web/274893-5011_01.png",HAPPY SPORT,274893-5011,14900.0,CHF,Switzerland,2025-01-28 00:00:00,Watches,2025-01-06,16230.94
Chopard,https://www.chopard.com/fr-ch/watch/278608-6002.html,"https://objects-prod.cdn.chopard.com/q_auto,f_auto,dpr_auto/e_trim/c_lpad,w_iw,h_ih/c_lpad,ar_1:1,w_800,g_center/ProductsAssets/Web/278608-6002_01.png",HAPPY SPORT,278608-6002,14900.0,CHF,Switzerland,2025-01-28 00:00:00,Watches,2025-01-06,16230.94
Chopard,https://www.chopard.com/fr-ch/watch/278602-3003.html,"https://objects-prod.cdn.chopard.com/q_auto,f_auto,dpr_auto/e_trim/c_lpad,w_iw,h_ih/c_lpad,ar_1:1,w_800,g_center/ProductsAssets/Web/278602-3003_01.png",HAPPY SPORT,278602-3003,15000.0,CHF,Switzerland,2025-01-28 00:00:00,Watches,2025-01-06,16339.87
Chopard,https://www.chopard.com/fr-ch/watch/278608-3008.html,"https://objects-prod.cdn.chopard.com/q_auto,f_auto,dpr_auto/e_trim/c_lpad,w_iw,h_ih/c_lpad,ar_1:1,w_800,g_center/ProductsAssets/Web/278608-3008_01.png",HAPPY SPORT,278608-3008,16000.0,CHF,Switzerland,2025-01-28 00:00:00,Watches,2025-01-06,17429.19
Chopard,https://www.chopard.com/fr-ch/watch/278608-3003.html,"https://objects-prod.cdn.chopard.com/q_auto,f_auto,dpr_auto/e_trim/c_lpad,w_iw,h_ih/c_lpad,ar_1:1,w_800,g_center/ProductsAssets/Web/278608-3003_01.png",HAPPY SPORT,278608-3003,16000.0,CHF,Switzerland,2025-01-28 00:00:00,Watches,2025-01-06,17429.19
Chopard,https://www.chopard.com/fr-ch/watch/278608-3009.html,"https://objects-prod.cdn.chopard.com/q_auto,f_auto,dpr_auto/e_trim/c_lpad,w_iw,h_ih/c_lpad,ar_1:1,w_800,g_center/ProductsAssets/Web/278608-3009_01.png",HAPPY SPORT,278608-3009,16000.0,CHF,Switzerland,2025-01-28 00:00:00,Watches,2025-01-06,17429.19
Chopard,https://www.chopard.com/fr-ch/watch/275378-5001.html,"https://objects-prod.cdn.chopard.com/q_auto,f_auto,dpr_auto/e_trim/c_lpad,w_iw,h_ih/c_lpad,ar_1:1,w_800,g_center/ProductsAssets/Web/275378-5001_01.png",HAPPY SPORT,275378-5001,16200.0,CHF,Switzerland,2025-01-28 00:00:00,Watches,2025-01-06,17647.06
Chopard,https://www.chopard.com/fr-ch/watch/275378-5011.html,"https://objects-prod.cdn.chopard.com/q_auto,f_auto,dpr_auto/e_trim/c_lpad,w_iw,h_ih/c_lpad,ar_1:1,w_800,g_center/ProductsAssets/Web/275378-5011_01.png",HAPPY SPORT,275378-5011,16200.0,CHF,Switzerland,2025-01-28 00:00:00,Watches,2025-01-06,17647.06
Chopard,https://www.chopard.com/fr-ch/watch/278573-6015.html,"https://objects-prod.cdn.chopard.com/q_auto,f_auto,dpr_auto/e_trim/c_lpad,w_iw,h_ih/c_lpad,ar_1:1,w_800,g_center/ProductsAssets/Web/278573-6015_01.png",HAPPY SPORT,278573-6015,16200.0,CHF,Switzerland,2025-01-28 00:00:00,Watches,2025-01-06,17647.06
Chopard,https://www.chopard.com/fr-ch/watch/278602-6002.html,"https://objects-prod.cdn.chopard.com/q_auto,f_auto,dpr_auto/e_trim/c_lpad,w_iw,h_ih/c_lpad,ar_1:1,w_800,g_center/ProductsAssets/Web/278602-6002_01.png",HAPPY SPORT,278602-6002,16400.0,CHF,Switzerland,2025-01-28 00:00:00,Watches,2025-01-06,17864.92
Chopard,https://www.chopard.com/fr-ch/watch/278602-3004.html,"https://objects-prod.cdn.chopard.com/q_auto,f_auto,dpr_auto/e_trim/c_lpad,w_iw,h_ih/c_lpad,ar_1:1,w_800,g_center/ProductsAssets/Web/278602-3004_01.png",HAPPY SPORT,278602-3004,16500.0,CHF,Switzerland,2025-01-28 00:00:00,Watches,2025-01-06,17973.86
Chopard,https://www.chopard.com/fr-ch/watch/278559-6026.html,"https://objects-prod.cdn.chopard.com/q_auto,f_auto,dpr_auto/e_trim/c_lpad,w_iw,h_ih/c_lpad,ar_1:1,w_800,g_center/ProductsAssets/Web/278559-6026_01.png",HAPPY SPORT,278559-6026,16600.0,CHF,Switzerland,2025-01-28 00:00:00,Watches,2025-01-06,18082.79
Chopard,https://www.chopard.com/fr-ch/watch/278608-3006.html,"https://objects-prod.cdn.chopard.com/q_auto,f_auto,dpr_auto/e_trim/c_lpad,w_iw,h_ih/c_lpad,ar_1:1,w_800,g_center/ProductsAssets/Web/278608-3006_01.png",HAPPY SPORT,278608-3006,16900.0,CHF,Switzerland,2025-01-28 00:00:00,Watches,2025-01-06,18409.59
Chopard,https://www.chopard.com/fr-ch/watch/278602-6003.html,"https://objects-prod.cdn.chopard.com/q_auto,f_auto,dpr_auto/e_trim/c_lpad,w_iw,h_ih/c_lpad,ar_1:1,w_800,g_center/ProductsAssets/Web/278602-6003_01.png",HAPPY SPORT,278602-6003,17000.0,CHF,Switzerland,2025-01-28 00:00:00,Watches,2025-01-06,18518.52
Chopard,https://www.chopard.com/fr-ch/watch/274808-5001.html,"https://objects-prod.cdn.chopard.com/q_auto,f_auto,dpr_auto/e_trim/c_lpad,w_iw,h_ih/c_lpad,ar_1:1,w_800,g_center/ProductsAssets/Web/274808-5001_01.png",HAPPY SPORT,274808-5001,17100.0,CHF,Switzerland,2025-01-28 00:00:00,Watches,2025-01-06,18627.45
Chopard,https://www.chopard.com/fr-ch/watch/278602-6005.html,"https://objects-prod.cdn.chopard.com/q_auto,f_auto,dpr_auto/e_trim/c_lpad,w_iw,h_ih/c_lpad,ar_1:1,w_800,g_center/ProductsAssets/Web/278602-6005_01.png",HAPPY SPORT,278602-6005,17800.0,CHF,Switzerland,2025-01-28 00:00:00,Watches,2025-01-06,19389.98
Chopard,https://www.chopard.com/fr-ch/watch/278608-6003.html,"https://objects-prod.cdn.chopard.com/q_auto,f_auto,dpr_auto/e_trim/c_lpad,w_iw,h_ih/c_lpad,ar_1:1,w_800,g_center/ProductsAssets/Web/278608-6003_01.png",HAPPY SPORT,278608-6003,18800.0,CHF,Switzerland,2025-01-28 00:00:00,Watches,2025-01-06,20479.3
Chopard,https://www.chopard.com/fr-ch/watch/278608-6012.html,"https://objects-prod.cdn.chopard.com/q_auto,f_auto,dpr_auto/e_trim/c_lpad,w_iw,h_ih/c_lpad,ar_1:1,w_800,g_center/ProductsAssets/Web/278608-6012_01.png",HAPPY SPORT,278608-6012,19300.0,CHF,Switzerland,2025-01-28 00:00:00,Watches,2025-01-06,21023.97
Chopard,https://www.chopard.com/fr-ch/watch/278559-3003.html,"https://objects-prod.cdn.chopard.com/q_auto,f_auto,dpr_auto/e_trim/c_lpad,w_iw,h_ih/c_lpad,ar_1:1,w_800,g_center/ProductsAssets/Web/278559-3003_01.png",HAPPY SPORT,278559-3003,19600.0,CHF,Switzerland,2025-01-28 00:00:00,Watches,2025-01-06,21350.76
Chopard,https://www.chopard.com/fr-ch/watch/278559-6003.html,"https://objects-prod.cdn.chopard.com/q_auto,f_auto,dpr_auto/e_trim/c_lpad,w_iw,h_ih/c_lpad,ar_1:1,w_800,g_center/ProductsAssets/Web/278559-6003_01.png",HAPPY SPORT,278559-6003,22000.0,CHF,Switzerland,2025-01-28 00:00:00,Watches,2025-01-06,23965.14
Chopard,https://www.chopard.com/fr-ch/watch/274893-5012.html,"https://objects-prod.cdn.chopard.com/q_auto,f_auto,dpr_auto/e_trim/c_lpad,w_iw,h_ih/c_lpad,ar_1:1,w_800,g_center/ProductsAssets/Web/274893-5012_01.png",HAPPY SPORT,274893-5012,22500.0,CHF,Switzerland,2025-01-28 00:00:00,Watches,2025-01-06,24509.8
Chopard,https://www.chopard.com/fr-ch/watch/274893-5016.html,"https://objects-prod.cdn.chopard.com/q_auto,f_auto,dpr_auto/e_trim/c_lpad,w_iw,h_ih/c_lpad,ar_1:1,w_800,g_center/ProductsAssets/Web/274893-5016_01.png",HAPPY SPORT,274893-5016,23000.0,CHF,Switzerland,2025-01-28 00:00:00,Watches,2025-01-06,25054.47
Chopard,https://www.chopard.com/fr-ch/watch/278608-6004.html,"https://objects-prod.cdn.chopard.com/q_auto,f_auto,dpr_auto/e_trim/c_lpad,w_iw,h_ih/c_lpad,ar_1:1,w_800,g_center/ProductsAssets/Web/278608-6004_01.png",HAPPY SPORT,278608-6004,23300.0,CHF,Switzerland,2025-01-28 00:00:00,Watches,2025-01-06,25381.26
Chopard,https://www.chopard.com/fr-ch/watch/278602-6004.html,"https://objects-prod.cdn.chopard.com/q_auto,f_auto,dpr_auto/e_trim/c_lpad,w_iw,h_ih/c_lpad,ar_1:1,w_800,g_center/ProductsAssets/Web/278602-6004_01.png",HAPPY SPORT,278602-6004,23400.0,CHF,Switzerland,2025-01-28 00:00:00,Watches,2025-01-06,25490.2
Chopard,https://www.chopard.com/fr-ch/watch/275378-5003.html,"https://objects-prod.cdn.chopard.com/q_auto,f_auto,dpr_auto/e_trim/c_lpad,w_iw,h_ih/c_lpad,ar_1:1,w_800,g_center/ProductsAssets/Web/275378-5003_01.png",HAPPY SPORT,275378-5003,24600.0,CHF,Switzerland,2025-01-28 00:00:00,Watches,2025-01-06,26797.39
Chopard,https://www.chopard.com/fr-ch/watch/275362-5002.html,"https://objects-prod.cdn.chopard.com/q_auto,f_auto,dpr_auto/e_trim/c_lpad,w_iw,h_ih/c_lpad,ar_1:1,w_800,g_center/ProductsAssets/Web/275362-5002_01.png",HAPPY SPORT,275362-5002,25600.0,CHF,Switzerland,2025-01-28 00:00:00,Watches,2025-01-06,27886.71
Chopard,https://www.chopard.com/fr-ch/watch/278559-6025.html,"https://objects-prod.cdn.chopard.com/q_auto,f_auto,dpr_auto/e_trim/c_lpad,w_iw,h_ih/c_lpad,ar_1:1,w_800,g_center/ProductsAssets/Web/278559-6025_01.png",HAPPY SPORT,278559-6025,27700.0,CHF,Switzerland,2025-01-28 00:00:00,Watches,2025-01-06,30174.29
Chopard,https://www.chopard.com/fr-ch/watch/274808-5003.html,"https://objects-prod.cdn.chopard.com/q_auto,f_auto,dpr_auto/e_trim/c_lpad,w_iw,h_ih/c_lpad,ar_1:1,w_800,g_center/ProductsAssets/Web/274808-5003_01.png",HAPPY SPORT,274808-5003,28400.0,CHF,Switzerland,2025-01-28 00:00:00,Watches,2025-01-06,30936.82
Chopard,https://www.chopard.com/fr-ch/watch/274808-5006.html,"https://objects-prod.cdn.chopard.com/q_auto,f_auto,dpr_auto/e_trim/c_lpad,w_iw,h_ih/c_lpad,ar_1:1,w_800,g_center/ProductsAssets/Web/274808-5006_01.png",HAPPY SPORT,274808-5006,28600.0,CHF,Switzerland,2025-01-28 00:00:00,Watches,2025-01-06,31154.68
Chopard,https://www.chopard.com/fr-ch/watch/275362-5005.html,"https://objects-prod.cdn.chopard.com/q_auto,f_auto,dpr_auto/e_trim/c_lpad,w_iw,h_ih/c_lpad,ar_1:1,w_800,g_center/ProductsAssets/Web/275362-5005_01.png",HAPPY SPORT,275362-5005,37500.0,CHF,Switzerland,2025-01-28 00:00:00,Watches,2025-01-06,40849.67
Chopard,https://www.chopard.com/fr-ch/watch/275378-5004.html,"https://objects-prod.cdn.chopard.com/q_auto,f_auto,dpr_auto/e_trim/c_lpad,w_iw,h_ih/c_lpad,ar_1:1,w_800,g_center/ProductsAssets/Web/275378-5004_01.png",HAPPY SPORT,275378-5004,39900.0,CHF,Switzerland,2025-01-28 00:00:00,Watches,2025-01-06,43464.05
Chopard,https://www.chopard.com/fr-ch/watch/275372-1001.html,"https://objects-prod.cdn.chopard.com/q_auto,f_auto,dpr_auto/e_trim/c_lpad,w_iw,h_ih/c_lpad,ar_1:1,w_800,g_center/ProductsAssets/Web/275372-1001_01.png",HAPPY SPORT,275372-1001,56400.0,CHF,Switzerland,2025-01-28 00:00:00,Watches,2025-01-06,61437.91
Chopard,https://www.chopard.com/fr-ch/watch/275378-1002.html,"https://objects-prod.cdn.chopard.com/q_auto,f_auto,dpr_auto/e_trim/c_lpad,w_iw,h_ih/c_lpad,ar_1:1,w_800,g_center/ProductsAssets/Web/275378-1002_01.png",HAPPY SPORT,275378-1002,65000.0,CHF,Switzerland,2025-01-28 00:00:00,Watches,2025-01-06,70806.1
Chopard,https://www.chopard.com/fr-ch/watch/274809-1001.html,"https://objects-prod.cdn.chopard.com/q_auto,f_auto,dpr_auto/e_trim/c_lpad,w_iw,h_ih/c_lpad,ar_1:1,w_800,g_center/ProductsAssets/Web/274809-1001_01.png",HAPPY SPORT,274809-1001,95800.0,CHF,Switzerland,2025-01-28 00:00:00,Watches,2025-01-06,104357.3
Chopard,https://www.chopard.com/fr-ch/watch/388563-6005.html,"https://objects-prod.cdn.chopard.com/q_auto,f_auto,dpr_auto/e_trim/c_lpad,w_iw,h_ih/c_lpad,ar_1:1,w_800,g_center/ProductsAssets/Web/388563-6005_01.png",IMPERIALE,388563-6005,6750.0,CHF,Switzerland,2025-01-28 00:00:00,Watches,2025-01-06,7352.94
Chopard,https://www.chopard.com/fr-ch/watch/388563-3006.html,"https://objects-prod.cdn.chopard.com/q_auto,f_auto,dpr_auto/e_trim/c_lpad,w_iw,h_ih/c_lpad,ar_1:1,w_800,g_center/ProductsAssets/Web/388563-3006_01.png",IMPERIALE,388563-3006,6790.0,CHF,Switzerland,2025-01-28 00:00:00,Watches,2025-01-06,7396.51
Chopard,https://www.chopard.com/fr-ch/watch/388563-6013.html,"https://objects-prod.cdn.chopard.com/q_auto,f_auto,dpr_auto/e_trim/c_lpad,w_iw,h_ih/c_lpad,ar_1:1,w_800,g_center/ProductsAssets/Web/388563-6013_01.png",IMPERIALE,388563-6013,7290.0,CHF,Switzerland,2025-01-28 00:00:00,Watches,2025-01-06,7941.18
Chopard,https://www.chopard.com/fr-ch/watch/388563-6006.html,"https://objects-prod.cdn.chopard.com/q_auto,f_auto,dpr_auto/e_trim/c_lpad,w_iw,h_ih/c_lpad,ar_1:1,w_800,g_center/ProductsAssets/Web/388563-6006_01.png",IMPERIALE,388563-6006,9880.0,CHF,Switzerland,2025-01-28 00:00:00,Watches,2025-01-06,10762.53
Chopard,https://www.chopard.com/fr-ch/watch/388563-6014.html,"https://objects-prod.cdn.chopard.com/q_auto,f_auto,dpr_auto/e_trim/c_lpad,w_iw,h_ih/c_lpad,ar_1:1,w_800,g_center/ProductsAssets/Web/388563-6014_01.png",IMPERIALE,388563-6014,10600.0,CHF,Switzerland,2025-01-28 00:00:00,Watches,2025-01-06,11546.84
Chopard,https://www.chopard.com/fr-ch/watch/388563-3007.html,"https://objects-prod.cdn.chopard.com/q_auto,f_auto,dpr_auto/e_trim/c_lpad,w_iw,h_ih/c_lpad,ar_1:1,w_800,g_center/ProductsAssets/Web/388563-3007_01.png",IMPERIALE,388563-3007,10600.0,CHF,Switzerland,2025-01-28 00:00:00,Watches,2025-01-06,11546.84
Chopard,https://www.chopard.com/fr-ch/watch/388563-6007.html,"https://objects-prod.cdn.chopard.com/q_auto,f_auto,dpr_auto/e_trim/c_lpad,w_iw,h_ih/c_lpad,ar_1:1,w_800,g_center/ProductsAssets/Web/388563-6007_01.png",IMPERIALE,388563-6007,11900.0,CHF,Switzerland,2025-01-28 00:00:00,Watches,2025-01-06,12962.96
Chopard,https://www.chopard.com/fr-ch/watch/384319-5009.html,"https://objects-prod.cdn.chopard.com/q_auto,f_auto,dpr_auto/e_trim/c_lpad,w_iw,h_ih/c_lpad,ar_1:1,w_800,g_center/ProductsAssets/Web/384319-5009_01.png",IMPERIALE,384319-5009,12300.0,CHF,Switzerland,2025-01-28 00:00:00,Watches,2025-01-06,13398.69
Chopard,https://www.chopard.com/fr-ch/watch/388563-6008.html,"https://objects-prod.cdn.chopard.com/q_auto,f_auto,dpr_auto/e_trim/c_lpad,w_iw,h_ih/c_lpad,ar_1:1,w_800,g_center/ProductsAssets/Web/388563-6008_01.png",IMPERIALE,388563-6008,15000.0,CHF,Switzerland,2025-01-28 00:00:00,Watches,2025-01-06,16339.87
Chopard,https://www.chopard.com/fr-ch/watch/384319-5007.html,"https://objects-prod.cdn.chopard.com/q_auto,f_auto,dpr_auto/e_trim/c_lpad,w_iw,h_ih/c_lpad,ar_1:1,w_800,g_center/ProductsAssets/Web/384319-5007_01.png",IMPERIALE,384319-5007,20200.0,CHF,Switzerland,2025-01-28 00:00:00,Watches,2025-01-06,22004.36
Chopard,https://www.chopard.com/fr-ch/watch/384319-5010.html,"https://objects-prod.cdn.chopard.com/q_auto,f_auto,dpr_auto/e_trim/c_lpad,w_iw,h_ih/c_lpad,ar_1:1,w_800,g_center/ProductsAssets/Web/384319-5010_01.png",IMPERIALE,384319-5010,20800.0,CHF,Switzerland,2025-01-28 00:00:00,Watches,2025-01-06,22657.95
Chopard,https://www.chopard.com/fr-ch/watch/384246-1001.html,"https://objects-prod.cdn.chopard.com/q_auto,f_auto,dpr_auto/e_trim/c_lpad,w_iw,h_ih/c_lpad,ar_1:1,w_800,g_center/ProductsAssets/Web/384246-1001_01.png",IMPERIALE,384246-1001,57100.0,CHF,Switzerland,2025-01-28 00:00:00,Watches,2025-01-06,62200.44
Chopard,https://www.chopard.com/fr-ch/watch/384246-1002.html,"https://objects-prod.cdn.chopard.com/q_auto,f_auto,dpr_auto/e_trim/c_lpad,w_iw,h_ih/c_lpad,ar_1:1,w_800,g_center/ProductsAssets/Web/384246-1002_01.png",IMPERIALE,384246-1002,66100.0,CHF,Switzerland,2025-01-28 00:00:00,Watches,2025-01-06,72004.36
Chopard,https://www.chopard.com/fr-ch/watch/385388-5001.html,"https://objects-prod.cdn.chopard.com/q_auto,f_auto,dpr_auto/e_trim/c_lpad,w_iw,h_ih/c_lpad,ar_1:1,w_800,g_center/ProductsAssets/Web/385388-5001_01.png",IMPERIALE,385388-5001,89300.0,CHF,Switzerland,2025-01-28 00:00:00,Watches,2025-01-06,97276.69
Chopard,https://www.chopard.com/fr-ch/watch/168629-3001.html,"https://objects-prod.cdn.chopard.com/q_auto,f_auto,dpr_auto/e_trim/c_lpad,w_iw,h_ih/c_lpad,ar_1:1,w_800,g_center/ProductsAssets/Web/168629-3001_01.png",L.U.C,168629-3001,11200.0,CHF,Switzerland,2025-01-28 00:00:00,Watches,2025-01-06,12200.44
Chopard,https://www.chopard.com/fr-ch/watch/168579-3004.html,"https://objects-prod.cdn.chopard.com/q_auto,f_auto,dpr_auto/e_trim/c_lpad,w_iw,h_ih/c_lpad,ar_1:1,w_800,g_center/ProductsAssets/Web/168579-3004_01.png",L.U.C,168579-3004,12400.0,CHF,Switzerland,2025-01-28 00:00:00,Watches,2025-01-06,13507.63
Chopard,https://www.chopard.com/fr-ch/watch/168574-3008.html,"https://objects-prod.cdn.chopard.com/q_auto,f_auto,dpr_auto/e_trim/c_lpad,w_iw,h_ih/c_lpad,ar_1:1,w_800,g_center/ProductsAssets/Web/168574-3008_01.png",L.U.C,168574-3008,16700.0,CHF,Switzerland,2025-01-28 00:00:00,Watches,2025-01-06,18191.72
Chopard,https://www.chopard.com/fr-ch/watch/161948-5001.html,"https://objects-prod.cdn.chopard.com/q_auto,f_auto,dpr_auto/e_trim/c_lpad,w_iw,h_ih/c_lpad,ar_1:1,w_800,g_center/ProductsAssets/Web/161948-5001_01.png",L.U.C,161948-5001,18000.0,CHF,Switzerland,2025-01-28 00:00:00,Watches,2025-01-06,19607.84
Chopard,https://www.chopard.com/fr-ch/watch/161948-1001.html,"https://objects-prod.cdn.chopard.com/q_auto,f_auto,dpr_auto/e_trim/c_lpad,w_iw,h_ih/c_lpad,ar_1:1,w_800,g_center/ProductsAssets/Web/161948-1001_01.png",L.U.C,161948-1001,18000.0,CHF,Switzerland,2025-01-28 00:00:00,Watches,2025-01-06,19607.84
Chopard,https://www.chopard.com/fr-ch/watch/168631-3001.html,"https://objects-prod.cdn.chopard.com/q_auto,f_auto,dpr_auto/e_trim/c_lpad,w_iw,h_ih/c_lpad,ar_1:1,w_800,g_center/ProductsAssets/Web/168631-3001_01.png",L.U.C,168631-3001,19300.0,CHF,Switzerland,2025-01-28 00:00:00,Watches,2025-01-06,21023.97
Chopard,https://www.chopard.com/fr-ch/watch/161945-1001.html,"https://objects-prod.cdn.chopard.com/q_auto,f_auto,dpr_auto/e_trim/c_lpad,w_iw,h_ih/c_lpad,ar_1:1,w_800,g_center/ProductsAssets/Web/161945-1001_01.png",L.U.C,161945-1001,21700.0,CHF,Switzerland,2025-01-28 00:00:00,Watches,2025-01-06,23638.34
Chopard,https://www.chopard.com/fr-ch/watch/161943-5001.html,"https://objects-prod.cdn.chopard.com/q_auto,f_auto,dpr_auto/e_trim/c_lpad,w_iw,h_ih/c_lpad,ar_1:1,w_800,g_center/ProductsAssets/Web/161943-5001_01.png",L.U.C,161943-5001,22200.0,CHF,Switzerland,2025-01-28 00:00:00,Watches,2025-01-06,24183.01
Chopard,https://www.chopard.com/fr-ch/watch/168860-3003.html,"https://objects-prod.cdn.chopard.com/q_auto,f_auto,dpr_auto/e_trim/c_lpad,w_iw,h_ih/c_lpad,ar_1:1,w_800,g_center/ProductsAssets/Web/168860-3003_01.png",L.U.C,168860-3003,23900.0,CHF,Switzerland,2025-01-28 00:00:00,Watches,2025-01-06,26034.86
Chopard,https://www.chopard.com/fr-ch/watch/168561-3003.html,"https://objects-prod.cdn.chopard.com/q_auto,f_auto,dpr_auto/e_trim/c_lpad,w_iw,h_ih/c_lpad,ar_1:1,w_800,g_center/ProductsAssets/Web/168561-3003_01.png",L.U.C,168561-3003,26400.0,CHF,Switzerland,2025-01-28 00:00:00,Watches,2025-01-06,28758.17
Chopard,https://www.chopard.com/fr-ch/watch/162296-5001.html,"https://objects-prod.cdn.chopard.com/q_auto,f_auto,dpr_auto/e_trim/c_lpad,w_iw,h_ih/c_lpad,ar_1:1,w_800,g_center/ProductsAssets/Web/162296-5001_01.png",L.U.C,162296-5001,26400.0,CHF,Switzerland,2025-01-28 00:00:00,Watches,2025-01-06,28758.17
Chopard,https://www.chopard.com/fr-ch/watch/161942-5001.html,"https://objects-prod.cdn.chopard.com/q_auto,f_auto,dpr_auto/e_trim/c_lpad,w_iw,h_ih/c_lpad,ar_1:1,w_800,g_center/ProductsAssets/Web/161942-5001_01.png",L.U.C,161942-5001,26700.0,CHF,Switzerland,2025-01-28 00:00:00,Watches,2025-01-06,29084.97
Chopard,https://www.chopard.com/fr-ch/watch/161902-5079.html,"https://objects-prod.cdn.chopard.com/q_auto,f_auto,dpr_auto/e_trim/c_lpad,w_iw,h_ih/c_lpad,ar_1:1,w_800,g_center/ProductsAssets/Web/161902-5079_01.png",L.U.C,161902-5079,26700.0,CHF,Switzerland,2025-01-28 00:00:00,Watches,2025-01-06,29084.97
Chopard,https://www.chopard.com/fr-ch/watch/168556-3002.html,"https://objects-prod.cdn.chopard.com/q_auto,f_auto,dpr_auto/e_trim/c_lpad,w_iw,h_ih/c_lpad,ar_1:1,w_800,g_center/ProductsAssets/Web/168556-3002_01.png",L.U.C,168556-3002,32300.0,CHF,Switzerland,2025-01-28 00:00:00,Watches,2025-01-06,35185.19
Chopard,https://www.chopard.com/fr-ch/watch/161242-0001.html,"https://objects-prod.cdn.chopard.com/q_auto,f_auto,dpr_auto/e_trim/c_lpad,w_iw,h_ih/c_lpad,ar_1:1,w_800,g_center/ProductsAssets/Web/161242-0001_01.png",L.U.C,161242-0001,34300.0,CHF,Switzerland,2025-01-28 00:00:00,Watches,2025-01-06,37363.83
Chopard,https://www.chopard.com/fr-ch/watch/161942-9001.html,"https://objects-prod.cdn.chopard.com/q_auto,f_auto,dpr_auto/e_trim/c_lpad,w_iw,h_ih/c_lpad,ar_1:1,w_800,g_center/ProductsAssets/Web/161942-9001_01.png",L.U.C,161942-9001,41800.0,CHF,Switzerland,2025-01-28 00:00:00,Watches,2025-01-06,45533.77
Chopard,https://www.chopard.com/fr-ch/watch/161980-5001.html,"https://objects-prod.cdn.chopard.com/q_auto,f_auto,dpr_auto/e_trim/c_lpad,w_iw,h_ih/c_lpad,ar_1:1,w_800,g_center/ProductsAssets/Web/161980-5001_01.png",L.U.C,161980-5001,41900.0,CHF,Switzerland,2025-01-28 00:00:00,Watches,2025-01-06,45642.7
Chopard,https://www.chopard.com/fr-ch/watch/172296-1001.html,"https://objects-prod.cdn.chopard.com/q_auto,f_auto,dpr_auto/e_trim/c_lpad,w_iw,h_ih/c_lpad,ar_1:1,w_800,g_center/ProductsAssets/Web/172296-1001_01.png",L.U.C,172296-1001,47100.0,CHF,Switzerland,2025-01-28 00:00:00,Watches,2025-01-06,51307.19
Chopard,https://www.chopard.com/fr-ch/watch/161977-1001.html,"https://objects-prod.cdn.chopard.com/q_auto,f_auto,dpr_auto/e_trim/c_lpad,w_iw,h_ih/c_lpad,ar_1:1,w_800,g_center/ProductsAssets/Web/161977-1001_01.png",L.U.C,161977-1001,47700.0,CHF,Switzerland,2025-01-28 00:00:00,Watches,2025-01-06,51960.78
Chopard,https://www.chopard.com/fr-ch/watch/161977-5001.html,"https://objects-prod.cdn.chopard.com/q_auto,f_auto,dpr_auto/e_trim/c_lpad,w_iw,h_ih/c_lpad,ar_1:1,w_800,g_center/ProductsAssets/Web/161977-5001_01.png",L.U.C,161977-5001,47700.0,CHF,Switzerland,2025-01-28 00:00:00,Watches,2025-01-06,51960.78
Chopard,https://www.chopard.com/fr-ch/watch/161976-5003.html,"https://objects-prod.cdn.chopard.com/q_auto,f_auto,dpr_auto/e_trim/c_lpad,w_iw,h_ih/c_lpad,ar_1:1,w_800,g_center/ProductsAssets/Web/161976-5003_01.png",L.U.C,161976-5003,53100.0,CHF,Switzerland,2025-01-28 00:00:00,Watches,2025-01-06,57843.14
Chopard,https://www.chopard.com/fr-ch/watch/161949-1001.html,"https://objects-prod.cdn.chopard.com/q_auto,f_auto,dpr_auto/e_trim/c_lpad,w_iw,h_ih/c_lpad,ar_1:1,w_800,g_center/ProductsAssets/Web/161949-1001_01.png",L.U.C,161949-1001,65300.0,CHF,Switzerland,2025-01-28 00:00:00,Watches,2025-01-06,71132.9
Chopard,https://www.chopard.com/fr-ch/watch/168611-3001.html,"https://objects-prod.cdn.chopard.com/q_auto,f_auto,dpr_auto/e_trim/c_lpad,w_iw,h_ih/c_lpad,ar_1:1,w_800,g_center/ProductsAssets/Web/168611-3001_01.png",L.U.C,168611-3001,79900.0,CHF,Switzerland,2025-01-28 00:00:00,Watches,2025-01-06,87037.04
Chopard,https://www.chopard.com/fr-ch/watch/10A178-1301.html,"https://objects-prod.cdn.chopard.com/q_auto,f_auto,dpr_auto/e_trim/c_lpad,w_iw,h_ih/c_lpad,ar_1:1,w_800,g_center/ProductsAssets/Web/10A178-1301_01.png",L'HEURE DU DIAMANT,10A178-1301,43000.0,CHF,Switzerland,2025-01-28 00:00:00,Watches,2025-01-06,46840.96
Chopard,https://www.chopard.com/fr-ch/watch/10A178-5301.html,"https://objects-prod.cdn.chopard.com/q_auto,f_auto,dpr_auto/e_trim/c_lpad,w_iw,h_ih/c_lpad,ar_1:1,w_800,g_center/ProductsAssets/Web/10A178-5301_01.png",L'HEURE DU DIAMANT,10A178-5301,43000.0,CHF,Switzerland,2025-01-28 00:00:00,Watches,2025-01-06,46840.96
Chopard,https://www.chopard.com/fr-ch/watch/10A178-1314.html,"https://objects-prod.cdn.chopard.com/q_auto,f_auto,dpr_auto/e_trim/c_lpad,w_iw,h_ih/c_lpad,ar_1:1,w_800,g_center/ProductsAssets/Web/10A178-1314_01.png",L'HEURE DU DIAMANT,10A178-1314,44900.0,CHF,Switzerland,2025-01-28 00:00:00,Watches,2025-01-06,48910.68
Chopard,https://www.chopard.com/fr-ch/watch/13A387-1115.html,"https://objects-prod.cdn.chopard.com/q_auto,f_auto,dpr_auto/e_trim/c_lpad,w_iw,h_ih/c_lpad,ar_1:1,w_800,g_center/ProductsAssets/Web/13A387-1115_01.png",L'HEURE DU DIAMANT,13A387-1115,48100.0,CHF,Switzerland,2025-01-28 00:00:00,Watches,2025-01-06,52396.51
Chopard,https://www.chopard.com/fr-ch/watch/13A097-1111.html,"https://objects-prod.cdn.chopard.com/q_auto,f_auto,dpr_auto/e_trim/c_lpad,w_iw,h_ih/c_lpad,ar_1:1,w_800,g_center/ProductsAssets/Web/13A097-1111_01.png",L'HEURE DU DIAMANT,13A097-1111,52600.0,CHF,Switzerland,2025-01-28 00:00:00,Watches,2025-01-06,57298.47
Chopard,https://www.chopard.com/fr-ch/watch/10A178-5321.html,"https://objects-prod.cdn.chopard.com/q_auto,f_auto,dpr_auto/e_trim/c_lpad,w_iw,h_ih/c_lpad,ar_1:1,w_800,g_center/ProductsAssets/Web/10A178-5321_01.png",L'HEURE DU DIAMANT,10A178-5321,53100.0,CHF,Switzerland,2025-01-28 00:00:00,Watches,2025-01-06,57843.14
Chopard,https://www.chopard.com/fr-ch/watch/13A097-1112.html,"https://objects-prod.cdn.chopard.com/q_auto,f_auto,dpr_auto/e_trim/c_lpad,w_iw,h_ih/c_lpad,ar_1:1,w_800,g_center/ProductsAssets/Web/13A097-1112_01.png",L'HEURE DU DIAMANT,13A097-1112,53300.0,CHF,Switzerland,2025-01-28 00:00:00,Watches,2025-01-06,58061.0
Chopard,https://www.chopard.com/fr-ch/watch/13A419-1601.html,"https://objects-prod.cdn.chopard.com/q_auto,f_auto,dpr_auto/e_trim/c_lpad,w_iw,h_ih/c_lpad,ar_1:1,w_800,g_center/ProductsAssets/Web/13A419-1601_01.png",L'HEURE DU DIAMANT,13A419-1601,59600.0,CHF,Switzerland,2025-01-28 00:00:00,Watches,2025-01-06,64923.75
Chopard,https://www.chopard.com/fr-ch/watch/13A393-5106.html,"https://objects-prod.cdn.chopard.com/q_auto,f_auto,dpr_auto/e_trim/c_lpad,w_iw,h_ih/c_lpad,ar_1:1,w_800,g_center/ProductsAssets/Web/13A393-5106_01.png",L'HEURE DU DIAMANT,13A393-5106,64600.0,CHF,Switzerland,2025-01-28 00:00:00,Watches,2025-01-06,70370.37
Chopard,https://www.chopard.com/fr-ch/watch/13A393-1106.html,"https://objects-prod.cdn.chopard.com/q_auto,f_auto,dpr_auto/e_trim/c_lpad,w_iw,h_ih/c_lpad,ar_1:1,w_800,g_center/ProductsAssets/Web/13A393-1106_01.png",L'HEURE DU DIAMANT,13A393-1106,64600.0,CHF,Switzerland,2025-01-28 00:00:00,Watches,2025-01-06,70370.37
Chopard,https://www.chopard.com/fr-ch/watch/10A384-5111.html,"https://objects-prod.cdn.chopard.com/q_auto,f_auto,dpr_auto/e_trim/c_lpad,w_iw,h_ih/c_lpad,ar_1:1,w_800,g_center/ProductsAssets/Web/10A384-5111_01.png",L'HEURE DU DIAMANT,10A384-5111,65400.0,CHF,Switzerland,2025-01-28 00:00:00,Watches,2025-01-06,71241.83
Chopard,https://www.chopard.com/fr-ch/watch/10A386-5111.html,"https://objects-prod.cdn.chopard.com/q_auto,f_auto,dpr_auto/e_trim/c_lpad,w_iw,h_ih/c_lpad,ar_1:1,w_800,g_center/ProductsAssets/Web/10A386-5111_01.png",L'HEURE DU DIAMANT,10A386-5111,68700.0,CHF,Switzerland,2025-01-28 00:00:00,Watches,2025-01-06,74836.6
Chopard,https://www.chopard.com/fr-ch/watch/%4010A391-1300.html,"https://objects-prod.cdn.chopard.com/q_auto,f_auto,dpr_auto/e_trim/c_lpad,w_iw,h_ih/c_lpad,ar_1:1,w_800,g_center/ProductsAssets/Web/@10A391-1300_01.png",L'HEURE DU DIAMANT,10A391-1300,69100.0,CHF,Switzerland,2025-01-28 00:00:00,Watches,2025-01-06,75272.33
Chopard,https://www.chopard.com/fr-ch/watch/%4010A391-5300.html,"https://objects-prod.cdn.chopard.com/q_auto,f_auto,dpr_auto/e_trim/c_lpad,w_iw,h_ih/c_lpad,ar_1:1,w_800,g_center/ProductsAssets/Web/@10A391-5300_01.png",L'HEURE DU DIAMANT,10A391-5300,69100.0,CHF,Switzerland,2025-01-28 00:00:00,Watches,2025-01-06,75272.33
Chopard,https://www.chopard.com/fr-ch/watch/%4010A391-5100.html,"https://objects-prod.cdn.chopard.com/q_auto,f_auto,dpr_auto/e_trim/c_lpad,w_iw,h_ih/c_lpad,ar_1:1,w_800,g_center/ProductsAssets/Web/@10A391-5100_01.png",L'HEURE DU DIAMANT,10A391-5100,69100.0,CHF,Switzerland,2025-01-28 00:00:00,Watches,2025-01-06,75272.33
Chopard,https://www.chopard.com/fr-ch/watch/%4010A391-1100.html,"https://objects-prod.cdn.chopard.com/q_auto,f_auto,dpr_auto/e_trim/c_lpad,w_iw,h_ih/c_lpad,ar_1:1,w_800,g_center/ProductsAssets/Web/@10A391-1100_01.png",L'HEURE DU DIAMANT,10A391-1100,69100.0,CHF,Switzerland,2025-01-28 00:00:00,Watches,2025-01-06,75272.33
Chopard,https://www.chopard.com/fr-ch/watch/10A326-5106.html,"https://objects-prod.cdn.chopard.com/q_auto,f_auto,dpr_auto/e_trim/c_lpad,w_iw,h_ih/c_lpad,ar_1:1,w_800,g_center/ProductsAssets/Web/10A326-5106_01.png",L'HEURE DU DIAMANT,10A326-5106,70200.0,CHF,Switzerland,2025-01-28 00:00:00,Watches,2025-01-06,76470.59
Chopard,https://www.chopard.com/fr-ch/watch/10A326-1106.html,"https://objects-prod.cdn.chopard.com/q_auto,f_auto,dpr_auto/e_trim/c_lpad,w_iw,h_ih/c_lpad,ar_1:1,w_800,g_center/ProductsAssets/Web/10A326-1106_01.png",L'HEURE DU DIAMANT,10A326-1106,70200.0,CHF,Switzerland,2025-01-28 00:00:00,Watches,2025-01-06,76470.59
Chopard,https://www.chopard.com/fr-ch/watch/10A097-1404.html,"https://objects-prod.cdn.chopard.com/q_auto,f_auto,dpr_auto/e_trim/c_lpad,w_iw,h_ih/c_lpad,ar_1:1,w_800,g_center/ProductsAssets/Web/10A097-1404_01.png",L'HEURE DU DIAMANT,10A097-1404,70900.0,CHF,Switzerland,2025-01-28 00:00:00,Watches,2025-01-06,77233.12
Chopard,https://www.chopard.com/fr-ch/watch/10A097-5404.html,"https://objects-prod.cdn.chopard.com/q_auto,f_auto,dpr_auto/e_trim/c_lpad,w_iw,h_ih/c_lpad,ar_1:1,w_800,g_center/ProductsAssets/Web/10A097-5404_01.png",L'HEURE DU DIAMANT,10A097-5404,70900.0,CHF,Switzerland,2025-01-28 00:00:00,Watches,2025-01-06,77233.12
Chopard,https://www.chopard.com/fr-ch/watch/10A419-5623.html,"https://objects-prod.cdn.chopard.com/q_auto,f_auto,dpr_auto/e_trim/c_lpad,w_iw,h_ih/c_lpad,ar_1:1,w_800,g_center/ProductsAssets/Web/10A419-5623_01.png",L'HEURE DU DIAMANT,10A419-5623,75400.0,CHF,Switzerland,2025-01-28 00:00:00,Watches,2025-01-06,82135.08
Chopard,https://www.chopard.com/fr-ch/watch/10A386-1106.html,"https://objects-prod.cdn.chopard.com/q_auto,f_auto,dpr_auto/e_trim/c_lpad,w_iw,h_ih/c_lpad,ar_1:1,w_800,g_center/ProductsAssets/Web/10A386-1106_01.png",L'HEURE DU DIAMANT,10A386-1106,76400.0,CHF,Switzerland,2025-01-28 00:00:00,Watches,2025-01-06,83224.4
Chopard,https://www.chopard.com/fr-ch/watch/139383-5223.html,"https://objects-prod.cdn.chopard.com/q_auto,f_auto,dpr_auto/e_trim/c_lpad,w_iw,h_ih/c_lpad,ar_1:1,w_800,g_center/ProductsAssets/Web/139383-5223_01.png",L'HEURE DU DIAMANT,139383-5223,77300.0,CHF,Switzerland,2025-01-28 00:00:00,Watches,2025-01-06,84204.79
Chopard,https://www.chopard.com/fr-ch/watch/139383-1223.html,"https://objects-prod.cdn.chopard.com/q_auto,f_auto,dpr_auto/e_trim/c_lpad,w_iw,h_ih/c_lpad,ar_1:1,w_800,g_center/ProductsAssets/Web/139383-1223_01.png",L'HEURE DU DIAMANT,139383-1223,77300.0,CHF,Switzerland,2025-01-28 00:00:00,Watches,2025-01-06,84204.79
Chopard,https://www.chopard.com/fr-ch/watch/10A386-5107.html,"https://objects-prod.cdn.chopard.com/q_auto,f_auto,dpr_auto/e_trim/c_lpad,w_iw,h_ih/c_lpad,ar_1:1,w_800,g_center/ProductsAssets/Web/10A386-5107_01.png",L'HEURE DU DIAMANT,10A386-5107,79400.0,CHF,Switzerland,2025-01-28 00:00:00,Watches,2025-01-06,86492.37
Chopard,https://www.chopard.com/fr-ch/watch/10A393-5106.html,"https://objects-prod.cdn.chopard.com/q_auto,f_auto,dpr_auto/e_trim/c_lpad,w_iw,h_ih/c_lpad,ar_1:1,w_800,g_center/ProductsAssets/Web/10A393-5106_01.png",L'HEURE DU DIAMANT,10A393-5106,81200.0,CHF,Switzerland,2025-01-28 00:00:00,Watches,2025-01-06,88453.16
Chopard,https://www.chopard.com/fr-ch/watch/10A393-1106.html,"https://objects-prod.cdn.chopard.com/q_auto,f_auto,dpr_auto/e_trim/c_lpad,w_iw,h_ih/c_lpad,ar_1:1,w_800,g_center/ProductsAssets/Web/10A393-1106_01.png",L'HEURE DU DIAMANT,10A393-1106,81200.0,CHF,Switzerland,2025-01-28 00:00:00,Watches,2025-01-06,88453.16
Chopard,https://www.chopard.com/fr-ch/watch/%4013A390-5100.html,"https://objects-prod.cdn.chopard.com/q_auto,f_auto,dpr_auto/e_trim/c_lpad,w_iw,h_ih/c_lpad,ar_1:1,w_800,g_center/ProductsAssets/Web/@13A390-5100_01.png",L'HEURE DU DIAMANT,13A390-5100,83100.0,CHF,Switzerland,2025-01-28 00:00:00,Watches,2025-01-06,90522.88
Chopard,https://www.chopard.com/fr-ch/watch/%4013A390-1100.html,"https://objects-prod.cdn.chopard.com/q_auto,f_auto,dpr_auto/e_trim/c_lpad,w_iw,h_ih/c_lpad,ar_1:1,w_800,g_center/ProductsAssets/Web/@13A390-1100_01.png",L'HEURE DU DIAMANT,13A390-1100,83100.0,CHF,Switzerland,2025-01-28 00:00:00,Watches,2025-01-06,90522.88
Chopard,https://www.chopard.com/fr-ch/watch/139419-1601.html,"https://objects-prod.cdn.chopard.com/q_auto,f_auto,dpr_auto/e_trim/c_lpad,w_iw,h_ih/c_lpad,ar_1:1,w_800,g_center/ProductsAssets/Web/139419-1601_01.png",L'HEURE DU DIAMANT,139419-1601,88800.0,CHF,Switzerland,2025-01-28 00:00:00,Watches,2025-01-06,96732.03
Chopard,https://www.chopard.com/fr-ch/watch/139383-1201.html,"https://objects-prod.cdn.chopard.com/q_auto,f_auto,dpr_auto/e_trim/c_lpad,w_iw,h_ih/c_lpad,ar_1:1,w_800,g_center/ProductsAssets/Web/139383-1201_01.png",L'HEURE DU DIAMANT,139383-1201,94600.0,CHF,Switzerland,2025-01-28 00:00:00,Watches,2025-01-06,103050.11
Chopard,https://www.chopard.com/fr-ch/watch/168565-3001.html,"https://objects-prod.cdn.chopard.com/q_auto,f_auto,dpr_auto/e_trim/c_lpad,w_iw,h_ih/c_lpad,ar_1:1,w_800,g_center/ProductsAssets/Web/168565-3001_01.png",MILLE MIGLIA,168565-3001,6090.0,CHF,Switzerland,2025-01-28 00:00:00,Watches,2025-01-06,6633.99
Chopard,https://www.chopard.com/fr-ch/watch/168566-3001.html,"https://objects-prod.cdn.chopard.com/q_auto,f_auto,dpr_auto/e_trim/c_lpad,w_iw,h_ih/c_lpad,ar_1:1,w_800,g_center/ProductsAssets/Web/168566-3001_01.png",MILLE MIGLIA,168566-3001,6660.0,CHF,Switzerland,2025-01-28 00:00:00,Watches,2025-01-06,7254.9
Chopard,https://www.chopard.com/fr-ch/watch/168571-3001.html,"https://objects-prod.cdn.chopard.com/q_auto,f_auto,dpr_auto/e_trim/c_lpad,w_iw,h_ih/c_lpad,ar_1:1,w_800,g_center/ProductsAssets/Web/168571-3001_01.png",MILLE MIGLIA,168571-3001,7300.0,CHF,Switzerland,2025-01-28 00:00:00,Watches,2025-01-06,7952.07
Chopard,https://www.chopard.com/fr-ch/watch/168566-3007.html,"https://objects-prod.cdn.chopard.com/q_auto,f_auto,dpr_auto/e_trim/c_lpad,w_iw,h_ih/c_lpad,ar_1:1,w_800,g_center/ProductsAssets/Web/168566-3007_01.png",MILLE MIGLIA,168566-3007,8640.0,CHF,Switzerland,2025-01-28 00:00:00,Watches,2025-01-06,9411.76
Chopard,https://www.chopard.com/fr-ch/watch/168619-3001.html,"https://objects-prod.cdn.chopard.com/q_auto,f_auto,dpr_auto/e_trim/c_lpad,w_iw,h_ih/c_lpad,ar_1:1,w_800,g_center/ProductsAssets/Web/168619-3001_01.png",MILLE MIGLIA,168619-3001,8690.0,CHF,Switzerland,2025-01-28 00:00:00,Watches,2025-01-06,9466.23
Chopard,https://www.chopard.com/fr-ch/watch/168619-3003.html,"https://objects-prod.cdn.chopard.com/q_auto,f_auto,dpr_auto/e_trim/c_lpad,w_iw,h_ih/c_lpad,ar_1:1,w_800,g_center/ProductsAssets/Web/168619-3003_01.png",MILLE MIGLIA,168619-3003,8890.0,CHF,Switzerland,2025-01-28 00:00:00,Watches,2025-01-06,9684.1
Chopard,https://www.chopard.com/fr-ch/watch/168619-3004.html,"https://objects-prod.cdn.chopard.com/q_auto,f_auto,dpr_auto/e_trim/c_lpad,w_iw,h_ih/c_lpad,ar_1:1,w_800,g_center/ProductsAssets/Web/168619-3004_01.png",MILLE MIGLIA,168619-3004,8890.0,CHF,Switzerland,2025-01-28 00:00:00,Watches,2025-01-06,9684.1
Chopard,https://www.chopard.com/fr-ch/watch/168619-3005.html,"https://objects-prod.cdn.chopard.com/q_auto,f_auto,dpr_auto/e_trim/c_lpad,w_iw,h_ih/c_lpad,ar_1:1,w_800,g_center/ProductsAssets/Web/168619-3005_01.png",MILLE MIGLIA,168619-3005,8890.0,CHF,Switzerland,2025-01-28 00:00:00,Watches,2025-01-06,9684.1
Chopard,https://www.chopard.com/fr-ch/watch/168619-3007.html,"https://objects-prod.cdn.chopard.com/q_auto,f_auto,dpr_auto/e_trim/c_lpad,w_iw,h_ih/c_lpad,ar_1:1,w_800,g_center/ProductsAssets/Web/168619-3007_01.png",MILLE MIGLIA,168619-3007,9200.0,CHF,Switzerland,2025-01-28 00:00:00,Watches,2025-01-06,10021.79
Chopard,https://www.chopard.com/fr-ch/watch/168619-3006.html,"https://objects-prod.cdn.chopard.com/q_auto,f_auto,dpr_auto/e_trim/c_lpad,w_iw,h_ih/c_lpad,ar_1:1,w_800,g_center/ProductsAssets/Web/168619-3006_01.png",MILLE MIGLIA,168619-3006,9800.0,CHF,Switzerland,2025-01-28 00:00:00,Watches,2025-01-06,10675.38
Chopard,https://www.chopard.com/fr-ch/watch/168619-4001.html,"https://objects-prod.cdn.chopard.com/q_auto,f_auto,dpr_auto/e_trim/c_lpad,w_iw,h_ih/c_lpad,ar_1:1,w_800,g_center/ProductsAssets/Web/168619-4001_01.png",MILLE MIGLIA,168619-4001,10500.0,CHF,Switzerland,2025-01-28 00:00:00,Watches,2025-01-06,11437.91
Chopard,https://www.chopard.com/fr-ch/watch/168619-4002.html,"https://objects-prod.cdn.chopard.com/q_auto,f_auto,dpr_auto/e_trim/c_lpad,w_iw,h_ih/c_lpad,ar_1:1,w_800,g_center/ProductsAssets/Web/168619-4002_01.png",MILLE MIGLIA,168619-4002,11500.0,CHF,Switzerland,2025-01-28 00:00:00,Watches,2025-01-06,12527.23
Chopard,https://www.chopard.com/fr-fr/watch/298617-3001.html,"https://objects-prod.cdn.chopard.com/q_auto,f_auto,dpr_auto/e_trim/c_lpad,w_iw,h_ih/c_lpad,ar_1:1,w_800,g_center/ProductsAssets/Web/298617-3001_01.png",ALPINE EAGLE,298617-3001,12000.0,EUR,France,2025-01-28 00:00:00,Watches,2025-01-06,12000.0
Chopard,https://www.chopard.com/fr-fr/watch/298601-3001.html,"https://objects-prod.cdn.chopard.com/q_auto,f_auto,dpr_auto/e_trim/c_lpad,w_iw,h_ih/c_lpad,ar_1:1,w_800,g_center/ProductsAssets/Web/298601-3001_01.png",ALPINE EAGLE,298601-3001,12500.0,EUR,France,2025-01-28 00:00:00,Watches,2025-01-06,12500.0
Chopard,https://www.chopard.com/fr-fr/watch/298600-3001.html,"https://objects-prod.cdn.chopard.com/q_auto,f_auto,dpr_auto/e_trim/c_lpad,w_iw,h_ih/c_lpad,ar_1:1,w_800,g_center/ProductsAssets/Web/298600-3001_01.png",ALPINE EAGLE,298600-3001,15900.0,EUR,France,2025-01-28 00:00:00,Watches,2025-01-06,15900.0
Chopard,https://www.chopard.com/fr-fr/watch/298600-3002.html,"https://objects-prod.cdn.chopard.com/q_auto,f_auto,dpr_auto/e_trim/c_lpad,w_iw,h_ih/c_lpad,ar_1:1,w_800,g_center/ProductsAssets/Web/298600-3002_01.png",ALPINE EAGLE,298600-3002,15900.0,EUR,France,2025-01-28 00:00:00,Watches,2025-01-06,15900.0
Chopard,https://www.chopard.com/fr-fr/watch/298617-3002.html,"https://objects-prod.cdn.chopard.com/q_auto,f_auto,dpr_auto/e_trim/c_lpad,w_iw,h_ih/c_lpad,ar_1:1,w_800,g_center/ProductsAssets/Web/298617-3002_01.png",ALPINE EAGLE,298617-3002,16200.0,EUR,France,2025-01-28 00:00:00,Watches,2025-01-06,16200.0
Chopard,https://www.chopard.com/fr-fr/watch/298617-6001.html,"https://objects-prod.cdn.chopard.com/q_auto,f_auto,dpr_auto/e_trim/c_lpad,w_iw,h_ih/c_lpad,ar_1:1,w_800,g_center/ProductsAssets/Web/298617-6001_01.png",ALPINE EAGLE,298617-6001,17000.0,EUR,France,2025-01-28 00:00:00,Watches,2025-01-06,17000.0
Chopard,https://www.chopard.com/fr-fr/watch/298600-3014.html,"https://objects-prod.cdn.chopard.com/q_auto,f_auto,dpr_auto/e_trim/c_lpad,w_iw,h_ih/c_lpad,ar_1:1,w_800,g_center/ProductsAssets/Web/298600-3014_01.png",ALPINE EAGLE,298600-3014,17400.0,EUR,France,2025-01-28 00:00:00,Watches,2025-01-06,17400.0
Chopard,https://www.chopard.com/fr-fr/watch/298601-3004.html,"https://objects-prod.cdn.chopard.com/q_auto,f_auto,dpr_auto/e_trim/c_lpad,w_iw,h_ih/c_lpad,ar_1:1,w_800,g_center/ProductsAssets/Web/298601-3004_01.png",ALPINE EAGLE,298601-3004,17600.0,EUR,France,2025-01-28 00:00:00,Watches,2025-01-06,17600.0
Chopard,https://www.chopard.com/fr-fr/watch/298617-6002.html,"https://objects-prod.cdn.chopard.com/q_auto,f_auto,dpr_auto/e_trim/c_lpad,w_iw,h_ih/c_lpad,ar_1:1,w_800,g_center/ProductsAssets/Web/298617-6002_01.png",ALPINE EAGLE,298617-6002,20900.0,EUR,France,2025-01-28 00:00:00,Watches,2025-01-06,20900.0
Chopard,https://www.chopard.com/fr-fr/watch/298609-3003.html,"https://objects-prod.cdn.chopard.com/q_auto,f_auto,dpr_auto/e_trim/c_lpad,w_iw,h_ih/c_lpad,ar_1:1,w_800,g_center/ProductsAssets/Web/298609-3003_01.png",ALPINE EAGLE,298609-3003,21600.0,EUR,France,2025-01-28 00:00:00,Watches,2025-01-06,21600.0
Chopard,https://www.chopard.com/fr-fr/watch/298609-3004.html,"https://objects-prod.cdn.chopard.com/q_auto,f_auto,dpr_auto/e_trim/c_lpad,w_iw,h_ih/c_lpad,ar_1:1,w_800,g_center/ProductsAssets/Web/298609-3004_01.png",ALPINE EAGLE,298609-3004,21600.0,EUR,France,2025-01-28 00:00:00,Watches,2025-01-06,21600.0
Chopard,https://www.chopard.com/fr-fr/watch/298609-3001.html,"https://objects-prod.cdn.chopard.com/q_auto,f_auto,dpr_auto/e_trim/c_lpad,w_iw,h_ih/c_lpad,ar_1:1,w_800,g_center/ProductsAssets/Web/298609-3001_01.png",ALPINE EAGLE,298609-3001,23200.0,EUR,France,2025-01-28 00:00:00,Watches,2025-01-06,23200.0
Chopard,https://www.chopard.com/fr-fr/watch/298600-3020.html,"https://objects-prod.cdn.chopard.com/q_auto,f_auto,dpr_auto/e_trim/c_lpad,w_iw,h_ih/c_lpad,ar_1:1,w_800,g_center/ProductsAssets/Web/298600-3020_01.png",ALPINE EAGLE,298600-3020,23700.0,EUR,France,2025-01-28 00:00:00,Watches,2025-01-06,23700.0
Chopard,https://www.chopard.com/fr-fr/watch/298600-6001.html,"https://objects-prod.cdn.chopard.com/q_auto,f_auto,dpr_auto/e_trim/c_lpad,w_iw,h_ih/c_lpad,ar_1:1,w_800,g_center/ProductsAssets/Web/298600-6001_01.png",ALPINE EAGLE,298600-6001,24900.0,EUR,France,2025-01-28 00:00:00,Watches,2025-01-06,24900.0
Chopard,https://www.chopard.com/fr-fr/watch/298623-3001.html,"https://objects-prod.cdn.chopard.com/q_auto,f_auto,dpr_auto/e_trim/c_lpad,w_iw,h_ih/c_lpad,ar_1:1,w_800,g_center/ProductsAssets/Web/298623-3001_01.png",ALPINE EAGLE,298623-3001,26100.0,EUR,France,2025-01-28 00:00:00,Watches,2025-01-06,26100.0
Chopard,https://www.chopard.com/fr-fr/watch/298609-3008.html,"https://objects-prod.cdn.chopard.com/q_auto,f_auto,dpr_auto/e_trim/c_lpad,w_iw,h_ih/c_lpad,ar_1:1,w_800,g_center/ProductsAssets/Web/298609-3008_01.png",ALPINE EAGLE,298609-3008,26800.0,EUR,France,2025-01-28 00:00:00,Watches,2025-01-06,26800.0
Chopard,https://www.chopard.com/fr-fr/watch/298630-3001.html,"https://objects-prod.cdn.chopard.com/q_auto,f_auto,dpr_auto/e_trim/c_lpad,w_iw,h_ih/c_lpad,ar_1:1,w_800,g_center/ProductsAssets/Web/298630-3001_01.png",ALPINE EAGLE,298630-3001,28500.0,EUR,France,2025-01-28 00:00:00,Watches,2025-01-06,28500.0
Chopard,https://www.chopard.com/fr-fr/watch/295370-5001.html,"https://objects-prod.cdn.chopard.com/q_auto,f_auto,dpr_auto/e_trim/c_lpad,w_iw,h_ih/c_lpad,ar_1:1,w_800,g_center/ProductsAssets/Web/295370-5001_01.png",ALPINE EAGLE,295370-5001,40600.0,EUR,France,2025-01-28 00:00:00,Watches,2025-01-06,40600.0
Chopard,https://www.chopard.com/fr-fr/watch/295387-9001.html,"https://objects-prod.cdn.chopard.com/q_auto,f_auto,dpr_auto/e_trim/c_lpad,w_iw,h_ih/c_lpad,ar_1:1,w_800,g_center/ProductsAssets/Web/295387-9001_01.png",ALPINE EAGLE,295387-9001,42300.0,EUR,France,2025-01-28 00:00:00,Watches,2025-01-06,42300.0
Chopard,https://www.chopard.com/fr-fr/watch/295384-5001.html,"https://objects-prod.cdn.chopard.com/q_auto,f_auto,dpr_auto/e_trim/c_lpad,w_iw,h_ih/c_lpad,ar_1:1,w_800,g_center/ProductsAssets/Web/295384-5001_01.png",ALPINE EAGLE,295384-5001,44400.0,EUR,France,2025-01-28 00:00:00,Watches,2025-01-06,44400.0
Chopard,https://www.chopard.com/fr-fr/watch/295384-5002.html,"https://objects-prod.cdn.chopard.com/q_auto,f_auto,dpr_auto/e_trim/c_lpad,w_iw,h_ih/c_lpad,ar_1:1,w_800,g_center/ProductsAssets/Web/295384-5002_01.png",ALPINE EAGLE,295384-5002,54700.0,EUR,France,2025-01-28 00:00:00,Watches,2025-01-06,54700.0
Chopard,https://www.chopard.com/fr-fr/watch/295363-5001.html,"https://objects-prod.cdn.chopard.com/q_auto,f_auto,dpr_auto/e_trim/c_lpad,w_iw,h_ih/c_lpad,ar_1:1,w_800,g_center/ProductsAssets/Web/295363-5001_01.png",ALPINE EAGLE,295363-5001,58800.0,EUR,France,2025-01-28 00:00:00,Watches,2025-01-06,58800.0
Chopard,https://www.chopard.com/fr-fr/watch/295363-5007.html,"https://objects-prod.cdn.chopard.com/q_auto,f_auto,dpr_auto/e_trim/c_lpad,w_iw,h_ih/c_lpad,ar_1:1,w_800,g_center/ProductsAssets/Web/295363-5007_01.png",ALPINE EAGLE,295363-5007,60300.0,EUR,France,2025-01-28 00:00:00,Watches,2025-01-06,60300.0
Chopard,https://www.chopard.com/fr-fr/watch/295370-5003.html,"https://objects-prod.cdn.chopard.com/q_auto,f_auto,dpr_auto/e_trim/c_lpad,w_iw,h_ih/c_lpad,ar_1:1,w_800,g_center/ProductsAssets/Web/295370-5003_01.png",ALPINE EAGLE,295370-5003,61100.0,EUR,France,2025-01-28 00:00:00,Watches,2025-01-06,61100.0
Chopard,https://www.chopard.com/fr-fr/watch/295363-0001.html,"https://objects-prod.cdn.chopard.com/q_auto,f_auto,dpr_auto/e_trim/c_lpad,w_iw,h_ih/c_lpad,ar_1:1,w_800,g_center/ProductsAssets/Web/295363-0001_01.png",ALPINE EAGLE,295363-0001,63300.0,EUR,France,2025-01-28 00:00:00,Watches,2025-01-06,63300.0
Chopard,https://www.chopard.com/fr-fr/watch/295393-5002.html,"https://objects-prod.cdn.chopard.com/q_auto,f_auto,dpr_auto/e_trim/c_lpad,w_iw,h_ih/c_lpad,ar_1:1,w_800,g_center/ProductsAssets/Web/295393-5002_01.png",ALPINE EAGLE,295393-5002,78900.0,EUR,France,2025-01-28 00:00:00,Watches,2025-01-06,78900.0
Chopard,https://www.chopard.com/fr-fr/watch/295363-5013.html,"https://objects-prod.cdn.chopard.com/q_auto,f_auto,dpr_auto/e_trim/c_lpad,w_iw,h_ih/c_lpad,ar_1:1,w_800,g_center/ProductsAssets/Web/295363-5013_01.png",ALPINE EAGLE,295363-5013,84500.0,EUR,France,2025-01-28 00:00:00,Watches,2025-01-06,84500.0
Chopard,https://www.chopard.com/fr-fr/watch/295363-1007.html,"https://objects-prod.cdn.chopard.com/q_auto,f_auto,dpr_auto/e_trim/c_lpad,w_iw,h_ih/c_lpad,ar_1:1,w_800,g_center/ProductsAssets/Web/295363-1007_01.png",ALPINE EAGLE,295363-1007,93100.0,EUR,France,2025-01-28 00:00:00,Watches,2025-01-06,93100.0
Chopard,https://www.chopard.com/fr-fr/watch/295363-1008.html,"https://objects-prod.cdn.chopard.com/q_auto,f_auto,dpr_auto/e_trim/c_lpad,w_iw,h_ih/c_lpad,ar_1:1,w_800,g_center/ProductsAssets/Web/295363-1008_01.png",ALPINE EAGLE,295363-1008,93100.0,EUR,France,2025-01-28 00:00:00,Watches,2025-01-06,93100.0
Chopard,https://www.chopard.com/fr-fr/watch/295363-0002.html,"https://objects-prod.cdn.chopard.com/q_auto,f_auto,dpr_auto/e_trim/c_lpad,w_iw,h_ih/c_lpad,ar_1:1,w_800,g_center/ProductsAssets/Web/295363-0002_01.png",ALPINE EAGLE,295363-0002,93100.0,EUR,France,2025-01-28 00:00:00,Watches,2025-01-06,93100.0
Chopard,https://www.chopard.com/fr-fr/watch/295363-5011.html,"https://objects-prod.cdn.chopard.com/q_auto,f_auto,dpr_auto/e_trim/c_lpad,w_iw,h_ih/c_lpad,ar_1:1,w_800,g_center/ProductsAssets/Web/295363-5011_01.png",ALPINE EAGLE,295363-5011,98600.0,EUR,France,2025-01-28 00:00:00,Watches,2025-01-06,98600.0
Chopard,https://www.chopard.com/fr-fr/watch/295363-1006.html,"https://objects-prod.cdn.chopard.com/q_auto,f_auto,dpr_auto/e_trim/c_lpad,w_iw,h_ih/c_lpad,ar_1:1,w_800,g_center/ProductsAssets/Web/295363-1006_01.png",ALPINE EAGLE,295363-1006,98600.0,EUR,France,2025-01-28 00:00:00,Watches,2025-01-06,98600.0
Chopard,https://www.chopard.com/fr-fr/watch/209415-5004.html,"https://objects-prod.cdn.chopard.com/q_auto,f_auto,dpr_auto/e_trim/c_lpad,w_iw,h_ih/c_lpad,ar_1:1,w_800,g_center/ProductsAssets/Web/209415-5004_01.png",HAPPY DIAMONDS,209415-5004,10600.0,EUR,France,2025-01-28 00:00:00,Watches,2025-01-06,10600.0
Chopard,https://www.chopard.com/fr-fr/watch/203957-5214.html,"https://objects-prod.cdn.chopard.com/q_auto,f_auto,dpr_auto/e_trim/c_lpad,w_iw,h_ih/c_lpad,ar_1:1,w_800,g_center/ProductsAssets/Web/203957-5214_01.png",HAPPY DIAMONDS,203957-5214,19400.0,EUR,France,2025-01-28 00:00:00,Watches,2025-01-06,19400.0
Chopard,https://www.chopard.com/fr-fr/watch/203957-1214.html,"https://objects-prod.cdn.chopard.com/q_auto,f_auto,dpr_auto/e_trim/c_lpad,w_iw,h_ih/c_lpad,ar_1:1,w_800,g_center/ProductsAssets/Web/203957-1214_01.png",HAPPY DIAMONDS,203957-1214,19400.0,EUR,France,2025-01-28 00:00:00,Watches,2025-01-06,19400.0
Chopard,https://www.chopard.com/fr-fr/watch/209426-5201.html,"https://objects-prod.cdn.chopard.com/q_auto,f_auto,dpr_auto/e_trim/c_lpad,w_iw,h_ih/c_lpad,ar_1:1,w_800,g_center/ProductsAssets/Web/209426-5201_01.png",HAPPY DIAMONDS,209426-5201,22600.0,EUR,France,2025-01-28 00:00:00,Watches,2025-01-06,22600.0
Chopard,https://www.chopard.com/fr-fr/watch/209426-1201.html,"https://objects-prod.cdn.chopard.com/q_auto,f_auto,dpr_auto/e_trim/c_lpad,w_iw,h_ih/c_lpad,ar_1:1,w_800,g_center/ProductsAssets/Web/209426-1201_01.png",HAPPY DIAMONDS,209426-1201,22600.0,EUR,France,2025-01-28 00:00:00,Watches,2025-01-06,22600.0
Chopard,https://www.chopard.com/fr-fr/watch/205369-5002.html,"https://objects-prod.cdn.chopard.com/q_auto,f_auto,dpr_auto/e_trim/c_lpad,w_iw,h_ih/c_lpad,ar_1:1,w_800,g_center/ProductsAssets/Web/205369-5002_01.png",HAPPY DIAMONDS,205369-5002,36000.0,EUR,France,2025-01-28 00:00:00,Watches,2025-01-06,36000.0
Chopard,https://www.chopard.com/fr-fr/watch/278620-3001.html,"https://objects-prod.cdn.chopard.com/q_auto,f_auto,dpr_auto/e_trim/c_lpad,w_iw,h_ih/c_lpad,ar_1:1,w_800,g_center/ProductsAssets/Web/278620-3001_01.png",HAPPY SPORT,278620-3001,5000.0,EUR,France,2025-01-28 00:00:00,Watches,2025-01-06,5000.0
Chopard,https://www.chopard.com/fr-fr/watch/278590-3001.html,"https://objects-prod.cdn.chopard.com/q_auto,f_auto,dpr_auto/e_trim/c_lpad,w_iw,h_ih/c_lpad,ar_1:1,w_800,g_center/ProductsAssets/Web/278590-3001_01.png",HAPPY SPORT,278590-3001,5230.0,EUR,France,2025-01-28 00:00:00,Watches,2025-01-06,5230.0
Chopard,https://www.chopard.com/fr-fr/watch/278620-3003.html,"https://objects-prod.cdn.chopard.com/q_auto,f_auto,dpr_auto/e_trim/c_lpad,w_iw,h_ih/c_lpad,ar_1:1,w_800,g_center/ProductsAssets/Web/278620-3003_01.png",HAPPY SPORT,278620-3003,5260.0,EUR,France,2025-01-28 00:00:00,Watches,2025-01-06,5260.0
Chopard,https://www.chopard.com/fr-fr/watch/278620-3004.html,"https://objects-prod.cdn.chopard.com/q_auto,f_auto,dpr_auto/e_trim/c_lpad,w_iw,h_ih/c_lpad,ar_1:1,w_800,g_center/ProductsAssets/Web/278620-3004_01.png",HAPPY SPORT,278620-3004,5260.0,EUR,France,2025-01-28 00:00:00,Watches,2025-01-06,5260.0
Chopard,https://www.chopard.com/fr-fr/watch/278620-3005.html,"https://objects-prod.cdn.chopard.com/q_auto,f_auto,dpr_auto/e_trim/c_lpad,w_iw,h_ih/c_lpad,ar_1:1,w_800,g_center/ProductsAssets/Web/278620-3005_01.png",HAPPY SPORT,278620-3005,5260.0,EUR,France,2025-01-28 00:00:00,Watches,2025-01-06,5260.0
Chopard,https://www.chopard.com/fr-fr/watch/278590-6015.html,"https://objects-prod.cdn.chopard.com/q_auto,f_auto,dpr_auto/e_trim/c_lpad,w_iw,h_ih/c_lpad,ar_1:1,w_800,g_center/ProductsAssets/Web/278590-6015_01.png",HAPPY SPORT,278590-6015,5590.0,EUR,France,2025-01-28 00:00:00,Watches,2025-01-06,5590.0
Chopard,https://www.chopard.com/fr-fr/watch/278620-6001.html,"https://objects-prod.cdn.chopard.com/q_auto,f_auto,dpr_auto/e_trim/c_lpad,w_iw,h_ih/c_lpad,ar_1:1,w_800,g_center/ProductsAssets/Web/278620-6001_01.png",HAPPY SPORT,278620-6001,6310.0,EUR,France,2025-01-28 00:00:00,Watches,2025-01-06,6310.0
Chopard,https://www.chopard.com/fr-fr/watch/278590-3002.html,"https://objects-prod.cdn.chopard.com/q_auto,f_auto,dpr_auto/e_trim/c_lpad,w_iw,h_ih/c_lpad,ar_1:1,w_800,g_center/ProductsAssets/Web/278590-3002_01.png",HAPPY SPORT,278590-3002,6480.0,EUR,France,2025-01-28 00:00:00,Watches,2025-01-06,6480.0
Chopard,https://www.chopard.com/fr-fr/watch/278582-3001.html,"https://objects-prod.cdn.chopard.com/q_auto,f_auto,dpr_auto/e_trim/c_lpad,w_iw,h_ih/c_lpad,ar_1:1,w_800,g_center/ProductsAssets/Web/278582-3001_01.png",HAPPY SPORT,278582-3001,6520.0,EUR,France,2025-01-28 00:00:00,Watches,2025-01-06,6520.0
Chopard,https://www.chopard.com/fr-fr/watch/278590-3012.html,"https://objects-prod.cdn.chopard.com/q_auto,f_auto,dpr_auto/e_trim/c_lpad,w_iw,h_ih/c_lpad,ar_1:1,w_800,g_center/ProductsAssets/Web/278590-3012_01.png",HAPPY SPORT,278590-3012,6750.0,EUR,France,2025-01-28 00:00:00,Watches,2025-01-06,6750.0
Chopard,https://www.chopard.com/fr-fr/watch/278590-3013.html,"https://objects-prod.cdn.chopard.com/q_auto,f_auto,dpr_auto/e_trim/c_lpad,w_iw,h_ih/c_lpad,ar_1:1,w_800,g_center/ProductsAssets/Web/278590-3013_01.png",HAPPY SPORT,278590-3013,6750.0,EUR,France,2025-01-28 00:00:00,Watches,2025-01-06,6750.0
Chopard,https://www.chopard.com/fr-fr/watch/278590-3010.html,"https://objects-prod.cdn.chopard.com/q_auto,f_auto,dpr_auto/e_trim/c_lpad,w_iw,h_ih/c_lpad,ar_1:1,w_800,g_center/ProductsAssets/Web/278590-3010_01.png",HAPPY SPORT,278590-3010,6750.0,EUR,France,2025-01-28 00:00:00,Watches,2025-01-06,6750.0
Chopard,https://www.chopard.com/fr-fr/watch/278582-6012.html,"https://objects-prod.cdn.chopard.com/q_auto,f_auto,dpr_auto/e_trim/c_lpad,w_iw,h_ih/c_lpad,ar_1:1,w_800,g_center/ProductsAssets/Web/278582-6012_01.png",HAPPY SPORT,278582-6012,7230.0,EUR,France,2025-01-28 00:00:00,Watches,2025-01-06,7230.0
Chopard,https://www.chopard.com/fr-fr/watch/278582-6014.html,"https://objects-prod.cdn.chopard.com/q_auto,f_auto,dpr_auto/e_trim/c_lpad,w_iw,h_ih/c_lpad,ar_1:1,w_800,g_center/ProductsAssets/Web/278582-6014_01.png",HAPPY SPORT,278582-6014,7230.0,EUR,France,2025-01-28 00:00:00,Watches,2025-01-06,7230.0
Chopard,https://www.chopard.com/fr-fr/watch/278573-3011.html,"https://objects-prod.cdn.chopard.com/q_auto,f_auto,dpr_auto/e_trim/c_lpad,w_iw,h_ih/c_lpad,ar_1:1,w_800,g_center/ProductsAssets/Web/278573-3011_01.png",HAPPY SPORT,278573-3011,7600.0,EUR,France,2025-01-28 00:00:00,Watches,2025-01-06,7600.0
Chopard,https://www.chopard.com/fr-fr/watch/278582-3002.html,"https://objects-prod.cdn.chopard.com/q_auto,f_auto,dpr_auto/e_trim/c_lpad,w_iw,h_ih/c_lpad,ar_1:1,w_800,g_center/ProductsAssets/Web/278582-3002_01.png",HAPPY SPORT,278582-3002,8120.0,EUR,France,2025-01-28 00:00:00,Watches,2025-01-06,8120.0
Chopard,https://www.chopard.com/fr-fr/watch/278582-3008.html,"https://objects-prod.cdn.chopard.com/q_auto,f_auto,dpr_auto/e_trim/c_lpad,w_iw,h_ih/c_lpad,ar_1:1,w_800,g_center/ProductsAssets/Web/278582-3008_01.png",HAPPY SPORT,278582-3008,8370.0,EUR,France,2025-01-28 00:00:00,Watches,2025-01-06,8370.0
Chopard,https://www.chopard.com/fr-fr/watch/278582-3011.html,"https://objects-prod.cdn.chopard.com/q_auto,f_auto,dpr_auto/e_trim/c_lpad,w_iw,h_ih/c_lpad,ar_1:1,w_800,g_center/ProductsAssets/Web/278582-3011_01.png",HAPPY SPORT,278582-3011,8370.0,EUR,France,2025-01-28 00:00:00,Watches,2025-01-06,8370.0
Chopard,https://www.chopard.com/fr-fr/watch/278582-3009.html,"https://objects-prod.cdn.chopard.com/q_auto,f_auto,dpr_auto/e_trim/c_lpad,w_iw,h_ih/c_lpad,ar_1:1,w_800,g_center/ProductsAssets/Web/278582-3009_01.png",HAPPY SPORT,278582-3009,8370.0,EUR,France,2025-01-28 00:00:00,Watches,2025-01-06,8370.0
Chopard,https://www.chopard.com/fr-fr/watch/278559-3011.html,"https://objects-prod.cdn.chopard.com/q_auto,f_auto,dpr_auto/e_trim/c_lpad,w_iw,h_ih/c_lpad,ar_1:1,w_800,g_center/ProductsAssets/Web/278559-3011_01.png",HAPPY SPORT,278559-3011,8580.0,EUR,France,2025-01-28 00:00:00,Watches,2025-01-06,8580.0
Chopard,https://www.chopard.com/fr-fr/watch/278608-3001.html,"https://objects-prod.cdn.chopard.com/q_auto,f_auto,dpr_auto/e_trim/c_lpad,w_iw,h_ih/c_lpad,ar_1:1,w_800,g_center/ProductsAssets/Web/278608-3001_01.png",HAPPY SPORT,278608-3001,8860.0,EUR,France,2025-01-28 00:00:00,Watches,2025-01-06,8860.0
Chopard,https://www.chopard.com/fr-fr/watch/278608-3010.html,"https://objects-prod.cdn.chopard.com/q_auto,f_auto,dpr_auto/e_trim/c_lpad,w_iw,h_ih/c_lpad,ar_1:1,w_800,g_center/ProductsAssets/Web/278608-3010_01.png",HAPPY SPORT,278608-3010,8930.0,EUR,France,2025-01-28 00:00:00,Watches,2025-01-06,8930.0
Chopard,https://www.chopard.com/fr-fr/watch/278582-6005.html,"https://objects-prod.cdn.chopard.com/q_auto,f_auto,dpr_auto/e_trim/c_lpad,w_iw,h_ih/c_lpad,ar_1:1,w_800,g_center/ProductsAssets/Web/278582-6005_01.png",HAPPY SPORT,278582-6005,8980.0,EUR,France,2025-01-28 00:00:00,Watches,2025-01-06,8980.0
Chopard,https://www.chopard.com/fr-fr/watch/278573-6026.html,"https://objects-prod.cdn.chopard.com/q_auto,f_auto,dpr_auto/e_trim/c_lpad,w_iw,h_ih/c_lpad,ar_1:1,w_800,g_center/ProductsAssets/Web/278573-6026_01.png",HAPPY SPORT,278573-6026,9140.0,EUR,France,2025-01-28 00:00:00,Watches,2025-01-06,9140.0
Chopard,https://www.chopard.com/fr-fr/watch/278573-3012.html,"https://objects-prod.cdn.chopard.com/q_auto,f_auto,dpr_auto/e_trim/c_lpad,w_iw,h_ih/c_lpad,ar_1:1,w_800,g_center/ProductsAssets/Web/278573-3012_01.png",HAPPY SPORT,278573-3012,9200.0,EUR,France,2025-01-28 00:00:00,Watches,2025-01-06,9200.0
Chopard,https://www.chopard.com/fr-fr/watch/278573-6013.html,"https://objects-prod.cdn.chopard.com/q_auto,f_auto,dpr_auto/e_trim/c_lpad,w_iw,h_ih/c_lpad,ar_1:1,w_800,g_center/ProductsAssets/Web/278573-6013_01.png",HAPPY SPORT,278573-6013,9340.0,EUR,France,2025-01-28 00:00:00,Watches,2025-01-06,9340.0
Chopard,https://www.chopard.com/fr-fr/watch/278573-6032.html,"https://objects-prod.cdn.chopard.com/q_auto,f_auto,dpr_auto/e_trim/c_lpad,w_iw,h_ih/c_lpad,ar_1:1,w_800,g_center/ProductsAssets/Web/278573-6032_01.png",HAPPY SPORT,278573-6032,9550.0,EUR,France,2025-01-28 00:00:00,Watches,2025-01-06,9550.0
Chopard,https://www.chopard.com/fr-fr/watch/278559-3001.html,"https://objects-prod.cdn.chopard.com/q_auto,f_auto,dpr_auto/e_trim/c_lpad,w_iw,h_ih/c_lpad,ar_1:1,w_800,g_center/ProductsAssets/Web/278559-3001_01.png",HAPPY SPORT,278559-3001,9610.0,EUR,France,2025-01-28 00:00:00,Watches,2025-01-06,9610.0
Chopard,https://www.chopard.com/fr-fr/watch/278602-3001.html,"https://objects-prod.cdn.chopard.com/q_auto,f_auto,dpr_auto/e_trim/c_lpad,w_iw,h_ih/c_lpad,ar_1:1,w_800,g_center/ProductsAssets/Web/278602-3001_01.png",HAPPY SPORT,278602-3001,9800.0,EUR,France,2025-01-28 00:00:00,Watches,2025-01-06,9800.0
Chopard,https://www.chopard.com/fr-fr/watch/278573-6027.html,"https://objects-prod.cdn.chopard.com/q_auto,f_auto,dpr_auto/e_trim/c_lpad,w_iw,h_ih/c_lpad,ar_1:1,w_800,g_center/ProductsAssets/Web/278573-6027_01.png",HAPPY SPORT,278573-6027,10100.0,EUR,France,2025-01-28 00:00:00,Watches,2025-01-06,10100.0
Chopard,https://www.chopard.com/fr-fr/watch/278573-6018.html,"https://objects-prod.cdn.chopard.com/q_auto,f_auto,dpr_auto/e_trim/c_lpad,w_iw,h_ih/c_lpad,ar_1:1,w_800,g_center/ProductsAssets/Web/278573-6018_01.png",HAPPY SPORT,278573-6018,10100.0,EUR,France,2025-01-28 00:00:00,Watches,2025-01-06,10100.0
Chopard,https://www.chopard.com/fr-fr/watch/278620-3002.html,"https://objects-prod.cdn.chopard.com/q_auto,f_auto,dpr_auto/e_trim/c_lpad,w_iw,h_ih/c_lpad,ar_1:1,w_800,g_center/ProductsAssets/Web/278620-3002_01.png",HAPPY SPORT,278620-3002,10100.0,EUR,France,2025-01-28 00:00:00,Watches,2025-01-06,10100.0
Chopard,https://www.chopard.com/fr-fr/watch/278608-3002.html,"https://objects-prod.cdn.chopard.com/q_auto,f_auto,dpr_auto/e_trim/c_lpad,w_iw,h_ih/c_lpad,ar_1:1,w_800,g_center/ProductsAssets/Web/278608-3002_01.png",HAPPY SPORT,278608-3002,10500.0,EUR,France,2025-01-28 00:00:00,Watches,2025-01-06,10500.0
Chopard,https://www.chopard.com/fr-fr/watch/278582-6009.html,"https://objects-prod.cdn.chopard.com/q_auto,f_auto,dpr_auto/e_trim/c_lpad,w_iw,h_ih/c_lpad,ar_1:1,w_800,g_center/ProductsAssets/Web/278582-6009_01.png",HAPPY SPORT,278582-6009,10700.0,EUR,France,2025-01-28 00:00:00,Watches,2025-01-06,10700.0
Chopard,https://www.chopard.com/fr-fr/watch/278559-3002.html,"https://objects-prod.cdn.chopard.com/q_auto,f_auto,dpr_auto/e_trim/c_lpad,w_iw,h_ih/c_lpad,ar_1:1,w_800,g_center/ProductsAssets/Web/278559-3002_01.png",HAPPY SPORT,278559-3002,11300.0,EUR,France,2025-01-28 00:00:00,Watches,2025-01-06,11300.0
Chopard,https://www.chopard.com/fr-fr/watch/278620-6002.html,"https://objects-prod.cdn.chopard.com/q_auto,f_auto,dpr_auto/e_trim/c_lpad,w_iw,h_ih/c_lpad,ar_1:1,w_800,g_center/ProductsAssets/Web/278620-6002_01.png",HAPPY SPORT,278620-6002,11500.0,EUR,France,2025-01-28 00:00:00,Watches,2025-01-06,11500.0
Chopard,https://www.chopard.com/fr-fr/watch/278602-3002.html,"https://objects-prod.cdn.chopard.com/q_auto,f_auto,dpr_auto/e_trim/c_lpad,w_iw,h_ih/c_lpad,ar_1:1,w_800,g_center/ProductsAssets/Web/278602-3002_01.png",HAPPY SPORT,278602-3002,11600.0,EUR,France,2025-01-28 00:00:00,Watches,2025-01-06,11600.0
Chopard,https://www.chopard.com/fr-fr/watch/278608-6001.html,"https://objects-prod.cdn.chopard.com/q_auto,f_auto,dpr_auto/e_trim/c_lpad,w_iw,h_ih/c_lpad,ar_1:1,w_800,g_center/ProductsAssets/Web/278608-6001_01.png",HAPPY SPORT,278608-6001,11700.0,EUR,France,2025-01-28 00:00:00,Watches,2025-01-06,11700.0
Chopard,https://www.chopard.com/fr-fr/watch/278602-6001.html,"https://objects-prod.cdn.chopard.com/q_auto,f_auto,dpr_auto/e_trim/c_lpad,w_iw,h_ih/c_lpad,ar_1:1,w_800,g_center/ProductsAssets/Web/278602-6001_01.png",HAPPY SPORT,278602-6001,11800.0,EUR,France,2025-01-28 00:00:00,Watches,2025-01-06,11800.0
Chopard,https://www.chopard.com/fr-fr/watch/278608-6013.html,"https://objects-prod.cdn.chopard.com/q_auto,f_auto,dpr_auto/e_trim/c_lpad,w_iw,h_ih/c_lpad,ar_1:1,w_800,g_center/ProductsAssets/Web/278608-6013_01.png",HAPPY SPORT,278608-6013,11900.0,EUR,France,2025-01-28 00:00:00,Watches,2025-01-06,11900.0
Chopard,https://www.chopard.com/fr-fr/watch/278559-6001.html,"https://objects-prod.cdn.chopard.com/q_auto,f_auto,dpr_auto/e_trim/c_lpad,w_iw,h_ih/c_lpad,ar_1:1,w_800,g_center/ProductsAssets/Web/278559-6001_01.png",HAPPY SPORT,278559-6001,12400.0,EUR,France,2025-01-28 00:00:00,Watches,2025-01-06,12400.0
Chopard,https://www.chopard.com/fr-fr/watch/278559-6008.html,"https://objects-prod.cdn.chopard.com/q_auto,f_auto,dpr_auto/e_trim/c_lpad,w_iw,h_ih/c_lpad,ar_1:1,w_800,g_center/ProductsAssets/Web/278559-6008_01.png",HAPPY SPORT,278559-6008,12700.0,EUR,France,2025-01-28 00:00:00,Watches,2025-01-06,12700.0
Chopard,https://www.chopard.com/fr-fr/watch/278578-6003.html,"https://objects-prod.cdn.chopard.com/q_auto,f_auto,dpr_auto/e_trim/c_lpad,w_iw,h_ih/c_lpad,ar_1:1,w_800,g_center/ProductsAssets/Web/278578-6003_01.png",HAPPY SPORT,278578-6003,12800.0,EUR,France,2025-01-28 00:00:00,Watches,2025-01-06,12800.0
Chopard,https://www.chopard.com/fr-fr/watch/278602-6006.html,"https://objects-prod.cdn.chopard.com/q_auto,f_auto,dpr_auto/e_trim/c_lpad,w_iw,h_ih/c_lpad,ar_1:1,w_800,g_center/ProductsAssets/Web/278602-6006_01.png",HAPPY SPORT,278602-6006,12800.0,EUR,France,2025-01-28 00:00:00,Watches,2025-01-06,12800.0
Chopard,https://www.chopard.com/fr-fr/watch/278573-6017.html,"https://objects-prod.cdn.chopard.com/q_auto,f_auto,dpr_auto/e_trim/c_lpad,w_iw,h_ih/c_lpad,ar_1:1,w_800,g_center/ProductsAssets/Web/278573-6017_01.png",HAPPY SPORT,278573-6017,13400.0,EUR,France,2025-01-28 00:00:00,Watches,2025-01-06,13400.0
Chopard,https://www.chopard.com/fr-fr/watch/274893-5011.html,"https://objects-prod.cdn.chopard.com/q_auto,f_auto,dpr_auto/e_trim/c_lpad,w_iw,h_ih/c_lpad,ar_1:1,w_800,g_center/ProductsAssets/Web/274893-5011_01.png",HAPPY SPORT,274893-5011,16900.0,EUR,France,2025-01-28 00:00:00,Watches,2025-01-06,16900.0
Chopard,https://www.chopard.com/fr-fr/watch/278608-6002.html,"https://objects-prod.cdn.chopard.com/q_auto,f_auto,dpr_auto/e_trim/c_lpad,w_iw,h_ih/c_lpad,ar_1:1,w_800,g_center/ProductsAssets/Web/278608-6002_01.png",HAPPY SPORT,278608-6002,16900.0,EUR,France,2025-01-28 00:00:00,Watches,2025-01-06,16900.0
Chopard,https://www.chopard.com/fr-fr/watch/278602-3003.html,"https://objects-prod.cdn.chopard.com/q_auto,f_auto,dpr_auto/e_trim/c_lpad,w_iw,h_ih/c_lpad,ar_1:1,w_800,g_center/ProductsAssets/Web/278602-3003_01.png",HAPPY SPORT,278602-3003,17000.0,EUR,France,2025-01-28 00:00:00,Watches,2025-01-06,17000.0
Chopard,https://www.chopard.com/fr-fr/watch/278608-3008.html,"https://objects-prod.cdn.chopard.com/q_auto,f_auto,dpr_auto/e_trim/c_lpad,w_iw,h_ih/c_lpad,ar_1:1,w_800,g_center/ProductsAssets/Web/278608-3008_01.png",HAPPY SPORT,278608-3008,18100.0,EUR,France,2025-01-28 00:00:00,Watches,2025-01-06,18100.0
Chopard,https://www.chopard.com/fr-fr/watch/278608-3003.html,"https://objects-prod.cdn.chopard.com/q_auto,f_auto,dpr_auto/e_trim/c_lpad,w_iw,h_ih/c_lpad,ar_1:1,w_800,g_center/ProductsAssets/Web/278608-3003_01.png",HAPPY SPORT,278608-3003,18100.0,EUR,France,2025-01-28 00:00:00,Watches,2025-01-06,18100.0
Chopard,https://www.chopard.com/fr-fr/watch/278608-3009.html,"https://objects-prod.cdn.chopard.com/q_auto,f_auto,dpr_auto/e_trim/c_lpad,w_iw,h_ih/c_lpad,ar_1:1,w_800,g_center/ProductsAssets/Web/278608-3009_01.png",HAPPY SPORT,278608-3009,18100.0,EUR,France,2025-01-28 00:00:00,Watches,2025-01-06,18100.0
Chopard,https://www.chopard.com/fr-fr/watch/275378-5011.html,"https://objects-prod.cdn.chopard.com/q_auto,f_auto,dpr_auto/e_trim/c_lpad,w_iw,h_ih/c_lpad,ar_1:1,w_800,g_center/ProductsAssets/Web/275378-5011_01.png",HAPPY SPORT,275378-5011,18300.0,EUR,France,2025-01-28 00:00:00,Watches,2025-01-06,18300.0
Chopard,https://www.chopard.com/fr-fr/watch/275378-5001.html,"https://objects-prod.cdn.chopard.com/q_auto,f_auto,dpr_auto/e_trim/c_lpad,w_iw,h_ih/c_lpad,ar_1:1,w_800,g_center/ProductsAssets/Web/275378-5001_01.png",HAPPY SPORT,275378-5001,18300.0,EUR,France,2025-01-28 00:00:00,Watches,2025-01-06,18300.0
Chopard,https://www.chopard.com/fr-fr/watch/278573-6015.html,"https://objects-prod.cdn.chopard.com/q_auto,f_auto,dpr_auto/e_trim/c_lpad,w_iw,h_ih/c_lpad,ar_1:1,w_800,g_center/ProductsAssets/Web/278573-6015_01.png",HAPPY SPORT,278573-6015,18300.0,EUR,France,2025-01-28 00:00:00,Watches,2025-01-06,18300.0
Chopard,https://www.chopard.com/fr-fr/watch/278602-6002.html,"https://objects-prod.cdn.chopard.com/q_auto,f_auto,dpr_auto/e_trim/c_lpad,w_iw,h_ih/c_lpad,ar_1:1,w_800,g_center/ProductsAssets/Web/278602-6002_01.png",HAPPY SPORT,278602-6002,18600.0,EUR,France,2025-01-28 00:00:00,Watches,2025-01-06,18600.0
Chopard,https://www.chopard.com/fr-fr/watch/278602-3004.html,"https://objects-prod.cdn.chopard.com/q_auto,f_auto,dpr_auto/e_trim/c_lpad,w_iw,h_ih/c_lpad,ar_1:1,w_800,g_center/ProductsAssets/Web/278602-3004_01.png",HAPPY SPORT,278602-3004,18700.0,EUR,France,2025-01-28 00:00:00,Watches,2025-01-06,18700.0
Chopard,https://www.chopard.com/fr-fr/watch/278559-6026.html,"https://objects-prod.cdn.chopard.com/q_auto,f_auto,dpr_auto/e_trim/c_lpad,w_iw,h_ih/c_lpad,ar_1:1,w_800,g_center/ProductsAssets/Web/278559-6026_01.png",HAPPY SPORT,278559-6026,18800.0,EUR,France,2025-01-28 00:00:00,Watches,2025-01-06,18800.0
Chopard,https://www.chopard.com/fr-fr/watch/278608-3006.html,"https://objects-prod.cdn.chopard.com/q_auto,f_auto,dpr_auto/e_trim/c_lpad,w_iw,h_ih/c_lpad,ar_1:1,w_800,g_center/ProductsAssets/Web/278608-3006_01.png",HAPPY SPORT,278608-3006,19100.0,EUR,France,2025-01-28 00:00:00,Watches,2025-01-06,19100.0
Chopard,https://www.chopard.com/fr-fr/watch/278602-6003.html,"https://objects-prod.cdn.chopard.com/q_auto,f_auto,dpr_auto/e_trim/c_lpad,w_iw,h_ih/c_lpad,ar_1:1,w_800,g_center/ProductsAssets/Web/278602-6003_01.png",HAPPY SPORT,278602-6003,19200.0,EUR,France,2025-01-28 00:00:00,Watches,2025-01-06,19200.0
Chopard,https://www.chopard.com/fr-fr/watch/274808-5001.html,"https://objects-prod.cdn.chopard.com/q_auto,f_auto,dpr_auto/e_trim/c_lpad,w_iw,h_ih/c_lpad,ar_1:1,w_800,g_center/ProductsAssets/Web/274808-5001_01.png",HAPPY SPORT,274808-5001,19400.0,EUR,France,2025-01-28 00:00:00,Watches,2025-01-06,19400.0
Chopard,https://www.chopard.com/fr-fr/watch/278602-6005.html,"https://objects-prod.cdn.chopard.com/q_auto,f_auto,dpr_auto/e_trim/c_lpad,w_iw,h_ih/c_lpad,ar_1:1,w_800,g_center/ProductsAssets/Web/278602-6005_01.png",HAPPY SPORT,278602-6005,20100.0,EUR,France,2025-01-28 00:00:00,Watches,2025-01-06,20100.0
Chopard,https://www.chopard.com/fr-fr/watch/278608-6003.html,"https://objects-prod.cdn.chopard.com/q_auto,f_auto,dpr_auto/e_trim/c_lpad,w_iw,h_ih/c_lpad,ar_1:1,w_800,g_center/ProductsAssets/Web/278608-6003_01.png",HAPPY SPORT,278608-6003,21300.0,EUR,France,2025-01-28 00:00:00,Watches,2025-01-06,21300.0
Chopard,https://www.chopard.com/fr-fr/watch/278608-6012.html,"https://objects-prod.cdn.chopard.com/q_auto,f_auto,dpr_auto/e_trim/c_lpad,w_iw,h_ih/c_lpad,ar_1:1,w_800,g_center/ProductsAssets/Web/278608-6012_01.png",HAPPY SPORT,278608-6012,21800.0,EUR,France,2025-01-28 00:00:00,Watches,2025-01-06,21800.0
Chopard,https://www.chopard.com/fr-fr/watch/278559-3003.html,"https://objects-prod.cdn.chopard.com/q_auto,f_auto,dpr_auto/e_trim/c_lpad,w_iw,h_ih/c_lpad,ar_1:1,w_800,g_center/ProductsAssets/Web/278559-3003_01.png",HAPPY SPORT,278559-3003,22200.0,EUR,France,2025-01-28 00:00:00,Watches,2025-01-06,22200.0
Chopard,https://www.chopard.com/fr-fr/watch/278559-6003.html,"https://objects-prod.cdn.chopard.com/q_auto,f_auto,dpr_auto/e_trim/c_lpad,w_iw,h_ih/c_lpad,ar_1:1,w_800,g_center/ProductsAssets/Web/278559-6003_01.png",HAPPY SPORT,278559-6003,24900.0,EUR,France,2025-01-28 00:00:00,Watches,2025-01-06,24900.0
Chopard,https://www.chopard.com/fr-fr/watch/274893-5012.html,"https://objects-prod.cdn.chopard.com/q_auto,f_auto,dpr_auto/e_trim/c_lpad,w_iw,h_ih/c_lpad,ar_1:1,w_800,g_center/ProductsAssets/Web/274893-5012_01.png",HAPPY SPORT,274893-5012,25500.0,EUR,France,2025-01-28 00:00:00,Watches,2025-01-06,25500.0
Chopard,https://www.chopard.com/fr-fr/watch/274893-5016.html,"https://objects-prod.cdn.chopard.com/q_auto,f_auto,dpr_auto/e_trim/c_lpad,w_iw,h_ih/c_lpad,ar_1:1,w_800,g_center/ProductsAssets/Web/274893-5016_01.png",HAPPY SPORT,274893-5016,26000.0,EUR,France,2025-01-28 00:00:00,Watches,2025-01-06,26000.0
Chopard,https://www.chopard.com/fr-fr/watch/278608-6004.html,"https://objects-prod.cdn.chopard.com/q_auto,f_auto,dpr_auto/e_trim/c_lpad,w_iw,h_ih/c_lpad,ar_1:1,w_800,g_center/ProductsAssets/Web/278608-6004_01.png",HAPPY SPORT,278608-6004,26400.0,EUR,France,2025-01-28 00:00:00,Watches,2025-01-06,26400.0
Chopard,https://www.chopard.com/fr-fr/watch/278602-6004.html,"https://objects-prod.cdn.chopard.com/q_auto,f_auto,dpr_auto/e_trim/c_lpad,w_iw,h_ih/c_lpad,ar_1:1,w_800,g_center/ProductsAssets/Web/278602-6004_01.png",HAPPY SPORT,278602-6004,26500.0,EUR,France,2025-01-28 00:00:00,Watches,2025-01-06,26500.0
Chopard,https://www.chopard.com/fr-fr/watch/275378-5003.html,"https://objects-prod.cdn.chopard.com/q_auto,f_auto,dpr_auto/e_trim/c_lpad,w_iw,h_ih/c_lpad,ar_1:1,w_800,g_center/ProductsAssets/Web/275378-5003_01.png",HAPPY SPORT,275378-5003,27800.0,EUR,France,2025-01-28 00:00:00,Watches,2025-01-06,27800.0
Chopard,https://www.chopard.com/fr-fr/watch/275362-5002.html,"https://objects-prod.cdn.chopard.com/q_auto,f_auto,dpr_auto/e_trim/c_lpad,w_iw,h_ih/c_lpad,ar_1:1,w_800,g_center/ProductsAssets/Web/275362-5002_01.png",HAPPY SPORT,275362-5002,29000.0,EUR,France,2025-01-28 00:00:00,Watches,2025-01-06,29000.0
Chopard,https://www.chopard.com/fr-fr/watch/278559-6025.html,"https://objects-prod.cdn.chopard.com/q_auto,f_auto,dpr_auto/e_trim/c_lpad,w_iw,h_ih/c_lpad,ar_1:1,w_800,g_center/ProductsAssets/Web/278559-6025_01.png",HAPPY SPORT,278559-6025,31300.0,EUR,France,2025-01-28 00:00:00,Watches,2025-01-06,31300.0
Chopard,https://www.chopard.com/fr-fr/watch/274808-5003.html,"https://objects-prod.cdn.chopard.com/q_auto,f_auto,dpr_auto/e_trim/c_lpad,w_iw,h_ih/c_lpad,ar_1:1,w_800,g_center/ProductsAssets/Web/274808-5003_01.png",HAPPY SPORT,274808-5003,32100.0,EUR,France,2025-01-28 00:00:00,Watches,2025-01-06,32100.0
Chopard,https://www.chopard.com/fr-fr/watch/274808-5006.html,"https://objects-prod.cdn.chopard.com/q_auto,f_auto,dpr_auto/e_trim/c_lpad,w_iw,h_ih/c_lpad,ar_1:1,w_800,g_center/ProductsAssets/Web/274808-5006_01.png",HAPPY SPORT,274808-5006,32300.0,EUR,France,2025-01-28 00:00:00,Watches,2025-01-06,32300.0
Chopard,https://www.chopard.com/fr-fr/watch/275362-5005.html,"https://objects-prod.cdn.chopard.com/q_auto,f_auto,dpr_auto/e_trim/c_lpad,w_iw,h_ih/c_lpad,ar_1:1,w_800,g_center/ProductsAssets/Web/275362-5005_01.png",HAPPY SPORT,275362-5005,42400.0,EUR,France,2025-01-28 00:00:00,Watches,2025-01-06,42400.0
Chopard,https://www.chopard.com/fr-fr/watch/275378-5004.html,"https://objects-prod.cdn.chopard.com/q_auto,f_auto,dpr_auto/e_trim/c_lpad,w_iw,h_ih/c_lpad,ar_1:1,w_800,g_center/ProductsAssets/Web/275378-5004_01.png",HAPPY SPORT,275378-5004,45100.0,EUR,France,2025-01-28 00:00:00,Watches,2025-01-06,45100.0
Chopard,https://www.chopard.com/fr-fr/watch/275372-1001.html,"https://objects-prod.cdn.chopard.com/q_auto,f_auto,dpr_auto/e_trim/c_lpad,w_iw,h_ih/c_lpad,ar_1:1,w_800,g_center/ProductsAssets/Web/275372-1001_01.png",HAPPY SPORT,275372-1001,63700.0,EUR,France,2025-01-28 00:00:00,Watches,2025-01-06,63700.0
Chopard,https://www.chopard.com/fr-fr/watch/275378-1002.html,"https://objects-prod.cdn.chopard.com/q_auto,f_auto,dpr_auto/e_trim/c_lpad,w_iw,h_ih/c_lpad,ar_1:1,w_800,g_center/ProductsAssets/Web/275378-1002_01.png",HAPPY SPORT,275378-1002,73400.0,EUR,France,2025-01-28 00:00:00,Watches,2025-01-06,73400.0
Chopard,https://www.chopard.com/fr-fr/watch/274809-1001.html,"https://objects-prod.cdn.chopard.com/q_auto,f_auto,dpr_auto/e_trim/c_lpad,w_iw,h_ih/c_lpad,ar_1:1,w_800,g_center/ProductsAssets/Web/274809-1001_01.png",HAPPY SPORT,274809-1001,108500.0,EUR,France,2025-01-28 00:00:00,Watches,2025-01-06,108500.0
Chopard,https://www.chopard.com/fr-fr/watch/388563-6005.html,"https://objects-prod.cdn.chopard.com/q_auto,f_auto,dpr_auto/e_trim/c_lpad,w_iw,h_ih/c_lpad,ar_1:1,w_800,g_center/ProductsAssets/Web/388563-6005_01.png",IMPERIALE,388563-6005,7630.0,EUR,France,2025-01-28 00:00:00,Watches,2025-01-06,7630.0
Chopard,https://www.chopard.com/fr-fr/watch/388563-3006.html,"https://objects-prod.cdn.chopard.com/q_auto,f_auto,dpr_auto/e_trim/c_lpad,w_iw,h_ih/c_lpad,ar_1:1,w_800,g_center/ProductsAssets/Web/388563-3006_01.png",IMPERIALE,388563-3006,7670.0,EUR,France,2025-01-28 00:00:00,Watches,2025-01-06,7670.0
Chopard,https://www.chopard.com/fr-fr/watch/388563-6013.html,"https://objects-prod.cdn.chopard.com/q_auto,f_auto,dpr_auto/e_trim/c_lpad,w_iw,h_ih/c_lpad,ar_1:1,w_800,g_center/ProductsAssets/Web/388563-6013_01.png",IMPERIALE,388563-6013,8240.0,EUR,France,2025-01-28 00:00:00,Watches,2025-01-06,8240.0
Chopard,https://www.chopard.com/fr-fr/watch/388563-6006.html,"https://objects-prod.cdn.chopard.com/q_auto,f_auto,dpr_auto/e_trim/c_lpad,w_iw,h_ih/c_lpad,ar_1:1,w_800,g_center/ProductsAssets/Web/388563-6006_01.png",IMPERIALE,388563-6006,11200.0,EUR,France,2025-01-28 00:00:00,Watches,2025-01-06,11200.0
Chopard,https://www.chopard.com/fr-fr/watch/388563-3007.html,"https://objects-prod.cdn.chopard.com/q_auto,f_auto,dpr_auto/e_trim/c_lpad,w_iw,h_ih/c_lpad,ar_1:1,w_800,g_center/ProductsAssets/Web/388563-3007_01.png",IMPERIALE,388563-3007,12000.0,EUR,France,2025-01-28 00:00:00,Watches,2025-01-06,12000.0
Chopard,https://www.chopard.com/fr-fr/watch/388563-6014.html,"https://objects-prod.cdn.chopard.com/q_auto,f_auto,dpr_auto/e_trim/c_lpad,w_iw,h_ih/c_lpad,ar_1:1,w_800,g_center/ProductsAssets/Web/388563-6014_01.png",IMPERIALE,388563-6014,12000.0,EUR,France,2025-01-28 00:00:00,Watches,2025-01-06,12000.0
Chopard,https://www.chopard.com/fr-fr/watch/388563-6007.html,"https://objects-prod.cdn.chopard.com/q_auto,f_auto,dpr_auto/e_trim/c_lpad,w_iw,h_ih/c_lpad,ar_1:1,w_800,g_center/ProductsAssets/Web/388563-6007_01.png",IMPERIALE,388563-6007,13500.0,EUR,France,2025-01-28 00:00:00,Watches,2025-01-06,13500.0
Chopard,https://www.chopard.com/fr-fr/watch/384319-5009.html,"https://objects-prod.cdn.chopard.com/q_auto,f_auto,dpr_auto/e_trim/c_lpad,w_iw,h_ih/c_lpad,ar_1:1,w_800,g_center/ProductsAssets/Web/384319-5009_01.png",IMPERIALE,384319-5009,13900.0,EUR,France,2025-01-28 00:00:00,Watches,2025-01-06,13900.0
Chopard,https://www.chopard.com/fr-fr/watch/388563-6008.html,"https://objects-prod.cdn.chopard.com/q_auto,f_auto,dpr_auto/e_trim/c_lpad,w_iw,h_ih/c_lpad,ar_1:1,w_800,g_center/ProductsAssets/Web/388563-6008_01.png",IMPERIALE,388563-6008,17000.0,EUR,France,2025-01-28 00:00:00,Watches,2025-01-06,17000.0
Chopard,https://www.chopard.com/fr-fr/watch/384319-5007.html,"https://objects-prod.cdn.chopard.com/q_auto,f_auto,dpr_auto/e_trim/c_lpad,w_iw,h_ih/c_lpad,ar_1:1,w_800,g_center/ProductsAssets/Web/384319-5007_01.png",IMPERIALE,384319-5007,22900.0,EUR,France,2025-01-28 00:00:00,Watches,2025-01-06,22900.0
Chopard,https://www.chopard.com/fr-fr/watch/384319-5010.html,"https://objects-prod.cdn.chopard.com/q_auto,f_auto,dpr_auto/e_trim/c_lpad,w_iw,h_ih/c_lpad,ar_1:1,w_800,g_center/ProductsAssets/Web/384319-5010_01.png",IMPERIALE,384319-5010,23500.0,EUR,France,2025-01-28 00:00:00,Watches,2025-01-06,23500.0
Chopard,https://www.chopard.com/fr-fr/watch/384246-1001.html,"https://objects-prod.cdn.chopard.com/q_auto,f_auto,dpr_auto/e_trim/c_lpad,w_iw,h_ih/c_lpad,ar_1:1,w_800,g_center/ProductsAssets/Web/384246-1001_01.png",IMPERIALE,384246-1001,64500.0,EUR,France,2025-01-28 00:00:00,Watches,2025-01-06,64500.0
Chopard,https://www.chopard.com/fr-fr/watch/384246-1002.html,"https://objects-prod.cdn.chopard.com/q_auto,f_auto,dpr_auto/e_trim/c_lpad,w_iw,h_ih/c_lpad,ar_1:1,w_800,g_center/ProductsAssets/Web/384246-1002_01.png",IMPERIALE,384246-1002,74700.0,EUR,France,2025-01-28 00:00:00,Watches,2025-01-06,74700.0
Chopard,https://www.chopard.com/fr-fr/watch/385388-5001.html,"https://objects-prod.cdn.chopard.com/q_auto,f_auto,dpr_auto/e_trim/c_lpad,w_iw,h_ih/c_lpad,ar_1:1,w_800,g_center/ProductsAssets/Web/385388-5001_01.png",IMPERIALE,385388-5001,101000.0,EUR,France,2025-01-28 00:00:00,Watches,2025-01-06,101000.0
Chopard,https://www.chopard.com/fr-fr/watch/168629-3001.html,"https://objects-prod.cdn.chopard.com/q_auto,f_auto,dpr_auto/e_trim/c_lpad,w_iw,h_ih/c_lpad,ar_1:1,w_800,g_center/ProductsAssets/Web/168629-3001_01.png",L.U.C,168629-3001,12700.0,EUR,France,2025-01-28 00:00:00,Watches,2025-01-06,12700.0
Chopard,https://www.chopard.com/fr-fr/watch/168579-3004.html,"https://objects-prod.cdn.chopard.com/q_auto,f_auto,dpr_auto/e_trim/c_lpad,w_iw,h_ih/c_lpad,ar_1:1,w_800,g_center/ProductsAssets/Web/168579-3004_01.png",L.U.C,168579-3004,14100.0,EUR,France,2025-01-28 00:00:00,Watches,2025-01-06,14100.0
Chopard,https://www.chopard.com/fr-fr/watch/168574-3008.html,"https://objects-prod.cdn.chopard.com/q_auto,f_auto,dpr_auto/e_trim/c_lpad,w_iw,h_ih/c_lpad,ar_1:1,w_800,g_center/ProductsAssets/Web/168574-3008_01.png",L.U.C,168574-3008,18900.0,EUR,France,2025-01-28 00:00:00,Watches,2025-01-06,18900.0
Chopard,https://www.chopard.com/fr-fr/watch/161948-5001.html,"https://objects-prod.cdn.chopard.com/q_auto,f_auto,dpr_auto/e_trim/c_lpad,w_iw,h_ih/c_lpad,ar_1:1,w_800,g_center/ProductsAssets/Web/161948-5001_01.png",L.U.C,161948-5001,20400.0,EUR,France,2025-01-28 00:00:00,Watches,2025-01-06,20400.0
Chopard,https://www.chopard.com/fr-fr/watch/161948-1001.html,"https://objects-prod.cdn.chopard.com/q_auto,f_auto,dpr_auto/e_trim/c_lpad,w_iw,h_ih/c_lpad,ar_1:1,w_800,g_center/ProductsAssets/Web/161948-1001_01.png",L.U.C,161948-1001,20400.0,EUR,France,2025-01-28 00:00:00,Watches,2025-01-06,20400.0
Chopard,https://www.chopard.com/fr-fr/watch/168631-3001.html,"https://objects-prod.cdn.chopard.com/q_auto,f_auto,dpr_auto/e_trim/c_lpad,w_iw,h_ih/c_lpad,ar_1:1,w_800,g_center/ProductsAssets/Web/168631-3001_01.png",L.U.C,168631-3001,21800.0,EUR,France,2025-01-28 00:00:00,Watches,2025-01-06,21800.0
Chopard,https://www.chopard.com/fr-fr/watch/161945-1001.html,"https://objects-prod.cdn.chopard.com/q_auto,f_auto,dpr_auto/e_trim/c_lpad,w_iw,h_ih/c_lpad,ar_1:1,w_800,g_center/ProductsAssets/Web/161945-1001_01.png",L.U.C,161945-1001,24600.0,EUR,France,2025-01-28 00:00:00,Watches,2025-01-06,24600.0
Chopard,https://www.chopard.com/fr-fr/watch/161943-5001.html,"https://objects-prod.cdn.chopard.com/q_auto,f_auto,dpr_auto/e_trim/c_lpad,w_iw,h_ih/c_lpad,ar_1:1,w_800,g_center/ProductsAssets/Web/161943-5001_01.png",L.U.C,161943-5001,25100.0,EUR,France,2025-01-28 00:00:00,Watches,2025-01-06,25100.0
Chopard,https://www.chopard.com/fr-fr/watch/168860-3003.html,"https://objects-prod.cdn.chopard.com/q_auto,f_auto,dpr_auto/e_trim/c_lpad,w_iw,h_ih/c_lpad,ar_1:1,w_800,g_center/ProductsAssets/Web/168860-3003_01.png",L.U.C,168860-3003,27000.0,EUR,France,2025-01-28 00:00:00,Watches,2025-01-06,27000.0
Chopard,https://www.chopard.com/fr-fr/watch/162296-5001.html,"https://objects-prod.cdn.chopard.com/q_auto,f_auto,dpr_auto/e_trim/c_lpad,w_iw,h_ih/c_lpad,ar_1:1,w_800,g_center/ProductsAssets/Web/162296-5001_01.png",L.U.C,162296-5001,29900.0,EUR,France,2025-01-28 00:00:00,Watches,2025-01-06,29900.0
Chopard,https://www.chopard.com/fr-fr/watch/168561-3003.html,"https://objects-prod.cdn.chopard.com/q_auto,f_auto,dpr_auto/e_trim/c_lpad,w_iw,h_ih/c_lpad,ar_1:1,w_800,g_center/ProductsAssets/Web/168561-3003_01.png",L.U.C,168561-3003,29900.0,EUR,France,2025-01-28 00:00:00,Watches,2025-01-06,29900.0
Chopard,https://www.chopard.com/fr-fr/watch/161942-5001.html,"https://objects-prod.cdn.chopard.com/q_auto,f_auto,dpr_auto/e_trim/c_lpad,w_iw,h_ih/c_lpad,ar_1:1,w_800,g_center/ProductsAssets/Web/161942-5001_01.png",L.U.C,161942-5001,30200.0,EUR,France,2025-01-28 00:00:00,Watches,2025-01-06,30200.0
Chopard,https://www.chopard.com/fr-fr/watch/161902-5079.html,"https://objects-prod.cdn.chopard.com/q_auto,f_auto,dpr_auto/e_trim/c_lpad,w_iw,h_ih/c_lpad,ar_1:1,w_800,g_center/ProductsAssets/Web/161902-5079_01.png",L.U.C,161902-5079,30200.0,EUR,France,2025-01-28 00:00:00,Watches,2025-01-06,30200.0
Chopard,https://www.chopard.com/fr-fr/watch/168556-3002.html,"https://objects-prod.cdn.chopard.com/q_auto,f_auto,dpr_auto/e_trim/c_lpad,w_iw,h_ih/c_lpad,ar_1:1,w_800,g_center/ProductsAssets/Web/168556-3002_01.png",L.U.C,168556-3002,36500.0,EUR,France,2025-01-28 00:00:00,Watches,2025-01-06,36500.0
Chopard,https://www.chopard.com/fr-fr/watch/161242-0001.html,"https://objects-prod.cdn.chopard.com/q_auto,f_auto,dpr_auto/e_trim/c_lpad,w_iw,h_ih/c_lpad,ar_1:1,w_800,g_center/ProductsAssets/Web/161242-0001_01.png",L.U.C,161242-0001,38800.0,EUR,France,2025-01-28 00:00:00,Watches,2025-01-06,38800.0
Chopard,https://www.chopard.com/fr-fr/watch/161242-0002.html,"https://objects-prod.cdn.chopard.com/q_auto,f_auto,dpr_auto/e_trim/c_lpad,w_iw,h_ih/c_lpad,ar_1:1,w_800,g_center/ProductsAssets/Web/161242-0002_01.png",L.U.C,161242-0002,43100.0,EUR,France,2025-01-28 00:00:00,Watches,2025-01-06,43100.0
Chopard,https://www.chopard.com/fr-fr/watch/161942-9001.html,"https://objects-prod.cdn.chopard.com/q_auto,f_auto,dpr_auto/e_trim/c_lpad,w_iw,h_ih/c_lpad,ar_1:1,w_800,g_center/ProductsAssets/Web/161942-9001_01.png",L.U.C,161942-9001,47300.0,EUR,France,2025-01-28 00:00:00,Watches,2025-01-06,47300.0
Chopard,https://www.chopard.com/fr-fr/watch/161980-5001.html,"https://objects-prod.cdn.chopard.com/q_auto,f_auto,dpr_auto/e_trim/c_lpad,w_iw,h_ih/c_lpad,ar_1:1,w_800,g_center/ProductsAssets/Web/161980-5001_01.png",L.U.C,161980-5001,47400.0,EUR,France,2025-01-28 00:00:00,Watches,2025-01-06,47400.0
Chopard,https://www.chopard.com/fr-fr/watch/172296-1001.html,"https://objects-prod.cdn.chopard.com/q_auto,f_auto,dpr_auto/e_trim/c_lpad,w_iw,h_ih/c_lpad,ar_1:1,w_800,g_center/ProductsAssets/Web/172296-1001_01.png",L.U.C,172296-1001,53200.0,EUR,France,2025-01-28 00:00:00,Watches,2025-01-06,53200.0
Chopard,https://www.chopard.com/fr-fr/watch/161977-1001.html,"https://objects-prod.cdn.chopard.com/q_auto,f_auto,dpr_auto/e_trim/c_lpad,w_iw,h_ih/c_lpad,ar_1:1,w_800,g_center/ProductsAssets/Web/161977-1001_01.png",L.U.C,161977-1001,53900.0,EUR,France,2025-01-28 00:00:00,Watches,2025-01-06,53900.0
Chopard,https://www.chopard.com/fr-fr/watch/161977-5001.html,"https://objects-prod.cdn.chopard.com/q_auto,f_auto,dpr_auto/e_trim/c_lpad,w_iw,h_ih/c_lpad,ar_1:1,w_800,g_center/ProductsAssets/Web/161977-5001_01.png",L.U.C,161977-5001,53900.0,EUR,France,2025-01-28 00:00:00,Watches,2025-01-06,53900.0
Chopard,https://www.chopard.com/fr-fr/watch/161976-5003.html,"https://objects-prod.cdn.chopard.com/q_auto,f_auto,dpr_auto/e_trim/c_lpad,w_iw,h_ih/c_lpad,ar_1:1,w_800,g_center/ProductsAssets/Web/161976-5003_01.png",L.U.C,161976-5003,60000.0,EUR,France,2025-01-28 00:00:00,Watches,2025-01-06,60000.0
Chopard,https://www.chopard.com/fr-fr/watch/161949-1001.html,"https://objects-prod.cdn.chopard.com/q_auto,f_auto,dpr_auto/e_trim/c_lpad,w_iw,h_ih/c_lpad,ar_1:1,w_800,g_center/ProductsAssets/Web/161949-1001_01.png",L.U.C,161949-1001,73800.0,EUR,France,2025-01-28 00:00:00,Watches,2025-01-06,73800.0
Chopard,https://www.chopard.com/fr-fr/watch/168611-3001.html,"https://objects-prod.cdn.chopard.com/q_auto,f_auto,dpr_auto/e_trim/c_lpad,w_iw,h_ih/c_lpad,ar_1:1,w_800,g_center/ProductsAssets/Web/168611-3001_01.png",L.U.C,168611-3001,90300.0,EUR,France,2025-01-28 00:00:00,Watches,2025-01-06,90300.0
Chopard,https://www.chopard.com/fr-fr/watch/10A178-1301.html,"https://objects-prod.cdn.chopard.com/q_auto,f_auto,dpr_auto/e_trim/c_lpad,w_iw,h_ih/c_lpad,ar_1:1,w_800,g_center/ProductsAssets/Web/10A178-1301_01.png",L'HEURE DU DIAMANT,10A178-1301,49800.0,EUR,France,2025-01-28 00:00:00,Watches,2025-01-06,49800.0
Chopard,https://www.chopard.com/fr-fr/watch/10A178-5301.html,"https://objects-prod.cdn.chopard.com/q_auto,f_auto,dpr_auto/e_trim/c_lpad,w_iw,h_ih/c_lpad,ar_1:1,w_800,g_center/ProductsAssets/Web/10A178-5301_01.png",L'HEURE DU DIAMANT,10A178-5301,49800.0,EUR,France,2025-01-28 00:00:00,Watches,2025-01-06,49800.0
Chopard,https://www.chopard.com/fr-fr/watch/10A178-1314.html,"https://objects-prod.cdn.chopard.com/q_auto,f_auto,dpr_auto/e_trim/c_lpad,w_iw,h_ih/c_lpad,ar_1:1,w_800,g_center/ProductsAssets/Web/10A178-1314_01.png",L'HEURE DU DIAMANT,10A178-1314,52000.0,EUR,France,2025-01-28 00:00:00,Watches,2025-01-06,52000.0
Chopard,https://www.chopard.com/fr-fr/watch/13A387-1115.html,"https://objects-prod.cdn.chopard.com/q_auto,f_auto,dpr_auto/e_trim/c_lpad,w_iw,h_ih/c_lpad,ar_1:1,w_800,g_center/ProductsAssets/Web/13A387-1115_01.png",L'HEURE DU DIAMANT,13A387-1115,55700.0,EUR,France,2025-01-28 00:00:00,Watches,2025-01-06,55700.0
Chopard,https://www.chopard.com/fr-fr/watch/13A097-1111.html,"https://objects-prod.cdn.chopard.com/q_auto,f_auto,dpr_auto/e_trim/c_lpad,w_iw,h_ih/c_lpad,ar_1:1,w_800,g_center/ProductsAssets/Web/13A097-1111_01.png",L'HEURE DU DIAMANT,13A097-1111,61000.0,EUR,France,2025-01-28 00:00:00,Watches,2025-01-06,61000.0
Chopard,https://www.chopard.com/fr-fr/watch/10A178-5321.html,"https://objects-prod.cdn.chopard.com/q_auto,f_auto,dpr_auto/e_trim/c_lpad,w_iw,h_ih/c_lpad,ar_1:1,w_800,g_center/ProductsAssets/Web/10A178-5321_01.png",L'HEURE DU DIAMANT,10A178-5321,61500.0,EUR,France,2025-01-28 00:00:00,Watches,2025-01-06,61500.0
Chopard,https://www.chopard.com/fr-fr/watch/13A097-1112.html,"https://objects-prod.cdn.chopard.com/q_auto,f_auto,dpr_auto/e_trim/c_lpad,w_iw,h_ih/c_lpad,ar_1:1,w_800,g_center/ProductsAssets/Web/13A097-1112_01.png",L'HEURE DU DIAMANT,13A097-1112,61800.0,EUR,France,2025-01-28 00:00:00,Watches,2025-01-06,61800.0
Chopard,https://www.chopard.com/fr-fr/watch/13A419-1601.html,"https://objects-prod.cdn.chopard.com/q_auto,f_auto,dpr_auto/e_trim/c_lpad,w_iw,h_ih/c_lpad,ar_1:1,w_800,g_center/ProductsAssets/Web/13A419-1601_01.png",L'HEURE DU DIAMANT,13A419-1601,69100.0,EUR,France,2025-01-28 00:00:00,Watches,2025-01-06,69100.0
Chopard,https://www.chopard.com/fr-fr/watch/13A393-5106.html,"https://objects-prod.cdn.chopard.com/q_auto,f_auto,dpr_auto/e_trim/c_lpad,w_iw,h_ih/c_lpad,ar_1:1,w_800,g_center/ProductsAssets/Web/13A393-5106_01.png",L'HEURE DU DIAMANT,13A393-5106,74900.0,EUR,France,2025-01-28 00:00:00,Watches,2025-01-06,74900.0
Chopard,https://www.chopard.com/fr-fr/watch/13A393-1106.html,"https://objects-prod.cdn.chopard.com/q_auto,f_auto,dpr_auto/e_trim/c_lpad,w_iw,h_ih/c_lpad,ar_1:1,w_800,g_center/ProductsAssets/Web/13A393-1106_01.png",L'HEURE DU DIAMANT,13A393-1106,74900.0,EUR,France,2025-01-28 00:00:00,Watches,2025-01-06,74900.0
Chopard,https://www.chopard.com/fr-fr/watch/10A384-5111.html,"https://objects-prod.cdn.chopard.com/q_auto,f_auto,dpr_auto/e_trim/c_lpad,w_iw,h_ih/c_lpad,ar_1:1,w_800,g_center/ProductsAssets/Web/10A384-5111_01.png",L'HEURE DU DIAMANT,10A384-5111,75800.0,EUR,France,2025-01-28 00:00:00,Watches,2025-01-06,75800.0
Chopard,https://www.chopard.com/fr-fr/watch/10A386-5111.html,"https://objects-prod.cdn.chopard.com/q_auto,f_auto,dpr_auto/e_trim/c_lpad,w_iw,h_ih/c_lpad,ar_1:1,w_800,g_center/ProductsAssets/Web/10A386-5111_01.png",L'HEURE DU DIAMANT,10A386-5111,79600.0,EUR,France,2025-01-28 00:00:00,Watches,2025-01-06,79600.0
Chopard,https://www.chopard.com/fr-fr/watch/%4010A391-5300.html,"https://objects-prod.cdn.chopard.com/q_auto,f_auto,dpr_auto/e_trim/c_lpad,w_iw,h_ih/c_lpad,ar_1:1,w_800,g_center/ProductsAssets/Web/@10A391-5300_01.png",L'HEURE DU DIAMANT,10A391-5300,80100.0,EUR,France,2025-01-28 00:00:00,Watches,2025-01-06,80100.0
Chopard,https://www.chopard.com/fr-fr/watch/%4010A391-5100.html,"https://objects-prod.cdn.chopard.com/q_auto,f_auto,dpr_auto/e_trim/c_lpad,w_iw,h_ih/c_lpad,ar_1:1,w_800,g_center/ProductsAssets/Web/@10A391-5100_01.png",L'HEURE DU DIAMANT,10A391-5100,80100.0,EUR,France,2025-01-28 00:00:00,Watches,2025-01-06,80100.0
Chopard,https://www.chopard.com/fr-fr/watch/%4010A391-1300.html,"https://objects-prod.cdn.chopard.com/q_auto,f_auto,dpr_auto/e_trim/c_lpad,w_iw,h_ih/c_lpad,ar_1:1,w_800,g_center/ProductsAssets/Web/@10A391-1300_01.png",L'HEURE DU DIAMANT,10A391-1300,80100.0,EUR,France,2025-01-28 00:00:00,Watches,2025-01-06,80100.0
Chopard,https://www.chopard.com/fr-fr/watch/%4010A391-1100.html,"https://objects-prod.cdn.chopard.com/q_auto,f_auto,dpr_auto/e_trim/c_lpad,w_iw,h_ih/c_lpad,ar_1:1,w_800,g_center/ProductsAssets/Web/@10A391-1100_01.png",L'HEURE DU DIAMANT,10A391-1100,80100.0,EUR,France,2025-01-28 00:00:00,Watches,2025-01-06,80100.0
Chopard,https://www.chopard.com/fr-fr/watch/10A326-5106.html,"https://objects-prod.cdn.chopard.com/q_auto,f_auto,dpr_auto/e_trim/c_lpad,w_iw,h_ih/c_lpad,ar_1:1,w_800,g_center/ProductsAssets/Web/10A326-5106_01.png",L'HEURE DU DIAMANT,10A326-5106,81300.0,EUR,France,2025-01-28 00:00:00,Watches,2025-01-06,81300.0
Chopard,https://www.chopard.com/fr-fr/watch/10A326-1106.html,"https://objects-prod.cdn.chopard.com/q_auto,f_auto,dpr_auto/e_trim/c_lpad,w_iw,h_ih/c_lpad,ar_1:1,w_800,g_center/ProductsAssets/Web/10A326-1106_01.png",L'HEURE DU DIAMANT,10A326-1106,81300.0,EUR,France,2025-01-28 00:00:00,Watches,2025-01-06,81300.0
Chopard,https://www.chopard.com/fr-fr/watch/10A097-1404.html,"https://objects-prod.cdn.chopard.com/q_auto,f_auto,dpr_auto/e_trim/c_lpad,w_iw,h_ih/c_lpad,ar_1:1,w_800,g_center/ProductsAssets/Web/10A097-1404_01.png",L'HEURE DU DIAMANT,10A097-1404,82100.0,EUR,France,2025-01-28 00:00:00,Watches,2025-01-06,82100.0
Chopard,https://www.chopard.com/fr-fr/watch/10A097-5404.html,"https://objects-prod.cdn.chopard.com/q_auto,f_auto,dpr_auto/e_trim/c_lpad,w_iw,h_ih/c_lpad,ar_1:1,w_800,g_center/ProductsAssets/Web/10A097-5404_01.png",L'HEURE DU DIAMANT,10A097-5404,82100.0,EUR,France,2025-01-28 00:00:00,Watches,2025-01-06,82100.0
Chopard,https://www.chopard.com/fr-fr/watch/10A419-5623.html,"https://objects-prod.cdn.chopard.com/q_auto,f_auto,dpr_auto/e_trim/c_lpad,w_iw,h_ih/c_lpad,ar_1:1,w_800,g_center/ProductsAssets/Web/10A419-5623_01.png",L'HEURE DU DIAMANT,10A419-5623,87400.0,EUR,France,2025-01-28 00:00:00,Watches,2025-01-06,87400.0
Chopard,https://www.chopard.com/fr-fr/watch/10A386-1106.html,"https://objects-prod.cdn.chopard.com/q_auto,f_auto,dpr_auto/e_trim/c_lpad,w_iw,h_ih/c_lpad,ar_1:1,w_800,g_center/ProductsAssets/Web/10A386-1106_01.png",L'HEURE DU DIAMANT,10A386-1106,88500.0,EUR,France,2025-01-28 00:00:00,Watches,2025-01-06,88500.0
Chopard,https://www.chopard.com/fr-fr/watch/139383-5223.html,"https://objects-prod.cdn.chopard.com/q_auto,f_auto,dpr_auto/e_trim/c_lpad,w_iw,h_ih/c_lpad,ar_1:1,w_800,g_center/ProductsAssets/Web/139383-5223_01.png",L'HEURE DU DIAMANT,139383-5223,89600.0,EUR,France,2025-01-28 00:00:00,Watches,2025-01-06,89600.0
Chopard,https://www.chopard.com/fr-fr/watch/139383-1223.html,"https://objects-prod.cdn.chopard.com/q_auto,f_auto,dpr_auto/e_trim/c_lpad,w_iw,h_ih/c_lpad,ar_1:1,w_800,g_center/ProductsAssets/Web/139383-1223_01.png",L'HEURE DU DIAMANT,139383-1223,89600.0,EUR,France,2025-01-28 00:00:00,Watches,2025-01-06,89600.0
Chopard,https://www.chopard.com/fr-fr/watch/10A386-5107.html,"https://objects-prod.cdn.chopard.com/q_auto,f_auto,dpr_auto/e_trim/c_lpad,w_iw,h_ih/c_lpad,ar_1:1,w_800,g_center/ProductsAssets/Web/10A386-5107_01.png",L'HEURE DU DIAMANT,10A386-5107,92000.0,EUR,France,2025-01-28 00:00:00,Watches,2025-01-06,92000.0
Chopard,https://www.chopard.com/fr-fr/watch/10A393-5106.html,"https://objects-prod.cdn.chopard.com/q_auto,f_auto,dpr_auto/e_trim/c_lpad,w_iw,h_ih/c_lpad,ar_1:1,w_800,g_center/ProductsAssets/Web/10A393-5106_01.png",L'HEURE DU DIAMANT,10A393-5106,94100.0,EUR,France,2025-01-28 00:00:00,Watches,2025-01-06,94100.0
Chopard,https://www.chopard.com/fr-fr/watch/10A393-1106.html,"https://objects-prod.cdn.chopard.com/q_auto,f_auto,dpr_auto/e_trim/c_lpad,w_iw,h_ih/c_lpad,ar_1:1,w_800,g_center/ProductsAssets/Web/10A393-1106_01.png",L'HEURE DU DIAMANT,10A393-1106,94100.0,EUR,France,2025-01-28 00:00:00,Watches,2025-01-06,94100.0
Chopard,https://www.chopard.com/fr-fr/watch/%4013A390-1100.html,"https://objects-prod.cdn.chopard.com/q_auto,f_auto,dpr_auto/e_trim/c_lpad,w_iw,h_ih/c_lpad,ar_1:1,w_800,g_center/ProductsAssets/Web/@13A390-1100_01.png",L'HEURE DU DIAMANT,13A390-1100,96300.0,EUR,France,2025-01-28 00:00:00,Watches,2025-01-06,96300.0
Chopard,https://www.chopard.com/fr-fr/watch/%4013A390-5100.html,"https://objects-prod.cdn.chopard.com/q_auto,f_auto,dpr_auto/e_trim/c_lpad,w_iw,h_ih/c_lpad,ar_1:1,w_800,g_center/ProductsAssets/Web/@13A390-5100_01.png",L'HEURE DU DIAMANT,13A390-5100,96300.0,EUR,France,2025-01-28 00:00:00,Watches,2025-01-06,96300.0
Chopard,https://www.chopard.com/fr-fr/watch/139419-1601.html,"https://objects-prod.cdn.chopard.com/q_auto,f_auto,dpr_auto/e_trim/c_lpad,w_iw,h_ih/c_lpad,ar_1:1,w_800,g_center/ProductsAssets/Web/139419-1601_01.png",L'HEURE DU DIAMANT,139419-1601,103000.0,EUR,France,2025-01-28 00:00:00,Watches,2025-01-06,103000.0
Chopard,https://www.chopard.com/fr-fr/watch/139383-1201.html,"https://objects-prod.cdn.chopard.com/q_auto,f_auto,dpr_auto/e_trim/c_lpad,w_iw,h_ih/c_lpad,ar_1:1,w_800,g_center/ProductsAssets/Web/139383-1201_01.png",L'HEURE DU DIAMANT,139383-1201,110000.0,EUR,France,2025-01-28 00:00:00,Watches,2025-01-06,110000.0
Chopard,https://www.chopard.com/fr-fr/watch/168565-3001.html,"https://objects-prod.cdn.chopard.com/q_auto,f_auto,dpr_auto/e_trim/c_lpad,w_iw,h_ih/c_lpad,ar_1:1,w_800,g_center/ProductsAssets/Web/168565-3001_01.png",MILLE MIGLIA,168565-3001,6880.0,EUR,France,2025-01-28 00:00:00,Watches,2025-01-06,6880.0
Chopard,https://www.chopard.com/fr-fr/watch/168566-3001.html,"https://objects-prod.cdn.chopard.com/q_auto,f_auto,dpr_auto/e_trim/c_lpad,w_iw,h_ih/c_lpad,ar_1:1,w_800,g_center/ProductsAssets/Web/168566-3001_01.png",MILLE MIGLIA,168566-3001,7530.0,EUR,France,2025-01-28 00:00:00,Watches,2025-01-06,7530.0
Chopard,https://www.chopard.com/fr-fr/watch/168571-3001.html,"https://objects-prod.cdn.chopard.com/q_auto,f_auto,dpr_auto/e_trim/c_lpad,w_iw,h_ih/c_lpad,ar_1:1,w_800,g_center/ProductsAssets/Web/168571-3001_01.png",MILLE MIGLIA,168571-3001,8250.0,EUR,France,2025-01-28 00:00:00,Watches,2025-01-06,8250.0
Chopard,https://www.chopard.com/fr-fr/watch/168566-3007.html,"https://objects-prod.cdn.chopard.com/q_auto,f_auto,dpr_auto/e_trim/c_lpad,w_iw,h_ih/c_lpad,ar_1:1,w_800,g_center/ProductsAssets/Web/168566-3007_01.png",MILLE MIGLIA,168566-3007,9760.0,EUR,France,2025-01-28 00:00:00,Watches,2025-01-06,9760.0
Chopard,https://www.chopard.com/fr-fr/watch/168619-3001.html,"https://objects-prod.cdn.chopard.com/q_auto,f_auto,dpr_auto/e_trim/c_lpad,w_iw,h_ih/c_lpad,ar_1:1,w_800,g_center/ProductsAssets/Web/168619-3001_01.png",MILLE MIGLIA,168619-3001,9820.0,EUR,France,2025-01-28 00:00:00,Watches,2025-01-06,9820.0
Chopard,https://www.chopard.com/fr-fr/watch/168619-3005.html,"https://objects-prod.cdn.chopard.com/q_auto,f_auto,dpr_auto/e_trim/c_lpad,w_iw,h_ih/c_lpad,ar_1:1,w_800,g_center/ProductsAssets/Web/168619-3005_01.png",MILLE MIGLIA,168619-3005,10100.0,EUR,France,2025-01-28 00:00:00,Watches,2025-01-06,10100.0
Chopard,https://www.chopard.com/fr-fr/watch/168619-3004.html,"https://objects-prod.cdn.chopard.com/q_auto,f_auto,dpr_auto/e_trim/c_lpad,w_iw,h_ih/c_lpad,ar_1:1,w_800,g_center/ProductsAssets/Web/168619-3004_01.png",MILLE MIGLIA,168619-3004,10100.0,EUR,France,2025-01-28 00:00:00,Watches,2025-01-06,10100.0
Chopard,https://www.chopard.com/fr-fr/watch/168619-3003.html,"https://objects-prod.cdn.chopard.com/q_auto,f_auto,dpr_auto/e_trim/c_lpad,w_iw,h_ih/c_lpad,ar_1:1,w_800,g_center/ProductsAssets/Web/168619-3003_01.png",MILLE MIGLIA,168619-3003,10100.0,EUR,France,2025-01-28 00:00:00,Watches,2025-01-06,10100.0
Chopard,https://www.chopard.com/fr-fr/watch/168619-3007.html,"https://objects-prod.cdn.chopard.com/q_auto,f_auto,dpr_auto/e_trim/c_lpad,w_iw,h_ih/c_lpad,ar_1:1,w_800,g_center/ProductsAssets/Web/168619-3007_01.png",MILLE MIGLIA,168619-3007,10400.0,EUR,France,2025-01-28 00:00:00,Watches,2025-01-06,10400.0
Chopard,https://www.chopard.com/fr-fr/watch/168619-3006.html,"https://objects-prod.cdn.chopard.com/q_auto,f_auto,dpr_auto/e_trim/c_lpad,w_iw,h_ih/c_lpad,ar_1:1,w_800,g_center/ProductsAssets/Web/168619-3006_01.png",MILLE MIGLIA,168619-3006,11100.0,EUR,France,2025-01-28 00:00:00,Watches,2025-01-06,11100.0
Chopard,https://www.chopard.com/fr-fr/watch/168619-4001.html,"https://objects-prod.cdn.chopard.com/q_auto,f_auto,dpr_auto/e_trim/c_lpad,w_iw,h_ih/c_lpad,ar_1:1,w_800,g_center/ProductsAssets/Web/168619-4001_01.png",MILLE MIGLIA,168619-4001,11900.0,EUR,France,2025-01-28 00:00:00,Watches,2025-01-06,11900.0
Chopard,https://www.chopard.com/fr-fr/watch/168619-4002.html,"https://objects-prod.cdn.chopard.com/q_auto,f_auto,dpr_auto/e_trim/c_lpad,w_iw,h_ih/c_lpad,ar_1:1,w_800,g_center/ProductsAssets/Web/168619-4002_01.png",MILLE MIGLIA,168619-4002,13000.0,EUR,France,2025-01-28 00:00:00,Watches,2025-01-06,13000.0
Chopard,https://www.chopard.com/en-gb/watch/298617-3001.html,"https://objects-prod.cdn.chopard.com/q_auto,f_auto,dpr_auto/e_trim/c_lpad,w_iw,h_ih/c_lpad,ar_1:1,w_800,g_center/ProductsAssets/Web/298617-3001_01.png",ALPINE EAGLE,298617-3001,10100.0,GBP,UK,2025-01-28 00:00:00,Watches,2025-01-06,11649.37
Chopard,https://www.chopard.com/en-gb/watch/298601-3001.html,"https://objects-prod.cdn.chopard.com/q_auto,f_auto,dpr_auto/e_trim/c_lpad,w_iw,h_ih/c_lpad,ar_1:1,w_800,g_center/ProductsAssets/Web/298601-3001_01.png",ALPINE EAGLE,298601-3001,10500.0,GBP,UK,2025-01-28 00:00:00,Watches,2025-01-06,12110.73
Chopard,https://www.chopard.com/en-gb/watch/298600-3002.html,"https://objects-prod.cdn.chopard.com/q_auto,f_auto,dpr_auto/e_trim/c_lpad,w_iw,h_ih/c_lpad,ar_1:1,w_800,g_center/ProductsAssets/Web/298600-3002_01.png",ALPINE EAGLE,298600-3002,13300.0,GBP,UK,2025-01-28 00:00:00,Watches,2025-01-06,15340.25
Chopard,https://www.chopard.com/en-gb/watch/298600-3001.html,"https://objects-prod.cdn.chopard.com/q_auto,f_auto,dpr_auto/e_trim/c_lpad,w_iw,h_ih/c_lpad,ar_1:1,w_800,g_center/ProductsAssets/Web/298600-3001_01.png",ALPINE EAGLE,298600-3001,13300.0,GBP,UK,2025-01-28 00:00:00,Watches,2025-01-06,15340.25
Chopard,https://www.chopard.com/en-gb/watch/298617-3002.html,"https://objects-prod.cdn.chopard.com/q_auto,f_auto,dpr_auto/e_trim/c_lpad,w_iw,h_ih/c_lpad,ar_1:1,w_800,g_center/ProductsAssets/Web/298617-3002_01.png",ALPINE EAGLE,298617-3002,13600.0,GBP,UK,2025-01-28 00:00:00,Watches,2025-01-06,15686.27
Chopard,https://www.chopard.com/en-gb/watch/298617-6001.html,"https://objects-prod.cdn.chopard.com/q_auto,f_auto,dpr_auto/e_trim/c_lpad,w_iw,h_ih/c_lpad,ar_1:1,w_800,g_center/ProductsAssets/Web/298617-6001_01.png",ALPINE EAGLE,298617-6001,14200.0,GBP,UK,2025-01-28 00:00:00,Watches,2025-01-06,16378.32
Chopard,https://www.chopard.com/en-gb/watch/298600-3014.html,"https://objects-prod.cdn.chopard.com/q_auto,f_auto,dpr_auto/e_trim/c_lpad,w_iw,h_ih/c_lpad,ar_1:1,w_800,g_center/ProductsAssets/Web/298600-3014_01.png",ALPINE EAGLE,298600-3014,14600.0,GBP,UK,2025-01-28 00:00:00,Watches,2025-01-06,16839.68
Chopard,https://www.chopard.com/en-gb/watch/298601-3004.html,"https://objects-prod.cdn.chopard.com/q_auto,f_auto,dpr_auto/e_trim/c_lpad,w_iw,h_ih/c_lpad,ar_1:1,w_800,g_center/ProductsAssets/Web/298601-3004_01.png",ALPINE EAGLE,298601-3004,14700.0,GBP,UK,2025-01-28 00:00:00,Watches,2025-01-06,16955.02
Chopard,https://www.chopard.com/en-gb/watch/298617-6002.html,"https://objects-prod.cdn.chopard.com/q_auto,f_auto,dpr_auto/e_trim/c_lpad,w_iw,h_ih/c_lpad,ar_1:1,w_800,g_center/ProductsAssets/Web/298617-6002_01.png",ALPINE EAGLE,298617-6002,17600.0,GBP,UK,2025-01-28 00:00:00,Watches,2025-01-06,20299.88
Chopard,https://www.chopard.com/en-gb/watch/298609-3003.html,"https://objects-prod.cdn.chopard.com/q_auto,f_auto,dpr_auto/e_trim/c_lpad,w_iw,h_ih/c_lpad,ar_1:1,w_800,g_center/ProductsAssets/Web/298609-3003_01.png",ALPINE EAGLE,298609-3003,18100.0,GBP,UK,2025-01-28 00:00:00,Watches,2025-01-06,20876.59
Chopard,https://www.chopard.com/en-gb/watch/298609-3004.html,"https://objects-prod.cdn.chopard.com/q_auto,f_auto,dpr_auto/e_trim/c_lpad,w_iw,h_ih/c_lpad,ar_1:1,w_800,g_center/ProductsAssets/Web/298609-3004_01.png",ALPINE EAGLE,298609-3004,18100.0,GBP,UK,2025-01-28 00:00:00,Watches,2025-01-06,20876.59
Chopard,https://www.chopard.com/en-gb/watch/298609-3001.html,"https://objects-prod.cdn.chopard.com/q_auto,f_auto,dpr_auto/e_trim/c_lpad,w_iw,h_ih/c_lpad,ar_1:1,w_800,g_center/ProductsAssets/Web/298609-3001_01.png",ALPINE EAGLE,298609-3001,19500.0,GBP,UK,2025-01-28 00:00:00,Watches,2025-01-06,22491.35
Chopard,https://www.chopard.com/en-gb/watch/298600-3020.html,"https://objects-prod.cdn.chopard.com/q_auto,f_auto,dpr_auto/e_trim/c_lpad,w_iw,h_ih/c_lpad,ar_1:1,w_800,g_center/ProductsAssets/Web/298600-3020_01.png",ALPINE EAGLE,298600-3020,19800.0,GBP,UK,2025-01-28 00:00:00,Watches,2025-01-06,22837.37
Chopard,https://www.chopard.com/en-gb/watch/298600-6001.html,"https://objects-prod.cdn.chopard.com/q_auto,f_auto,dpr_auto/e_trim/c_lpad,w_iw,h_ih/c_lpad,ar_1:1,w_800,g_center/ProductsAssets/Web/298600-6001_01.png",ALPINE EAGLE,298600-6001,20900.0,GBP,UK,2025-01-28 00:00:00,Watches,2025-01-06,24106.11
Chopard,https://www.chopard.com/en-gb/watch/298623-3001.html,"https://objects-prod.cdn.chopard.com/q_auto,f_auto,dpr_auto/e_trim/c_lpad,w_iw,h_ih/c_lpad,ar_1:1,w_800,g_center/ProductsAssets/Web/298623-3001_01.png",ALPINE EAGLE,298623-3001,21900.0,GBP,UK,2025-01-28 00:00:00,Watches,2025-01-06,25259.52
Chopard,https://www.chopard.com/en-gb/watch/298609-3008.html,"https://objects-prod.cdn.chopard.com/q_auto,f_auto,dpr_auto/e_trim/c_lpad,w_iw,h_ih/c_lpad,ar_1:1,w_800,g_center/ProductsAssets/Web/298609-3008_01.png",ALPINE EAGLE,298609-3008,22500.0,GBP,UK,2025-01-28 00:00:00,Watches,2025-01-06,25951.56
Chopard,https://www.chopard.com/en-gb/watch/298630-3001.html,"https://objects-prod.cdn.chopard.com/q_auto,f_auto,dpr_auto/e_trim/c_lpad,w_iw,h_ih/c_lpad,ar_1:1,w_800,g_center/ProductsAssets/Web/298630-3001_01.png",ALPINE EAGLE,298630-3001,23900.0,GBP,UK,2025-01-28 00:00:00,Watches,2025-01-06,27566.32
Chopard,https://www.chopard.com/en-gb/watch/295370-5001.html,"https://objects-prod.cdn.chopard.com/q_auto,f_auto,dpr_auto/e_trim/c_lpad,w_iw,h_ih/c_lpad,ar_1:1,w_800,g_center/ProductsAssets/Web/295370-5001_01.png",ALPINE EAGLE,295370-5001,34000.0,GBP,UK,2025-01-28 00:00:00,Watches,2025-01-06,39215.69
Chopard,https://www.chopard.com/en-gb/watch/295387-9001.html,"https://objects-prod.cdn.chopard.com/q_auto,f_auto,dpr_auto/e_trim/c_lpad,w_iw,h_ih/c_lpad,ar_1:1,w_800,g_center/ProductsAssets/Web/295387-9001_01.png",ALPINE EAGLE,295387-9001,35500.0,GBP,UK,2025-01-28 00:00:00,Watches,2025-01-06,40945.79
Chopard,https://www.chopard.com/en-gb/watch/295384-5001.html,"https://objects-prod.cdn.chopard.com/q_auto,f_auto,dpr_auto/e_trim/c_lpad,w_iw,h_ih/c_lpad,ar_1:1,w_800,g_center/ProductsAssets/Web/295384-5001_01.png",ALPINE EAGLE,295384-5001,37300.0,GBP,UK,2025-01-28 00:00:00,Watches,2025-01-06,43021.91
Chopard,https://www.chopard.com/en-gb/watch/295384-5002.html,"https://objects-prod.cdn.chopard.com/q_auto,f_auto,dpr_auto/e_trim/c_lpad,w_iw,h_ih/c_lpad,ar_1:1,w_800,g_center/ProductsAssets/Web/295384-5002_01.png",ALPINE EAGLE,295384-5002,45900.0,GBP,UK,2025-01-28 00:00:00,Watches,2025-01-06,52941.18
Chopard,https://www.chopard.com/en-gb/watch/295363-5001.html,"https://objects-prod.cdn.chopard.com/q_auto,f_auto,dpr_auto/e_trim/c_lpad,w_iw,h_ih/c_lpad,ar_1:1,w_800,g_center/ProductsAssets/Web/295363-5001_01.png",ALPINE EAGLE,295363-5001,49300.0,GBP,UK,2025-01-28 00:00:00,Watches,2025-01-06,56862.75
Chopard,https://www.chopard.com/en-gb/watch/295363-5007.html,"https://objects-prod.cdn.chopard.com/q_auto,f_auto,dpr_auto/e_trim/c_lpad,w_iw,h_ih/c_lpad,ar_1:1,w_800,g_center/ProductsAssets/Web/295363-5007_01.png",ALPINE EAGLE,295363-5007,50600.0,GBP,UK,2025-01-28 00:00:00,Watches,2025-01-06,58362.17
Chopard,https://www.chopard.com/en-gb/watch/295370-5003.html,"https://objects-prod.cdn.chopard.com/q_auto,f_auto,dpr_auto/e_trim/c_lpad,w_iw,h_ih/c_lpad,ar_1:1,w_800,g_center/ProductsAssets/Web/295370-5003_01.png",ALPINE EAGLE,295370-5003,51300.0,GBP,UK,2025-01-28 00:00:00,Watches,2025-01-06,59169.55
Chopard,https://www.chopard.com/en-gb/watch/295363-0001.html,"https://objects-prod.cdn.chopard.com/q_auto,f_auto,dpr_auto/e_trim/c_lpad,w_iw,h_ih/c_lpad,ar_1:1,w_800,g_center/ProductsAssets/Web/295363-0001_01.png",ALPINE EAGLE,295363-0001,53100.0,GBP,UK,2025-01-28 00:00:00,Watches,2025-01-06,61245.67
Chopard,https://www.chopard.com/en-gb/watch/295393-5002.html,"https://objects-prod.cdn.chopard.com/q_auto,f_auto,dpr_auto/e_trim/c_lpad,w_iw,h_ih/c_lpad,ar_1:1,w_800,g_center/ProductsAssets/Web/295393-5002_01.png",ALPINE EAGLE,295393-5002,66100.0,GBP,UK,2025-01-28 00:00:00,Watches,2025-01-06,76239.91
Chopard,https://www.chopard.com/en-gb/watch/295363-5013.html,"https://objects-prod.cdn.chopard.com/q_auto,f_auto,dpr_auto/e_trim/c_lpad,w_iw,h_ih/c_lpad,ar_1:1,w_800,g_center/ProductsAssets/Web/295363-5013_01.png",ALPINE EAGLE,295363-5013,70900.0,GBP,UK,2025-01-28 00:00:00,Watches,2025-01-06,81776.24
Chopard,https://www.chopard.com/en-gb/watch/295363-1008.html,"https://objects-prod.cdn.chopard.com/q_auto,f_auto,dpr_auto/e_trim/c_lpad,w_iw,h_ih/c_lpad,ar_1:1,w_800,g_center/ProductsAssets/Web/295363-1008_01.png",ALPINE EAGLE,295363-1008,78000.0,GBP,UK,2025-01-28 00:00:00,Watches,2025-01-06,89965.4
Chopard,https://www.chopard.com/en-gb/watch/295363-1007.html,"https://objects-prod.cdn.chopard.com/q_auto,f_auto,dpr_auto/e_trim/c_lpad,w_iw,h_ih/c_lpad,ar_1:1,w_800,g_center/ProductsAssets/Web/295363-1007_01.png",ALPINE EAGLE,295363-1007,78000.0,GBP,UK,2025-01-28 00:00:00,Watches,2025-01-06,89965.4
Chopard,https://www.chopard.com/en-gb/watch/295363-0002.html,"https://objects-prod.cdn.chopard.com/q_auto,f_auto,dpr_auto/e_trim/c_lpad,w_iw,h_ih/c_lpad,ar_1:1,w_800,g_center/ProductsAssets/Web/295363-0002_01.png",ALPINE EAGLE,295363-0002,78000.0,GBP,UK,2025-01-28 00:00:00,Watches,2025-01-06,89965.4
Chopard,https://www.chopard.com/en-gb/watch/295363-1006.html,"https://objects-prod.cdn.chopard.com/q_auto,f_auto,dpr_auto/e_trim/c_lpad,w_iw,h_ih/c_lpad,ar_1:1,w_800,g_center/ProductsAssets/Web/295363-1006_01.png",ALPINE EAGLE,295363-1006,82700.0,GBP,UK,2025-01-28 00:00:00,Watches,2025-01-06,95386.39
Chopard,https://www.chopard.com/en-gb/watch/295363-5011.html,"https://objects-prod.cdn.chopard.com/q_auto,f_auto,dpr_auto/e_trim/c_lpad,w_iw,h_ih/c_lpad,ar_1:1,w_800,g_center/ProductsAssets/Web/295363-5011_01.png",ALPINE EAGLE,295363-5011,82700.0,GBP,UK,2025-01-28 00:00:00,Watches,2025-01-06,95386.39
Chopard,https://www.chopard.com/en-gb/watch/209415-5004.html,"https://objects-prod.cdn.chopard.com/q_auto,f_auto,dpr_auto/e_trim/c_lpad,w_iw,h_ih/c_lpad,ar_1:1,w_800,g_center/ProductsAssets/Web/209415-5004_01.png",HAPPY DIAMONDS,209415-5004,8820.0,GBP,UK,2025-01-28 00:00:00,Watches,2025-01-06,10173.01
Chopard,https://www.chopard.com/en-gb/watch/203957-5214.html,"https://objects-prod.cdn.chopard.com/q_auto,f_auto,dpr_auto/e_trim/c_lpad,w_iw,h_ih/c_lpad,ar_1:1,w_800,g_center/ProductsAssets/Web/203957-5214_01.png",HAPPY DIAMONDS,203957-5214,16200.0,GBP,UK,2025-01-28 00:00:00,Watches,2025-01-06,18685.12
Chopard,https://www.chopard.com/en-gb/watch/203957-1214.html,"https://objects-prod.cdn.chopard.com/q_auto,f_auto,dpr_auto/e_trim/c_lpad,w_iw,h_ih/c_lpad,ar_1:1,w_800,g_center/ProductsAssets/Web/203957-1214_01.png",HAPPY DIAMONDS,203957-1214,16200.0,GBP,UK,2025-01-28 00:00:00,Watches,2025-01-06,18685.12
Chopard,https://www.chopard.com/en-gb/watch/209426-1201.html,"https://objects-prod.cdn.chopard.com/q_auto,f_auto,dpr_auto/e_trim/c_lpad,w_iw,h_ih/c_lpad,ar_1:1,w_800,g_center/ProductsAssets/Web/209426-1201_01.png",HAPPY DIAMONDS,209426-1201,19000.0,GBP,UK,2025-01-28 00:00:00,Watches,2025-01-06,21914.65
Chopard,https://www.chopard.com/en-gb/watch/209426-5201.html,"https://objects-prod.cdn.chopard.com/q_auto,f_auto,dpr_auto/e_trim/c_lpad,w_iw,h_ih/c_lpad,ar_1:1,w_800,g_center/ProductsAssets/Web/209426-5201_01.png",HAPPY DIAMONDS,209426-5201,19000.0,GBP,UK,2025-01-28 00:00:00,Watches,2025-01-06,21914.65
Chopard,https://www.chopard.com/en-gb/watch/205369-5002.html,"https://objects-prod.cdn.chopard.com/q_auto,f_auto,dpr_auto/e_trim/c_lpad,w_iw,h_ih/c_lpad,ar_1:1,w_800,g_center/ProductsAssets/Web/205369-5002_01.png",HAPPY DIAMONDS,205369-5002,30200.0,GBP,UK,2025-01-28 00:00:00,Watches,2025-01-06,34832.76
Chopard,https://www.chopard.com/en-gb/watch/278620-3001.html,"https://objects-prod.cdn.chopard.com/q_auto,f_auto,dpr_auto/e_trim/c_lpad,w_iw,h_ih/c_lpad,ar_1:1,w_800,g_center/ProductsAssets/Web/278620-3001_01.png",HAPPY SPORT,278620-3001,4190.0,GBP,UK,2025-01-28 00:00:00,Watches,2025-01-06,4832.76
Chopard,https://www.chopard.com/en-gb/watch/278590-3001.html,"https://objects-prod.cdn.chopard.com/q_auto,f_auto,dpr_auto/e_trim/c_lpad,w_iw,h_ih/c_lpad,ar_1:1,w_800,g_center/ProductsAssets/Web/278590-3001_01.png",HAPPY SPORT,278590-3001,4390.0,GBP,UK,2025-01-28 00:00:00,Watches,2025-01-06,5063.44
Chopard,https://www.chopard.com/en-gb/watch/278620-3004.html,"https://objects-prod.cdn.chopard.com/q_auto,f_auto,dpr_auto/e_trim/c_lpad,w_iw,h_ih/c_lpad,ar_1:1,w_800,g_center/ProductsAssets/Web/278620-3004_01.png",HAPPY SPORT,278620-3004,4410.0,GBP,UK,2025-01-28 00:00:00,Watches,2025-01-06,5086.51
Chopard,https://www.chopard.com/en-gb/watch/278620-3003.html,"https://objects-prod.cdn.chopard.com/q_auto,f_auto,dpr_auto/e_trim/c_lpad,w_iw,h_ih/c_lpad,ar_1:1,w_800,g_center/ProductsAssets/Web/278620-3003_01.png",HAPPY SPORT,278620-3003,4410.0,GBP,UK,2025-01-28 00:00:00,Watches,2025-01-06,5086.51
Chopard,https://www.chopard.com/en-gb/watch/278620-3005.html,"https://objects-prod.cdn.chopard.com/q_auto,f_auto,dpr_auto/e_trim/c_lpad,w_iw,h_ih/c_lpad,ar_1:1,w_800,g_center/ProductsAssets/Web/278620-3005_01.png",HAPPY SPORT,278620-3005,4410.0,GBP,UK,2025-01-28 00:00:00,Watches,2025-01-06,5086.51
Chopard,https://www.chopard.com/en-gb/watch/278590-6015.html,"https://objects-prod.cdn.chopard.com/q_auto,f_auto,dpr_auto/e_trim/c_lpad,w_iw,h_ih/c_lpad,ar_1:1,w_800,g_center/ProductsAssets/Web/278590-6015_01.png",HAPPY SPORT,278590-6015,4690.0,GBP,UK,2025-01-28 00:00:00,Watches,2025-01-06,5409.46
Chopard,https://www.chopard.com/en-gb/watch/278620-6001.html,"https://objects-prod.cdn.chopard.com/q_auto,f_auto,dpr_auto/e_trim/c_lpad,w_iw,h_ih/c_lpad,ar_1:1,w_800,g_center/ProductsAssets/Web/278620-6001_01.png",HAPPY SPORT,278620-6001,5290.0,GBP,UK,2025-01-28 00:00:00,Watches,2025-01-06,6101.5
Chopard,https://www.chopard.com/en-gb/watch/278590-3002.html,"https://objects-prod.cdn.chopard.com/q_auto,f_auto,dpr_auto/e_trim/c_lpad,w_iw,h_ih/c_lpad,ar_1:1,w_800,g_center/ProductsAssets/Web/278590-3002_01.png",HAPPY SPORT,278590-3002,5430.0,GBP,UK,2025-01-28 00:00:00,Watches,2025-01-06,6262.98
Chopard,https://www.chopard.com/en-gb/watch/278582-3001.html,"https://objects-prod.cdn.chopard.com/q_auto,f_auto,dpr_auto/e_trim/c_lpad,w_iw,h_ih/c_lpad,ar_1:1,w_800,g_center/ProductsAssets/Web/278582-3001_01.png",HAPPY SPORT,278582-3001,5470.0,GBP,UK,2025-01-28 00:00:00,Watches,2025-01-06,6309.11
Chopard,https://www.chopard.com/en-gb/watch/278590-3013.html,"https://objects-prod.cdn.chopard.com/q_auto,f_auto,dpr_auto/e_trim/c_lpad,w_iw,h_ih/c_lpad,ar_1:1,w_800,g_center/ProductsAssets/Web/278590-3013_01.png",HAPPY SPORT,278590-3013,5660.0,GBP,UK,2025-01-28 00:00:00,Watches,2025-01-06,6528.26
Chopard,https://www.chopard.com/en-gb/watch/278590-3012.html,"https://objects-prod.cdn.chopard.com/q_auto,f_auto,dpr_auto/e_trim/c_lpad,w_iw,h_ih/c_lpad,ar_1:1,w_800,g_center/ProductsAssets/Web/278590-3012_01.png",HAPPY SPORT,278590-3012,5660.0,GBP,UK,2025-01-28 00:00:00,Watches,2025-01-06,6528.26
Chopard,https://www.chopard.com/en-gb/watch/278590-3010.html,"https://objects-prod.cdn.chopard.com/q_auto,f_auto,dpr_auto/e_trim/c_lpad,w_iw,h_ih/c_lpad,ar_1:1,w_800,g_center/ProductsAssets/Web/278590-3010_01.png",HAPPY SPORT,278590-3010,5660.0,GBP,UK,2025-01-28 00:00:00,Watches,2025-01-06,6528.26
Chopard,https://www.chopard.com/en-gb/watch/278582-6014.html,"https://objects-prod.cdn.chopard.com/q_auto,f_auto,dpr_auto/e_trim/c_lpad,w_iw,h_ih/c_lpad,ar_1:1,w_800,g_center/ProductsAssets/Web/278582-6014_01.png",HAPPY SPORT,278582-6014,6060.0,GBP,UK,2025-01-28 00:00:00,Watches,2025-01-06,6989.62
Chopard,https://www.chopard.com/en-gb/watch/278582-6012.html,"https://objects-prod.cdn.chopard.com/q_auto,f_auto,dpr_auto/e_trim/c_lpad,w_iw,h_ih/c_lpad,ar_1:1,w_800,g_center/ProductsAssets/Web/278582-6012_01.png",HAPPY SPORT,278582-6012,6060.0,GBP,UK,2025-01-28 00:00:00,Watches,2025-01-06,6989.62
Chopard,https://www.chopard.com/en-gb/watch/278573-3011.html,"https://objects-prod.cdn.chopard.com/q_auto,f_auto,dpr_auto/e_trim/c_lpad,w_iw,h_ih/c_lpad,ar_1:1,w_800,g_center/ProductsAssets/Web/278573-3011_01.png",HAPPY SPORT,278573-3011,6380.0,GBP,UK,2025-01-28 00:00:00,Watches,2025-01-06,7358.71
Chopard,https://www.chopard.com/en-gb/watch/278582-3002.html,"https://objects-prod.cdn.chopard.com/q_auto,f_auto,dpr_auto/e_trim/c_lpad,w_iw,h_ih/c_lpad,ar_1:1,w_800,g_center/ProductsAssets/Web/278582-3002_01.png",HAPPY SPORT,278582-3002,6810.0,GBP,UK,2025-01-28 00:00:00,Watches,2025-01-06,7854.67
Chopard,https://www.chopard.com/en-gb/watch/278582-3011.html,"https://objects-prod.cdn.chopard.com/q_auto,f_auto,dpr_auto/e_trim/c_lpad,w_iw,h_ih/c_lpad,ar_1:1,w_800,g_center/ProductsAssets/Web/278582-3011_01.png",HAPPY SPORT,278582-3011,7020.0,GBP,UK,2025-01-28 00:00:00,Watches,2025-01-06,8096.89
Chopard,https://www.chopard.com/en-gb/watch/278582-3008.html,"https://objects-prod.cdn.chopard.com/q_auto,f_auto,dpr_auto/e_trim/c_lpad,w_iw,h_ih/c_lpad,ar_1:1,w_800,g_center/ProductsAssets/Web/278582-3008_01.png",HAPPY SPORT,278582-3008,7020.0,GBP,UK,2025-01-28 00:00:00,Watches,2025-01-06,8096.89
Chopard,https://www.chopard.com/en-gb/watch/278582-3009.html,"https://objects-prod.cdn.chopard.com/q_auto,f_auto,dpr_auto/e_trim/c_lpad,w_iw,h_ih/c_lpad,ar_1:1,w_800,g_center/ProductsAssets/Web/278582-3009_01.png",HAPPY SPORT,278582-3009,7020.0,GBP,UK,2025-01-28 00:00:00,Watches,2025-01-06,8096.89
Chopard,https://www.chopard.com/en-gb/watch/278559-3011.html,"https://objects-prod.cdn.chopard.com/q_auto,f_auto,dpr_auto/e_trim/c_lpad,w_iw,h_ih/c_lpad,ar_1:1,w_800,g_center/ProductsAssets/Web/278559-3011_01.png",HAPPY SPORT,278559-3011,7190.0,GBP,UK,2025-01-28 00:00:00,Watches,2025-01-06,8292.96
Chopard,https://www.chopard.com/en-gb/watch/278608-3001.html,"https://objects-prod.cdn.chopard.com/q_auto,f_auto,dpr_auto/e_trim/c_lpad,w_iw,h_ih/c_lpad,ar_1:1,w_800,g_center/ProductsAssets/Web/278608-3001_01.png",HAPPY SPORT,278608-3001,7430.0,GBP,UK,2025-01-28 00:00:00,Watches,2025-01-06,8569.78
Chopard,https://www.chopard.com/en-gb/watch/278608-3010.html,"https://objects-prod.cdn.chopard.com/q_auto,f_auto,dpr_auto/e_trim/c_lpad,w_iw,h_ih/c_lpad,ar_1:1,w_800,g_center/ProductsAssets/Web/278608-3010_01.png",HAPPY SPORT,278608-3010,7480.0,GBP,UK,2025-01-28 00:00:00,Watches,2025-01-06,8627.45
Chopard,https://www.chopard.com/en-gb/watch/278582-6005.html,"https://objects-prod.cdn.chopard.com/q_auto,f_auto,dpr_auto/e_trim/c_lpad,w_iw,h_ih/c_lpad,ar_1:1,w_800,g_center/ProductsAssets/Web/278582-6005_01.png",HAPPY SPORT,278582-6005,7530.0,GBP,UK,2025-01-28 00:00:00,Watches,2025-01-06,8685.12
Chopard,https://www.chopard.com/en-gb/watch/278573-6026.html,"https://objects-prod.cdn.chopard.com/q_auto,f_auto,dpr_auto/e_trim/c_lpad,w_iw,h_ih/c_lpad,ar_1:1,w_800,g_center/ProductsAssets/Web/278573-6026_01.png",HAPPY SPORT,278573-6026,7660.0,GBP,UK,2025-01-28 00:00:00,Watches,2025-01-06,8835.06
Chopard,https://www.chopard.com/en-gb/watch/278573-3012.html,"https://objects-prod.cdn.chopard.com/q_auto,f_auto,dpr_auto/e_trim/c_lpad,w_iw,h_ih/c_lpad,ar_1:1,w_800,g_center/ProductsAssets/Web/278573-3012_01.png",HAPPY SPORT,278573-3012,7710.0,GBP,UK,2025-01-28 00:00:00,Watches,2025-01-06,8892.73
Chopard,https://www.chopard.com/en-gb/watch/278573-6013.html,"https://objects-prod.cdn.chopard.com/q_auto,f_auto,dpr_auto/e_trim/c_lpad,w_iw,h_ih/c_lpad,ar_1:1,w_800,g_center/ProductsAssets/Web/278573-6013_01.png",HAPPY SPORT,278573-6013,7830.0,GBP,UK,2025-01-28 00:00:00,Watches,2025-01-06,9031.14
Chopard,https://www.chopard.com/en-gb/watch/278573-6032.html,"https://objects-prod.cdn.chopard.com/q_auto,f_auto,dpr_auto/e_trim/c_lpad,w_iw,h_ih/c_lpad,ar_1:1,w_800,g_center/ProductsAssets/Web/278573-6032_01.png",HAPPY SPORT,278573-6032,8000.0,GBP,UK,2025-01-28 00:00:00,Watches,2025-01-06,9227.22
Chopard,https://www.chopard.com/en-gb/watch/278559-3001.html,"https://objects-prod.cdn.chopard.com/q_auto,f_auto,dpr_auto/e_trim/c_lpad,w_iw,h_ih/c_lpad,ar_1:1,w_800,g_center/ProductsAssets/Web/278559-3001_01.png",HAPPY SPORT,278559-3001,8060.0,GBP,UK,2025-01-28 00:00:00,Watches,2025-01-06,9296.42
Chopard,https://www.chopard.com/en-gb/watch/278602-3001.html,"https://objects-prod.cdn.chopard.com/q_auto,f_auto,dpr_auto/e_trim/c_lpad,w_iw,h_ih/c_lpad,ar_1:1,w_800,g_center/ProductsAssets/Web/278602-3001_01.png",HAPPY SPORT,278602-3001,8210.0,GBP,UK,2025-01-28 00:00:00,Watches,2025-01-06,9469.43
Chopard,https://www.chopard.com/en-gb/watch/278573-6027.html,"https://objects-prod.cdn.chopard.com/q_auto,f_auto,dpr_auto/e_trim/c_lpad,w_iw,h_ih/c_lpad,ar_1:1,w_800,g_center/ProductsAssets/Web/278573-6027_01.png",HAPPY SPORT,278573-6027,8410.0,GBP,UK,2025-01-28 00:00:00,Watches,2025-01-06,9700.12
Chopard,https://www.chopard.com/en-gb/watch/278573-6018.html,"https://objects-prod.cdn.chopard.com/q_auto,f_auto,dpr_auto/e_trim/c_lpad,w_iw,h_ih/c_lpad,ar_1:1,w_800,g_center/ProductsAssets/Web/278573-6018_01.png",HAPPY SPORT,278573-6018,8410.0,GBP,UK,2025-01-28 00:00:00,Watches,2025-01-06,9700.12
Chopard,https://www.chopard.com/en-gb/watch/278620-3002.html,"https://objects-prod.cdn.chopard.com/q_auto,f_auto,dpr_auto/e_trim/c_lpad,w_iw,h_ih/c_lpad,ar_1:1,w_800,g_center/ProductsAssets/Web/278620-3002_01.png",HAPPY SPORT,278620-3002,8420.0,GBP,UK,2025-01-28 00:00:00,Watches,2025-01-06,9711.65
Chopard,https://www.chopard.com/en-gb/watch/278608-3002.html,"https://objects-prod.cdn.chopard.com/q_auto,f_auto,dpr_auto/e_trim/c_lpad,w_iw,h_ih/c_lpad,ar_1:1,w_800,g_center/ProductsAssets/Web/278608-3002_01.png",HAPPY SPORT,278608-3002,8770.0,GBP,UK,2025-01-28 00:00:00,Watches,2025-01-06,10115.34
Chopard,https://www.chopard.com/en-gb/watch/278582-6009.html,"https://objects-prod.cdn.chopard.com/q_auto,f_auto,dpr_auto/e_trim/c_lpad,w_iw,h_ih/c_lpad,ar_1:1,w_800,g_center/ProductsAssets/Web/278582-6009_01.png",HAPPY SPORT,278582-6009,8950.0,GBP,UK,2025-01-28 00:00:00,Watches,2025-01-06,10322.95
Chopard,https://www.chopard.com/en-gb/watch/278559-3002.html,"https://objects-prod.cdn.chopard.com/q_auto,f_auto,dpr_auto/e_trim/c_lpad,w_iw,h_ih/c_lpad,ar_1:1,w_800,g_center/ProductsAssets/Web/278559-3002_01.png",HAPPY SPORT,278559-3002,9400.0,GBP,UK,2025-01-28 00:00:00,Watches,2025-01-06,10841.98
Chopard,https://www.chopard.com/en-gb/watch/278620-6002.html,"https://objects-prod.cdn.chopard.com/q_auto,f_auto,dpr_auto/e_trim/c_lpad,w_iw,h_ih/c_lpad,ar_1:1,w_800,g_center/ProductsAssets/Web/278620-6002_01.png",HAPPY SPORT,278620-6002,9570.0,GBP,UK,2025-01-28 00:00:00,Watches,2025-01-06,11038.06
Chopard,https://www.chopard.com/en-gb/watch/278602-3002.html,"https://objects-prod.cdn.chopard.com/q_auto,f_auto,dpr_auto/e_trim/c_lpad,w_iw,h_ih/c_lpad,ar_1:1,w_800,g_center/ProductsAssets/Web/278602-3002_01.png",HAPPY SPORT,278602-3002,9660.0,GBP,UK,2025-01-28 00:00:00,Watches,2025-01-06,11141.87
Chopard,https://www.chopard.com/en-gb/watch/278608-6001.html,"https://objects-prod.cdn.chopard.com/q_auto,f_auto,dpr_auto/e_trim/c_lpad,w_iw,h_ih/c_lpad,ar_1:1,w_800,g_center/ProductsAssets/Web/278608-6001_01.png",HAPPY SPORT,278608-6001,9750.0,GBP,UK,2025-01-28 00:00:00,Watches,2025-01-06,11245.67
Chopard,https://www.chopard.com/en-gb/watch/278602-6001.html,"https://objects-prod.cdn.chopard.com/q_auto,f_auto,dpr_auto/e_trim/c_lpad,w_iw,h_ih/c_lpad,ar_1:1,w_800,g_center/ProductsAssets/Web/278602-6001_01.png",HAPPY SPORT,278602-6001,9850.0,GBP,UK,2025-01-28 00:00:00,Watches,2025-01-06,11361.01
Chopard,https://www.chopard.com/en-gb/watch/278608-6013.html,"https://objects-prod.cdn.chopard.com/q_auto,f_auto,dpr_auto/e_trim/c_lpad,w_iw,h_ih/c_lpad,ar_1:1,w_800,g_center/ProductsAssets/Web/278608-6013_01.png",HAPPY SPORT,278608-6013,9940.0,GBP,UK,2025-01-28 00:00:00,Watches,2025-01-06,11464.82
Chopard,https://www.chopard.com/en-gb/watch/278559-6001.html,"https://objects-prod.cdn.chopard.com/q_auto,f_auto,dpr_auto/e_trim/c_lpad,w_iw,h_ih/c_lpad,ar_1:1,w_800,g_center/ProductsAssets/Web/278559-6001_01.png",HAPPY SPORT,278559-6001,10400.0,GBP,UK,2025-01-28 00:00:00,Watches,2025-01-06,11995.39
Chopard,https://www.chopard.com/en-gb/watch/278578-6003.html,"https://objects-prod.cdn.chopard.com/q_auto,f_auto,dpr_auto/e_trim/c_lpad,w_iw,h_ih/c_lpad,ar_1:1,w_800,g_center/ProductsAssets/Web/278578-6003_01.png",HAPPY SPORT,278578-6003,10700.0,GBP,UK,2025-01-28 00:00:00,Watches,2025-01-06,12341.41
Chopard,https://www.chopard.com/en-gb/watch/278559-6008.html,"https://objects-prod.cdn.chopard.com/q_auto,f_auto,dpr_auto/e_trim/c_lpad,w_iw,h_ih/c_lpad,ar_1:1,w_800,g_center/ProductsAssets/Web/278559-6008_01.png",HAPPY SPORT,278559-6008,10700.0,GBP,UK,2025-01-28 00:00:00,Watches,2025-01-06,12341.41
Chopard,https://www.chopard.com/en-gb/watch/278602-6006.html,"https://objects-prod.cdn.chopard.com/q_auto,f_auto,dpr_auto/e_trim/c_lpad,w_iw,h_ih/c_lpad,ar_1:1,w_800,g_center/ProductsAssets/Web/278602-6006_01.png",HAPPY SPORT,278602-6006,10700.0,GBP,UK,2025-01-28 00:00:00,Watches,2025-01-06,12341.41
Chopard,https://www.chopard.com/en-gb/watch/278573-6017.html,"https://objects-prod.cdn.chopard.com/q_auto,f_auto,dpr_auto/e_trim/c_lpad,w_iw,h_ih/c_lpad,ar_1:1,w_800,g_center/ProductsAssets/Web/278573-6017_01.png",HAPPY SPORT,278573-6017,11200.0,GBP,UK,2025-01-28 00:00:00,Watches,2025-01-06,12918.11
Chopard,https://www.chopard.com/en-gb/watch/278602-3003.html,"https://objects-prod.cdn.chopard.com/q_auto,f_auto,dpr_auto/e_trim/c_lpad,w_iw,h_ih/c_lpad,ar_1:1,w_800,g_center/ProductsAssets/Web/278602-3003_01.png",HAPPY SPORT,278602-3003,14200.0,GBP,UK,2025-01-28 00:00:00,Watches,2025-01-06,16378.32
Chopard,https://www.chopard.com/en-gb/watch/274893-5011.html,"https://objects-prod.cdn.chopard.com/q_auto,f_auto,dpr_auto/e_trim/c_lpad,w_iw,h_ih/c_lpad,ar_1:1,w_800,g_center/ProductsAssets/Web/274893-5011_01.png",HAPPY SPORT,274893-5011,14200.0,GBP,UK,2025-01-28 00:00:00,Watches,2025-01-06,16378.32
Chopard,https://www.chopard.com/en-gb/watch/278608-6002.html,"https://objects-prod.cdn.chopard.com/q_auto,f_auto,dpr_auto/e_trim/c_lpad,w_iw,h_ih/c_lpad,ar_1:1,w_800,g_center/ProductsAssets/Web/278608-6002_01.png",HAPPY SPORT,278608-6002,14200.0,GBP,UK,2025-01-28 00:00:00,Watches,2025-01-06,16378.32
Chopard,https://www.chopard.com/en-gb/watch/278608-3008.html,"https://objects-prod.cdn.chopard.com/q_auto,f_auto,dpr_auto/e_trim/c_lpad,w_iw,h_ih/c_lpad,ar_1:1,w_800,g_center/ProductsAssets/Web/278608-3008_01.png",HAPPY SPORT,278608-3008,15200.0,GBP,UK,2025-01-28 00:00:00,Watches,2025-01-06,17531.72
Chopard,https://www.chopard.com/en-gb/watch/278608-3009.html,"https://objects-prod.cdn.chopard.com/q_auto,f_auto,dpr_auto/e_trim/c_lpad,w_iw,h_ih/c_lpad,ar_1:1,w_800,g_center/ProductsAssets/Web/278608-3009_01.png",HAPPY SPORT,278608-3009,15200.0,GBP,UK,2025-01-28 00:00:00,Watches,2025-01-06,17531.72
Chopard,https://www.chopard.com/en-gb/watch/278608-3003.html,"https://objects-prod.cdn.chopard.com/q_auto,f_auto,dpr_auto/e_trim/c_lpad,w_iw,h_ih/c_lpad,ar_1:1,w_800,g_center/ProductsAssets/Web/278608-3003_01.png",HAPPY SPORT,278608-3003,15200.0,GBP,UK,2025-01-28 00:00:00,Watches,2025-01-06,17531.72
Chopard,https://www.chopard.com/en-gb/watch/275378-5011.html,"https://objects-prod.cdn.chopard.com/q_auto,f_auto,dpr_auto/e_trim/c_lpad,w_iw,h_ih/c_lpad,ar_1:1,w_800,g_center/ProductsAssets/Web/275378-5011_01.png",HAPPY SPORT,275378-5011,15400.0,GBP,UK,2025-01-28 00:00:00,Watches,2025-01-06,17762.4
Chopard,https://www.chopard.com/en-gb/watch/278573-6015.html,"https://objects-prod.cdn.chopard.com/q_auto,f_auto,dpr_auto/e_trim/c_lpad,w_iw,h_ih/c_lpad,ar_1:1,w_800,g_center/ProductsAssets/Web/278573-6015_01.png",HAPPY SPORT,278573-6015,15400.0,GBP,UK,2025-01-28 00:00:00,Watches,2025-01-06,17762.4
Chopard,https://www.chopard.com/en-gb/watch/275378-5001.html,"https://objects-prod.cdn.chopard.com/q_auto,f_auto,dpr_auto/e_trim/c_lpad,w_iw,h_ih/c_lpad,ar_1:1,w_800,g_center/ProductsAssets/Web/275378-5001_01.png",HAPPY SPORT,275378-5001,15400.0,GBP,UK,2025-01-28 00:00:00,Watches,2025-01-06,17762.4
Chopard,https://www.chopard.com/en-gb/watch/278602-6002.html,"https://objects-prod.cdn.chopard.com/q_auto,f_auto,dpr_auto/e_trim/c_lpad,w_iw,h_ih/c_lpad,ar_1:1,w_800,g_center/ProductsAssets/Web/278602-6002_01.png",HAPPY SPORT,278602-6002,15600.0,GBP,UK,2025-01-28 00:00:00,Watches,2025-01-06,17993.08
Chopard,https://www.chopard.com/en-gb/watch/278602-3004.html,"https://objects-prod.cdn.chopard.com/q_auto,f_auto,dpr_auto/e_trim/c_lpad,w_iw,h_ih/c_lpad,ar_1:1,w_800,g_center/ProductsAssets/Web/278602-3004_01.png",HAPPY SPORT,278602-3004,15700.0,GBP,UK,2025-01-28 00:00:00,Watches,2025-01-06,18108.42
Chopard,https://www.chopard.com/en-gb/watch/278559-6026.html,"https://objects-prod.cdn.chopard.com/q_auto,f_auto,dpr_auto/e_trim/c_lpad,w_iw,h_ih/c_lpad,ar_1:1,w_800,g_center/ProductsAssets/Web/278559-6026_01.png",HAPPY SPORT,278559-6026,15800.0,GBP,UK,2025-01-28 00:00:00,Watches,2025-01-06,18223.76
Chopard,https://www.chopard.com/en-gb/watch/278608-3006.html,"https://objects-prod.cdn.chopard.com/q_auto,f_auto,dpr_auto/e_trim/c_lpad,w_iw,h_ih/c_lpad,ar_1:1,w_800,g_center/ProductsAssets/Web/278608-3006_01.png",HAPPY SPORT,278608-3006,16000.0,GBP,UK,2025-01-28 00:00:00,Watches,2025-01-06,18454.44
Chopard,https://www.chopard.com/en-gb/watch/278602-6003.html,"https://objects-prod.cdn.chopard.com/q_auto,f_auto,dpr_auto/e_trim/c_lpad,w_iw,h_ih/c_lpad,ar_1:1,w_800,g_center/ProductsAssets/Web/278602-6003_01.png",HAPPY SPORT,278602-6003,16100.0,GBP,UK,2025-01-28 00:00:00,Watches,2025-01-06,18569.78
Chopard,https://www.chopard.com/en-gb/watch/274808-5001.html,"https://objects-prod.cdn.chopard.com/q_auto,f_auto,dpr_auto/e_trim/c_lpad,w_iw,h_ih/c_lpad,ar_1:1,w_800,g_center/ProductsAssets/Web/274808-5001_01.png",HAPPY SPORT,274808-5001,16200.0,GBP,UK,2025-01-28 00:00:00,Watches,2025-01-06,18685.12
Chopard,https://www.chopard.com/en-gb/watch/278602-6005.html,"https://objects-prod.cdn.chopard.com/q_auto,f_auto,dpr_auto/e_trim/c_lpad,w_iw,h_ih/c_lpad,ar_1:1,w_800,g_center/ProductsAssets/Web/278602-6005_01.png",HAPPY SPORT,278602-6005,16900.0,GBP,UK,2025-01-28 00:00:00,Watches,2025-01-06,19492.5
Chopard,https://www.chopard.com/en-gb/watch/278608-6003.html,"https://objects-prod.cdn.chopard.com/q_auto,f_auto,dpr_auto/e_trim/c_lpad,w_iw,h_ih/c_lpad,ar_1:1,w_800,g_center/ProductsAssets/Web/278608-6003_01.png",HAPPY SPORT,278608-6003,17800.0,GBP,UK,2025-01-28 00:00:00,Watches,2025-01-06,20530.57
Chopard,https://www.chopard.com/en-gb/watch/278608-6012.html,"https://objects-prod.cdn.chopard.com/q_auto,f_auto,dpr_auto/e_trim/c_lpad,w_iw,h_ih/c_lpad,ar_1:1,w_800,g_center/ProductsAssets/Web/278608-6012_01.png",HAPPY SPORT,278608-6012,18300.0,GBP,UK,2025-01-28 00:00:00,Watches,2025-01-06,21107.27
Chopard,https://www.chopard.com/en-gb/watch/278559-3003.html,"https://objects-prod.cdn.chopard.com/q_auto,f_auto,dpr_auto/e_trim/c_lpad,w_iw,h_ih/c_lpad,ar_1:1,w_800,g_center/ProductsAssets/Web/278559-3003_01.png",HAPPY SPORT,278559-3003,18600.0,GBP,UK,2025-01-28 00:00:00,Watches,2025-01-06,21453.29
Chopard,https://www.chopard.com/en-gb/watch/278559-6003.html,"https://objects-prod.cdn.chopard.com/q_auto,f_auto,dpr_auto/e_trim/c_lpad,w_iw,h_ih/c_lpad,ar_1:1,w_800,g_center/ProductsAssets/Web/278559-6003_01.png",HAPPY SPORT,278559-6003,20900.0,GBP,UK,2025-01-28 00:00:00,Watches,2025-01-06,24106.11
Chopard,https://www.chopard.com/en-gb/watch/274893-5012.html,"https://objects-prod.cdn.chopard.com/q_auto,f_auto,dpr_auto/e_trim/c_lpad,w_iw,h_ih/c_lpad,ar_1:1,w_800,g_center/ProductsAssets/Web/274893-5012_01.png",HAPPY SPORT,274893-5012,21300.0,GBP,UK,2025-01-28 00:00:00,Watches,2025-01-06,24567.47
Chopard,https://www.chopard.com/en-gb/watch/274893-5016.html,"https://objects-prod.cdn.chopard.com/q_auto,f_auto,dpr_auto/e_trim/c_lpad,w_iw,h_ih/c_lpad,ar_1:1,w_800,g_center/ProductsAssets/Web/274893-5016_01.png",HAPPY SPORT,274893-5016,21800.0,GBP,UK,2025-01-28 00:00:00,Watches,2025-01-06,25144.18
Chopard,https://www.chopard.com/en-gb/watch/278608-6004.html,"https://objects-prod.cdn.chopard.com/q_auto,f_auto,dpr_auto/e_trim/c_lpad,w_iw,h_ih/c_lpad,ar_1:1,w_800,g_center/ProductsAssets/Web/278608-6004_01.png",HAPPY SPORT,278608-6004,22100.0,GBP,UK,2025-01-28 00:00:00,Watches,2025-01-06,25490.2
Chopard,https://www.chopard.com/en-gb/watch/278602-6004.html,"https://objects-prod.cdn.chopard.com/q_auto,f_auto,dpr_auto/e_trim/c_lpad,w_iw,h_ih/c_lpad,ar_1:1,w_800,g_center/ProductsAssets/Web/278602-6004_01.png",HAPPY SPORT,278602-6004,22200.0,GBP,UK,2025-01-28 00:00:00,Watches,2025-01-06,25605.54
Chopard,https://www.chopard.com/en-gb/watch/275378-5003.html,"https://objects-prod.cdn.chopard.com/q_auto,f_auto,dpr_auto/e_trim/c_lpad,w_iw,h_ih/c_lpad,ar_1:1,w_800,g_center/ProductsAssets/Web/275378-5003_01.png",HAPPY SPORT,275378-5003,23300.0,GBP,UK,2025-01-28 00:00:00,Watches,2025-01-06,26874.28
Chopard,https://www.chopard.com/en-gb/watch/275362-5002.html,"https://objects-prod.cdn.chopard.com/q_auto,f_auto,dpr_auto/e_trim/c_lpad,w_iw,h_ih/c_lpad,ar_1:1,w_800,g_center/ProductsAssets/Web/275362-5002_01.png",HAPPY SPORT,275362-5002,24300.0,GBP,UK,2025-01-28 00:00:00,Watches,2025-01-06,28027.68
Chopard,https://www.chopard.com/en-gb/watch/278559-6025.html,"https://objects-prod.cdn.chopard.com/q_auto,f_auto,dpr_auto/e_trim/c_lpad,w_iw,h_ih/c_lpad,ar_1:1,w_800,g_center/ProductsAssets/Web/278559-6025_01.png",HAPPY SPORT,278559-6025,26300.0,GBP,UK,2025-01-28 00:00:00,Watches,2025-01-06,30334.49
Chopard,https://www.chopard.com/en-gb/watch/274808-5003.html,"https://objects-prod.cdn.chopard.com/q_auto,f_auto,dpr_auto/e_trim/c_lpad,w_iw,h_ih/c_lpad,ar_1:1,w_800,g_center/ProductsAssets/Web/274808-5003_01.png",HAPPY SPORT,274808-5003,26900.0,GBP,UK,2025-01-28 00:00:00,Watches,2025-01-06,31026.53
Chopard,https://www.chopard.com/en-gb/watch/274808-5006.html,"https://objects-prod.cdn.chopard.com/q_auto,f_auto,dpr_auto/e_trim/c_lpad,w_iw,h_ih/c_lpad,ar_1:1,w_800,g_center/ProductsAssets/Web/274808-5006_01.png",HAPPY SPORT,274808-5006,27100.0,GBP,UK,2025-01-28 00:00:00,Watches,2025-01-06,31257.21
Chopard,https://www.chopard.com/en-gb/watch/275362-5005.html,"https://objects-prod.cdn.chopard.com/q_auto,f_auto,dpr_auto/e_trim/c_lpad,w_iw,h_ih/c_lpad,ar_1:1,w_800,g_center/ProductsAssets/Web/275362-5005_01.png",HAPPY SPORT,275362-5005,35500.0,GBP,UK,2025-01-28 00:00:00,Watches,2025-01-06,40945.79
Chopard,https://www.chopard.com/en-gb/watch/275378-5004.html,"https://objects-prod.cdn.chopard.com/q_auto,f_auto,dpr_auto/e_trim/c_lpad,w_iw,h_ih/c_lpad,ar_1:1,w_800,g_center/ProductsAssets/Web/275378-5004_01.png",HAPPY SPORT,275378-5004,37800.0,GBP,UK,2025-01-28 00:00:00,Watches,2025-01-06,43598.62
Chopard,https://www.chopard.com/en-gb/watch/275372-1001.html,"https://objects-prod.cdn.chopard.com/q_auto,f_auto,dpr_auto/e_trim/c_lpad,w_iw,h_ih/c_lpad,ar_1:1,w_800,g_center/ProductsAssets/Web/275372-1001_01.png",HAPPY SPORT,275372-1001,53400.0,GBP,UK,2025-01-28 00:00:00,Watches,2025-01-06,61591.7
Chopard,https://www.chopard.com/en-gb/watch/275378-1002.html,"https://objects-prod.cdn.chopard.com/q_auto,f_auto,dpr_auto/e_trim/c_lpad,w_iw,h_ih/c_lpad,ar_1:1,w_800,g_center/ProductsAssets/Web/275378-1002_01.png",HAPPY SPORT,275378-1002,61600.0,GBP,UK,2025-01-28 00:00:00,Watches,2025-01-06,71049.6
Chopard,https://www.chopard.com/en-gb/watch/274809-1001.html,"https://objects-prod.cdn.chopard.com/q_auto,f_auto,dpr_auto/e_trim/c_lpad,w_iw,h_ih/c_lpad,ar_1:1,w_800,g_center/ProductsAssets/Web/274809-1001_01.png",HAPPY SPORT,274809-1001,90700.0,GBP,UK,2025-01-28 00:00:00,Watches,2025-01-06,104613.61
Chopard,https://www.chopard.com/en-gb/watch/388563-6005.html,"https://objects-prod.cdn.chopard.com/q_auto,f_auto,dpr_auto/e_trim/c_lpad,w_iw,h_ih/c_lpad,ar_1:1,w_800,g_center/ProductsAssets/Web/388563-6005_01.png",IMPERIALE,388563-6005,6390.0,GBP,UK,2025-01-28 00:00:00,Watches,2025-01-06,7370.24
Chopard,https://www.chopard.com/en-gb/watch/388563-3006.html,"https://objects-prod.cdn.chopard.com/q_auto,f_auto,dpr_auto/e_trim/c_lpad,w_iw,h_ih/c_lpad,ar_1:1,w_800,g_center/ProductsAssets/Web/388563-3006_01.png",IMPERIALE,388563-3006,6430.0,GBP,UK,2025-01-28 00:00:00,Watches,2025-01-06,7416.38
Chopard,https://www.chopard.com/en-gb/watch/388563-6013.html,"https://objects-prod.cdn.chopard.com/q_auto,f_auto,dpr_auto/e_trim/c_lpad,w_iw,h_ih/c_lpad,ar_1:1,w_800,g_center/ProductsAssets/Web/388563-6013_01.png",IMPERIALE,388563-6013,6910.0,GBP,UK,2025-01-28 00:00:00,Watches,2025-01-06,7970.01
Chopard,https://www.chopard.com/en-gb/watch/388563-6006.html,"https://objects-prod.cdn.chopard.com/q_auto,f_auto,dpr_auto/e_trim/c_lpad,w_iw,h_ih/c_lpad,ar_1:1,w_800,g_center/ProductsAssets/Web/388563-6006_01.png",IMPERIALE,388563-6006,9360.0,GBP,UK,2025-01-28 00:00:00,Watches,2025-01-06,10795.85
Chopard,https://www.chopard.com/en-gb/watch/388563-3007.html,"https://objects-prod.cdn.chopard.com/q_auto,f_auto,dpr_auto/e_trim/c_lpad,w_iw,h_ih/c_lpad,ar_1:1,w_800,g_center/ProductsAssets/Web/388563-3007_01.png",IMPERIALE,388563-3007,10100.0,GBP,UK,2025-01-28 00:00:00,Watches,2025-01-06,11649.37
Chopard,https://www.chopard.com/en-gb/watch/388563-6014.html,"https://objects-prod.cdn.chopard.com/q_auto,f_auto,dpr_auto/e_trim/c_lpad,w_iw,h_ih/c_lpad,ar_1:1,w_800,g_center/ProductsAssets/Web/388563-6014_01.png",IMPERIALE,388563-6014,10100.0,GBP,UK,2025-01-28 00:00:00,Watches,2025-01-06,11649.37
Chopard,https://www.chopard.com/en-gb/watch/388563-6007.html,"https://objects-prod.cdn.chopard.com/q_auto,f_auto,dpr_auto/e_trim/c_lpad,w_iw,h_ih/c_lpad,ar_1:1,w_800,g_center/ProductsAssets/Web/388563-6007_01.png",IMPERIALE,388563-6007,11300.0,GBP,UK,2025-01-28 00:00:00,Watches,2025-01-06,13033.45
Chopard,https://www.chopard.com/en-gb/watch/384319-5009.html,"https://objects-prod.cdn.chopard.com/q_auto,f_auto,dpr_auto/e_trim/c_lpad,w_iw,h_ih/c_lpad,ar_1:1,w_800,g_center/ProductsAssets/Web/384319-5009_01.png",IMPERIALE,384319-5009,11700.0,GBP,UK,2025-01-28 00:00:00,Watches,2025-01-06,13494.81
Chopard,https://www.chopard.com/en-gb/watch/388563-6008.html,"https://objects-prod.cdn.chopard.com/q_auto,f_auto,dpr_auto/e_trim/c_lpad,w_iw,h_ih/c_lpad,ar_1:1,w_800,g_center/ProductsAssets/Web/388563-6008_01.png",IMPERIALE,388563-6008,14200.0,GBP,UK,2025-01-28 00:00:00,Watches,2025-01-06,16378.32
Chopard,https://www.chopard.com/en-gb/watch/384319-5007.html,"https://objects-prod.cdn.chopard.com/q_auto,f_auto,dpr_auto/e_trim/c_lpad,w_iw,h_ih/c_lpad,ar_1:1,w_800,g_center/ProductsAssets/Web/384319-5007_01.png",IMPERIALE,384319-5007,19200.0,GBP,UK,2025-01-28 00:00:00,Watches,2025-01-06,22145.33
Chopard,https://www.chopard.com/en-gb/watch/384319-5010.html,"https://objects-prod.cdn.chopard.com/q_auto,f_auto,dpr_auto/e_trim/c_lpad,w_iw,h_ih/c_lpad,ar_1:1,w_800,g_center/ProductsAssets/Web/384319-5010_01.png",IMPERIALE,384319-5010,19700.0,GBP,UK,2025-01-28 00:00:00,Watches,2025-01-06,22722.03
Chopard,https://www.chopard.com/en-gb/watch/384246-1001.html,"https://objects-prod.cdn.chopard.com/q_auto,f_auto,dpr_auto/e_trim/c_lpad,w_iw,h_ih/c_lpad,ar_1:1,w_800,g_center/ProductsAssets/Web/384246-1001_01.png",IMPERIALE,384246-1001,54100.0,GBP,UK,2025-01-28 00:00:00,Watches,2025-01-06,62399.08
Chopard,https://www.chopard.com/en-gb/watch/384246-1002.html,"https://objects-prod.cdn.chopard.com/q_auto,f_auto,dpr_auto/e_trim/c_lpad,w_iw,h_ih/c_lpad,ar_1:1,w_800,g_center/ProductsAssets/Web/384246-1002_01.png",IMPERIALE,384246-1002,62600.0,GBP,UK,2025-01-28 00:00:00,Watches,2025-01-06,72203.0
Chopard,https://www.chopard.com/en-gb/watch/385388-5001.html,"https://objects-prod.cdn.chopard.com/q_auto,f_auto,dpr_auto/e_trim/c_lpad,w_iw,h_ih/c_lpad,ar_1:1,w_800,g_center/ProductsAssets/Web/385388-5001_01.png",IMPERIALE,385388-5001,84600.0,GBP,UK,2025-01-28 00:00:00,Watches,2025-01-06,97577.85
Chopard,https://www.chopard.com/en-gb/watch/168629-3001.html,"https://objects-prod.cdn.chopard.com/q_auto,f_auto,dpr_auto/e_trim/c_lpad,w_iw,h_ih/c_lpad,ar_1:1,w_800,g_center/ProductsAssets/Web/168629-3001_01.png",L.U.C,168629-3001,10700.0,GBP,UK,2025-01-28 00:00:00,Watches,2025-01-06,12341.41
Chopard,https://www.chopard.com/en-gb/watch/168579-3004.html,"https://objects-prod.cdn.chopard.com/q_auto,f_auto,dpr_auto/e_trim/c_lpad,w_iw,h_ih/c_lpad,ar_1:1,w_800,g_center/ProductsAssets/Web/168579-3004_01.png",L.U.C,168579-3004,11800.0,GBP,UK,2025-01-28 00:00:00,Watches,2025-01-06,13610.15
Chopard,https://www.chopard.com/en-gb/watch/168574-3008.html,"https://objects-prod.cdn.chopard.com/q_auto,f_auto,dpr_auto/e_trim/c_lpad,w_iw,h_ih/c_lpad,ar_1:1,w_800,g_center/ProductsAssets/Web/168574-3008_01.png",L.U.C,168574-3008,15900.0,GBP,UK,2025-01-28 00:00:00,Watches,2025-01-06,18339.1
Chopard,https://www.chopard.com/en-gb/watch/161948-1001.html,"https://objects-prod.cdn.chopard.com/q_auto,f_auto,dpr_auto/e_trim/c_lpad,w_iw,h_ih/c_lpad,ar_1:1,w_800,g_center/ProductsAssets/Web/161948-1001_01.png",L.U.C,161948-1001,17100.0,GBP,UK,2025-01-28 00:00:00,Watches,2025-01-06,19723.18
Chopard,https://www.chopard.com/en-gb/watch/161948-5001.html,"https://objects-prod.cdn.chopard.com/q_auto,f_auto,dpr_auto/e_trim/c_lpad,w_iw,h_ih/c_lpad,ar_1:1,w_800,g_center/ProductsAssets/Web/161948-5001_01.png",L.U.C,161948-5001,17100.0,GBP,UK,2025-01-28 00:00:00,Watches,2025-01-06,19723.18
Chopard,https://www.chopard.com/en-gb/watch/168631-3001.html,"https://objects-prod.cdn.chopard.com/q_auto,f_auto,dpr_auto/e_trim/c_lpad,w_iw,h_ih/c_lpad,ar_1:1,w_800,g_center/ProductsAssets/Web/168631-3001_01.png",L.U.C,168631-3001,18300.0,GBP,UK,2025-01-28 00:00:00,Watches,2025-01-06,21107.27
Chopard,https://www.chopard.com/en-gb/watch/161945-1001.html,"https://objects-prod.cdn.chopard.com/q_auto,f_auto,dpr_auto/e_trim/c_lpad,w_iw,h_ih/c_lpad,ar_1:1,w_800,g_center/ProductsAssets/Web/161945-1001_01.png",L.U.C,161945-1001,20600.0,GBP,UK,2025-01-28 00:00:00,Watches,2025-01-06,23760.09
Chopard,https://www.chopard.com/en-gb/watch/161943-5001.html,"https://objects-prod.cdn.chopard.com/q_auto,f_auto,dpr_auto/e_trim/c_lpad,w_iw,h_ih/c_lpad,ar_1:1,w_800,g_center/ProductsAssets/Web/161943-5001_01.png",L.U.C,161943-5001,21100.0,GBP,UK,2025-01-28 00:00:00,Watches,2025-01-06,24336.79
Chopard,https://www.chopard.com/en-gb/watch/168860-3003.html,"https://objects-prod.cdn.chopard.com/q_auto,f_auto,dpr_auto/e_trim/c_lpad,w_iw,h_ih/c_lpad,ar_1:1,w_800,g_center/ProductsAssets/Web/168860-3003_01.png",L.U.C,168860-3003,22700.0,GBP,UK,2025-01-28 00:00:00,Watches,2025-01-06,26182.24
Chopard,https://www.chopard.com/en-gb/watch/162296-5001.html,"https://objects-prod.cdn.chopard.com/q_auto,f_auto,dpr_auto/e_trim/c_lpad,w_iw,h_ih/c_lpad,ar_1:1,w_800,g_center/ProductsAssets/Web/162296-5001_01.png",L.U.C,162296-5001,25000.0,GBP,UK,2025-01-28 00:00:00,Watches,2025-01-06,28835.06
Chopard,https://www.chopard.com/en-gb/watch/168561-3003.html,"https://objects-prod.cdn.chopard.com/q_auto,f_auto,dpr_auto/e_trim/c_lpad,w_iw,h_ih/c_lpad,ar_1:1,w_800,g_center/ProductsAssets/Web/168561-3003_01.png",L.U.C,168561-3003,25000.0,GBP,UK,2025-01-28 00:00:00,Watches,2025-01-06,28835.06
Chopard,https://www.chopard.com/en-gb/watch/161902-5079.html,"https://objects-prod.cdn.chopard.com/q_auto,f_auto,dpr_auto/e_trim/c_lpad,w_iw,h_ih/c_lpad,ar_1:1,w_800,g_center/ProductsAssets/Web/161902-5079_01.png",L.U.C,161902-5079,25300.0,GBP,UK,2025-01-28 00:00:00,Watches,2025-01-06,29181.08
Chopard,https://www.chopard.com/en-gb/watch/161942-5001.html,"https://objects-prod.cdn.chopard.com/q_auto,f_auto,dpr_auto/e_trim/c_lpad,w_iw,h_ih/c_lpad,ar_1:1,w_800,g_center/ProductsAssets/Web/161942-5001_01.png",L.U.C,161942-5001,25300.0,GBP,UK,2025-01-28 00:00:00,Watches,2025-01-06,29181.08
Chopard,https://www.chopard.com/en-gb/watch/168556-3002.html,"https://objects-prod.cdn.chopard.com/q_auto,f_auto,dpr_auto/e_trim/c_lpad,w_iw,h_ih/c_lpad,ar_1:1,w_800,g_center/ProductsAssets/Web/168556-3002_01.png",L.U.C,168556-3002,30600.0,GBP,UK,2025-01-28 00:00:00,Watches,2025-01-06,35294.12
Chopard,https://www.chopard.com/en-gb/watch/161242-0001.html,"https://objects-prod.cdn.chopard.com/q_auto,f_auto,dpr_auto/e_trim/c_lpad,w_iw,h_ih/c_lpad,ar_1:1,w_800,g_center/ProductsAssets/Web/161242-0001_01.png",L.U.C,161242-0001,32500.0,GBP,UK,2025-01-28 00:00:00,Watches,2025-01-06,37485.58
Chopard,https://www.chopard.com/en-gb/watch/161942-9001.html,"https://objects-prod.cdn.chopard.com/q_auto,f_auto,dpr_auto/e_trim/c_lpad,w_iw,h_ih/c_lpad,ar_1:1,w_800,g_center/ProductsAssets/Web/161942-9001_01.png",L.U.C,161942-9001,39600.0,GBP,UK,2025-01-28 00:00:00,Watches,2025-01-06,45674.74
Chopard,https://www.chopard.com/en-gb/watch/161980-5001.html,"https://objects-prod.cdn.chopard.com/q_auto,f_auto,dpr_auto/e_trim/c_lpad,w_iw,h_ih/c_lpad,ar_1:1,w_800,g_center/ProductsAssets/Web/161980-5001_01.png",L.U.C,161980-5001,39700.0,GBP,UK,2025-01-28 00:00:00,Watches,2025-01-06,45790.08
Chopard,https://www.chopard.com/en-gb/watch/172296-1001.html,"https://objects-prod.cdn.chopard.com/q_auto,f_auto,dpr_auto/e_trim/c_lpad,w_iw,h_ih/c_lpad,ar_1:1,w_800,g_center/ProductsAssets/Web/172296-1001_01.png",L.U.C,172296-1001,44600.0,GBP,UK,2025-01-28 00:00:00,Watches,2025-01-06,51441.75
Chopard,https://www.chopard.com/en-gb/watch/161977-5001.html,"https://objects-prod.cdn.chopard.com/q_auto,f_auto,dpr_auto/e_trim/c_lpad,w_iw,h_ih/c_lpad,ar_1:1,w_800,g_center/ProductsAssets/Web/161977-5001_01.png",L.U.C,161977-5001,45200.0,GBP,UK,2025-01-28 00:00:00,Watches,2025-01-06,52133.79
Chopard,https://www.chopard.com/en-gb/watch/161977-1001.html,"https://objects-prod.cdn.chopard.com/q_auto,f_auto,dpr_auto/e_trim/c_lpad,w_iw,h_ih/c_lpad,ar_1:1,w_800,g_center/ProductsAssets/Web/161977-1001_01.png",L.U.C,161977-1001,45200.0,GBP,UK,2025-01-28 00:00:00,Watches,2025-01-06,52133.79
Chopard,https://www.chopard.com/en-gb/watch/161976-5003.html,"https://objects-prod.cdn.chopard.com/q_auto,f_auto,dpr_auto/e_trim/c_lpad,w_iw,h_ih/c_lpad,ar_1:1,w_800,g_center/ProductsAssets/Web/161976-5003_01.png",L.U.C,161976-5003,50300.0,GBP,UK,2025-01-28 00:00:00,Watches,2025-01-06,58016.15
Chopard,https://www.chopard.com/en-gb/watch/161949-1001.html,"https://objects-prod.cdn.chopard.com/q_auto,f_auto,dpr_auto/e_trim/c_lpad,w_iw,h_ih/c_lpad,ar_1:1,w_800,g_center/ProductsAssets/Web/161949-1001_01.png",L.U.C,161949-1001,61900.0,GBP,UK,2025-01-28 00:00:00,Watches,2025-01-06,71395.62
Chopard,https://www.chopard.com/en-gb/watch/168611-3001.html,"https://objects-prod.cdn.chopard.com/q_auto,f_auto,dpr_auto/e_trim/c_lpad,w_iw,h_ih/c_lpad,ar_1:1,w_800,g_center/ProductsAssets/Web/168611-3001_01.png",L.U.C,168611-3001,75700.0,GBP,UK,2025-01-28 00:00:00,Watches,2025-01-06,87312.57
Chopard,https://www.chopard.com/en-gb/watch/10A178-1301.html,"https://objects-prod.cdn.chopard.com/q_auto,f_auto,dpr_auto/e_trim/c_lpad,w_iw,h_ih/c_lpad,ar_1:1,w_800,g_center/ProductsAssets/Web/10A178-1301_01.png",L'HEURE DU DIAMANT,10A178-1301,41800.0,GBP,UK,2025-01-28 00:00:00,Watches,2025-01-06,48212.23
Chopard,https://www.chopard.com/en-gb/watch/10A178-5301.html,"https://objects-prod.cdn.chopard.com/q_auto,f_auto,dpr_auto/e_trim/c_lpad,w_iw,h_ih/c_lpad,ar_1:1,w_800,g_center/ProductsAssets/Web/10A178-5301_01.png",L'HEURE DU DIAMANT,10A178-5301,41800.0,GBP,UK,2025-01-28 00:00:00,Watches,2025-01-06,48212.23
Chopard,https://www.chopard.com/en-gb/watch/10A178-1314.html,"https://objects-prod.cdn.chopard.com/q_auto,f_auto,dpr_auto/e_trim/c_lpad,w_iw,h_ih/c_lpad,ar_1:1,w_800,g_center/ProductsAssets/Web/10A178-1314_01.png",L'HEURE DU DIAMANT,10A178-1314,43600.0,GBP,UK,2025-01-28 00:00:00,Watches,2025-01-06,50288.35
Chopard,https://www.chopard.com/en-gb/watch/13A387-1115.html,"https://objects-prod.cdn.chopard.com/q_auto,f_auto,dpr_auto/e_trim/c_lpad,w_iw,h_ih/c_lpad,ar_1:1,w_800,g_center/ProductsAssets/Web/13A387-1115_01.png",L'HEURE DU DIAMANT,13A387-1115,46700.0,GBP,UK,2025-01-28 00:00:00,Watches,2025-01-06,53863.9
Chopard,https://www.chopard.com/en-gb/watch/13A097-1111.html,"https://objects-prod.cdn.chopard.com/q_auto,f_auto,dpr_auto/e_trim/c_lpad,w_iw,h_ih/c_lpad,ar_1:1,w_800,g_center/ProductsAssets/Web/13A097-1111_01.png",L'HEURE DU DIAMANT,13A097-1111,51100.0,GBP,UK,2025-01-28 00:00:00,Watches,2025-01-06,58938.87
Chopard,https://www.chopard.com/en-gb/watch/10A178-5321.html,"https://objects-prod.cdn.chopard.com/q_auto,f_auto,dpr_auto/e_trim/c_lpad,w_iw,h_ih/c_lpad,ar_1:1,w_800,g_center/ProductsAssets/Web/10A178-5321_01.png",L'HEURE DU DIAMANT,10A178-5321,51600.0,GBP,UK,2025-01-28 00:00:00,Watches,2025-01-06,59515.57
Chopard,https://www.chopard.com/en-gb/watch/13A097-1112.html,"https://objects-prod.cdn.chopard.com/q_auto,f_auto,dpr_auto/e_trim/c_lpad,w_iw,h_ih/c_lpad,ar_1:1,w_800,g_center/ProductsAssets/Web/13A097-1112_01.png",L'HEURE DU DIAMANT,13A097-1112,51800.0,GBP,UK,2025-01-28 00:00:00,Watches,2025-01-06,59746.25
Chopard,https://www.chopard.com/en-gb/watch/13A419-1601.html,"https://objects-prod.cdn.chopard.com/q_auto,f_auto,dpr_auto/e_trim/c_lpad,w_iw,h_ih/c_lpad,ar_1:1,w_800,g_center/ProductsAssets/Web/13A419-1601_01.png",L'HEURE DU DIAMANT,13A419-1601,57900.0,GBP,UK,2025-01-28 00:00:00,Watches,2025-01-06,66782.01
Chopard,https://www.chopard.com/en-gb/watch/13A393-1106.html,"https://objects-prod.cdn.chopard.com/q_auto,f_auto,dpr_auto/e_trim/c_lpad,w_iw,h_ih/c_lpad,ar_1:1,w_800,g_center/ProductsAssets/Web/13A393-1106_01.png",L'HEURE DU DIAMANT,13A393-1106,62700.0,GBP,UK,2025-01-28 00:00:00,Watches,2025-01-06,72318.34
Chopard,https://www.chopard.com/en-gb/watch/13A393-5106.html,"https://objects-prod.cdn.chopard.com/q_auto,f_auto,dpr_auto/e_trim/c_lpad,w_iw,h_ih/c_lpad,ar_1:1,w_800,g_center/ProductsAssets/Web/13A393-5106_01.png",L'HEURE DU DIAMANT,13A393-5106,62700.0,GBP,UK,2025-01-28 00:00:00,Watches,2025-01-06,72318.34
Chopard,https://www.chopard.com/en-gb/watch/10A384-5111.html,"https://objects-prod.cdn.chopard.com/q_auto,f_auto,dpr_auto/e_trim/c_lpad,w_iw,h_ih/c_lpad,ar_1:1,w_800,g_center/ProductsAssets/Web/10A384-5111_01.png",L'HEURE DU DIAMANT,10A384-5111,63500.0,GBP,UK,2025-01-28 00:00:00,Watches,2025-01-06,73241.06
Chopard,https://www.chopard.com/en-gb/watch/10A386-5111.html,"https://objects-prod.cdn.chopard.com/q_auto,f_auto,dpr_auto/e_trim/c_lpad,w_iw,h_ih/c_lpad,ar_1:1,w_800,g_center/ProductsAssets/Web/10A386-5111_01.png",L'HEURE DU DIAMANT,10A386-5111,66700.0,GBP,UK,2025-01-28 00:00:00,Watches,2025-01-06,76931.95
Chopard,https://www.chopard.com/en-gb/watch/%4010A391-1300.html,"https://objects-prod.cdn.chopard.com/q_auto,f_auto,dpr_auto/e_trim/c_lpad,w_iw,h_ih/c_lpad,ar_1:1,w_800,g_center/ProductsAssets/Web/@10A391-1300_01.png",L'HEURE DU DIAMANT,10A391-1300,67100.0,GBP,UK,2025-01-28 00:00:00,Watches,2025-01-06,77393.31
Chopard,https://www.chopard.com/en-gb/watch/%4010A391-1100.html,"https://objects-prod.cdn.chopard.com/q_auto,f_auto,dpr_auto/e_trim/c_lpad,w_iw,h_ih/c_lpad,ar_1:1,w_800,g_center/ProductsAssets/Web/@10A391-1100_01.png",L'HEURE DU DIAMANT,10A391-1100,67100.0,GBP,UK,2025-01-28 00:00:00,Watches,2025-01-06,77393.31
Chopard,https://www.chopard.com/en-gb/watch/%4010A391-5100.html,"https://objects-prod.cdn.chopard.com/q_auto,f_auto,dpr_auto/e_trim/c_lpad,w_iw,h_ih/c_lpad,ar_1:1,w_800,g_center/ProductsAssets/Web/@10A391-5100_01.png",L'HEURE DU DIAMANT,10A391-5100,67100.0,GBP,UK,2025-01-28 00:00:00,Watches,2025-01-06,77393.31
Chopard,https://www.chopard.com/en-gb/watch/%4010A391-5300.html,"https://objects-prod.cdn.chopard.com/q_auto,f_auto,dpr_auto/e_trim/c_lpad,w_iw,h_ih/c_lpad,ar_1:1,w_800,g_center/ProductsAssets/Web/@10A391-5300_01.png",L'HEURE DU DIAMANT,10A391-5300,67100.0,GBP,UK,2025-01-28 00:00:00,Watches,2025-01-06,77393.31
Chopard,https://www.chopard.com/en-gb/watch/10A326-5106.html,"https://objects-prod.cdn.chopard.com/q_auto,f_auto,dpr_auto/e_trim/c_lpad,w_iw,h_ih/c_lpad,ar_1:1,w_800,g_center/ProductsAssets/Web/10A326-5106_01.png",L'HEURE DU DIAMANT,10A326-5106,68200.0,GBP,UK,2025-01-28 00:00:00,Watches,2025-01-06,78662.05
Chopard,https://www.chopard.com/en-gb/watch/10A326-1106.html,"https://objects-prod.cdn.chopard.com/q_auto,f_auto,dpr_auto/e_trim/c_lpad,w_iw,h_ih/c_lpad,ar_1:1,w_800,g_center/ProductsAssets/Web/10A326-1106_01.png",L'HEURE DU DIAMANT,10A326-1106,68200.0,GBP,UK,2025-01-28 00:00:00,Watches,2025-01-06,78662.05
Chopard,https://www.chopard.com/en-gb/watch/10A097-5404.html,"https://objects-prod.cdn.chopard.com/q_auto,f_auto,dpr_auto/e_trim/c_lpad,w_iw,h_ih/c_lpad,ar_1:1,w_800,g_center/ProductsAssets/Web/10A097-5404_01.png",L'HEURE DU DIAMANT,10A097-5404,68800.0,GBP,UK,2025-01-28 00:00:00,Watches,2025-01-06,79354.09
Chopard,https://www.chopard.com/en-gb/watch/10A097-1404.html,"https://objects-prod.cdn.chopard.com/q_auto,f_auto,dpr_auto/e_trim/c_lpad,w_iw,h_ih/c_lpad,ar_1:1,w_800,g_center/ProductsAssets/Web/10A097-1404_01.png",L'HEURE DU DIAMANT,10A097-1404,68800.0,GBP,UK,2025-01-28 00:00:00,Watches,2025-01-06,79354.09
Chopard,https://www.chopard.com/en-gb/watch/10A419-5623.html,"https://objects-prod.cdn.chopard.com/q_auto,f_auto,dpr_auto/e_trim/c_lpad,w_iw,h_ih/c_lpad,ar_1:1,w_800,g_center/ProductsAssets/Web/10A419-5623_01.png",L'HEURE DU DIAMANT,10A419-5623,73200.0,GBP,UK,2025-01-28 00:00:00,Watches,2025-01-06,84429.07
Chopard,https://www.chopard.com/en-gb/watch/10A386-1106.html,"https://objects-prod.cdn.chopard.com/q_auto,f_auto,dpr_auto/e_trim/c_lpad,w_iw,h_ih/c_lpad,ar_1:1,w_800,g_center/ProductsAssets/Web/10A386-1106_01.png",L'HEURE DU DIAMANT,10A386-1106,74200.0,GBP,UK,2025-01-28 00:00:00,Watches,2025-01-06,85582.47
Chopard,https://www.chopard.com/en-gb/watch/139383-1223.html,"https://objects-prod.cdn.chopard.com/q_auto,f_auto,dpr_auto/e_trim/c_lpad,w_iw,h_ih/c_lpad,ar_1:1,w_800,g_center/ProductsAssets/Web/139383-1223_01.png",L'HEURE DU DIAMANT,139383-1223,75000.0,GBP,UK,2025-01-28 00:00:00,Watches,2025-01-06,86505.19
Chopard,https://www.chopard.com/en-gb/watch/139383-5223.html,"https://objects-prod.cdn.chopard.com/q_auto,f_auto,dpr_auto/e_trim/c_lpad,w_iw,h_ih/c_lpad,ar_1:1,w_800,g_center/ProductsAssets/Web/139383-5223_01.png",L'HEURE DU DIAMANT,139383-5223,75000.0,GBP,UK,2025-01-28 00:00:00,Watches,2025-01-06,86505.19
Chopard,https://www.chopard.com/en-gb/watch/10A386-5107.html,"https://objects-prod.cdn.chopard.com/q_auto,f_auto,dpr_auto/e_trim/c_lpad,w_iw,h_ih/c_lpad,ar_1:1,w_800,g_center/ProductsAssets/Web/10A386-5107_01.png",L'HEURE DU DIAMANT,10A386-5107,77100.0,GBP,UK,2025-01-28 00:00:00,Watches,2025-01-06,88927.34
Chopard,https://www.chopard.com/en-gb/watch/10A393-1106.html,"https://objects-prod.cdn.chopard.com/q_auto,f_auto,dpr_auto/e_trim/c_lpad,w_iw,h_ih/c_lpad,ar_1:1,w_800,g_center/ProductsAssets/Web/10A393-1106_01.png",L'HEURE DU DIAMANT,10A393-1106,78800.0,GBP,UK,2025-01-28 00:00:00,Watches,2025-01-06,90888.12
Chopard,https://www.chopard.com/en-gb/watch/10A393-5106.html,"https://objects-prod.cdn.chopard.com/q_auto,f_auto,dpr_auto/e_trim/c_lpad,w_iw,h_ih/c_lpad,ar_1:1,w_800,g_center/ProductsAssets/Web/10A393-5106_01.png",L'HEURE DU DIAMANT,10A393-5106,78800.0,GBP,UK,2025-01-28 00:00:00,Watches,2025-01-06,90888.12
Chopard,https://www.chopard.com/en-gb/watch/%4013A390-5100.html,"https://objects-prod.cdn.chopard.com/q_auto,f_auto,dpr_auto/e_trim/c_lpad,w_iw,h_ih/c_lpad,ar_1:1,w_800,g_center/ProductsAssets/Web/@13A390-5100_01.png",L'HEURE DU DIAMANT,13A390-5100,80700.0,GBP,UK,2025-01-28 00:00:00,Watches,2025-01-06,93079.58
Chopard,https://www.chopard.com/en-gb/watch/%4013A390-1100.html,"https://objects-prod.cdn.chopard.com/q_auto,f_auto,dpr_auto/e_trim/c_lpad,w_iw,h_ih/c_lpad,ar_1:1,w_800,g_center/ProductsAssets/Web/@13A390-1100_01.png",L'HEURE DU DIAMANT,13A390-1100,80700.0,GBP,UK,2025-01-28 00:00:00,Watches,2025-01-06,93079.58
Chopard,https://www.chopard.com/en-gb/watch/139419-1601.html,"https://objects-prod.cdn.chopard.com/q_auto,f_auto,dpr_auto/e_trim/c_lpad,w_iw,h_ih/c_lpad,ar_1:1,w_800,g_center/ProductsAssets/Web/139419-1601_01.png",L'HEURE DU DIAMANT,139419-1601,86200.0,GBP,UK,2025-01-28 00:00:00,Watches,2025-01-06,99423.3
Chopard,https://www.chopard.com/en-gb/watch/139383-1201.html,"https://objects-prod.cdn.chopard.com/q_auto,f_auto,dpr_auto/e_trim/c_lpad,w_iw,h_ih/c_lpad,ar_1:1,w_800,g_center/ProductsAssets/Web/139383-1201_01.png",L'HEURE DU DIAMANT,139383-1201,91800.0,GBP,UK,2025-01-28 00:00:00,Watches,2025-01-06,105882.35
Chopard,https://www.chopard.com/en-gb/watch/168565-3001.html,"https://objects-prod.cdn.chopard.com/q_auto,f_auto,dpr_auto/e_trim/c_lpad,w_iw,h_ih/c_lpad,ar_1:1,w_800,g_center/ProductsAssets/Web/168565-3001_01.png",MILLE MIGLIA,168565-3001,5770.0,GBP,UK,2025-01-28 00:00:00,Watches,2025-01-06,6655.13
Chopard,https://www.chopard.com/en-gb/watch/168566-3001.html,"https://objects-prod.cdn.chopard.com/q_auto,f_auto,dpr_auto/e_trim/c_lpad,w_iw,h_ih/c_lpad,ar_1:1,w_800,g_center/ProductsAssets/Web/168566-3001_01.png",MILLE MIGLIA,168566-3001,6310.0,GBP,UK,2025-01-28 00:00:00,Watches,2025-01-06,7277.97
Chopard,https://www.chopard.com/en-gb/watch/168571-3001.html,"https://objects-prod.cdn.chopard.com/q_auto,f_auto,dpr_auto/e_trim/c_lpad,w_iw,h_ih/c_lpad,ar_1:1,w_800,g_center/ProductsAssets/Web/168571-3001_01.png",MILLE MIGLIA,168571-3001,6920.0,GBP,UK,2025-01-28 00:00:00,Watches,2025-01-06,7981.55
Chopard,https://www.chopard.com/en-gb/watch/168566-3007.html,"https://objects-prod.cdn.chopard.com/q_auto,f_auto,dpr_auto/e_trim/c_lpad,w_iw,h_ih/c_lpad,ar_1:1,w_800,g_center/ProductsAssets/Web/168566-3007_01.png",MILLE MIGLIA,168566-3007,8180.0,GBP,UK,2025-01-28 00:00:00,Watches,2025-01-06,9434.83
Chopard,https://www.chopard.com/en-gb/watch/168619-3001.html,"https://objects-prod.cdn.chopard.com/q_auto,f_auto,dpr_auto/e_trim/c_lpad,w_iw,h_ih/c_lpad,ar_1:1,w_800,g_center/ProductsAssets/Web/168619-3001_01.png",MILLE MIGLIA,168619-3001,8230.0,GBP,UK,2025-01-28 00:00:00,Watches,2025-01-06,9492.5
Chopard,https://www.chopard.com/en-gb/watch/168619-3003.html,"https://objects-prod.cdn.chopard.com/q_auto,f_auto,dpr_auto/e_trim/c_lpad,w_iw,h_ih/c_lpad,ar_1:1,w_800,g_center/ProductsAssets/Web/168619-3003_01.png",MILLE MIGLIA,168619-3003,8420.0,GBP,UK,2025-01-28 00:00:00,Watches,2025-01-06,9711.65
Chopard,https://www.chopard.com/en-gb/watch/168619-3005.html,"https://objects-prod.cdn.chopard.com/q_auto,f_auto,dpr_auto/e_trim/c_lpad,w_iw,h_ih/c_lpad,ar_1:1,w_800,g_center/ProductsAssets/Web/168619-3005_01.png",MILLE MIGLIA,168619-3005,8420.0,GBP,UK,2025-01-28 00:00:00,Watches,2025-01-06,9711.65
Chopard,https://www.chopard.com/en-gb/watch/168619-3004.html,"https://objects-prod.cdn.chopard.com/q_auto,f_auto,dpr_auto/e_trim/c_lpad,w_iw,h_ih/c_lpad,ar_1:1,w_800,g_center/ProductsAssets/Web/168619-3004_01.png",MILLE MIGLIA,168619-3004,8420.0,GBP,UK,2025-01-28 00:00:00,Watches,2025-01-06,9711.65
Chopard,https://www.chopard.com/en-gb/watch/168619-3007.html,"https://objects-prod.cdn.chopard.com/q_auto,f_auto,dpr_auto/e_trim/c_lpad,w_iw,h_ih/c_lpad,ar_1:1,w_800,g_center/ProductsAssets/Web/168619-3007_01.png",MILLE MIGLIA,168619-3007,8710.0,GBP,UK,2025-01-28 00:00:00,Watches,2025-01-06,10046.14
Chopard,https://www.chopard.com/en-gb/watch/168619-3006.html,"https://objects-prod.cdn.chopard.com/q_auto,f_auto,dpr_auto/e_trim/c_lpad,w_iw,h_ih/c_lpad,ar_1:1,w_800,g_center/ProductsAssets/Web/168619-3006_01.png",MILLE MIGLIA,168619-3006,9280.0,GBP,UK,2025-01-28 00:00:00,Watches,2025-01-06,10703.58
Chopard,https://www.chopard.com/en-gb/watch/168619-4001.html,"https://objects-prod.cdn.chopard.com/q_auto,f_auto,dpr_auto/e_trim/c_lpad,w_iw,h_ih/c_lpad,ar_1:1,w_800,g_center/ProductsAssets/Web/168619-4001_01.png",MILLE MIGLIA,168619-4001,9940.0,GBP,UK,2025-01-28 00:00:00,Watches,2025-01-06,11464.82
Chopard,https://www.chopard.com/en-gb/watch/168619-4002.html,"https://objects-prod.cdn.chopard.com/q_auto,f_auto,dpr_auto/e_trim/c_lpad,w_iw,h_ih/c_lpad,ar_1:1,w_800,g_center/ProductsAssets/Web/168619-4002_01.png",MILLE MIGLIA,168619-4002,10900.0,GBP,UK,2025-01-28 00:00:00,Watches,2025-01-06,12572.09
Chopard,https://www.chopard.com/ja-jp/watch/298617-3001.html,"https://objects-prod.cdn.chopard.com/q_auto,f_auto,dpr_auto/e_trim/c_lpad,w_iw,h_ih/c_lpad,ar_1:1,w_800,g_center/ProductsAssets/Web/298617-3001_01.png",ALPINE EAGLE,298617-3001,1650000.0,JPY,Japan,2025-01-28 00:00:00,Watches,2025-01-06,9006.55
Chopard,https://www.chopard.com/ja-jp/watch/298601-3001.html,"https://objects-prod.cdn.chopard.com/q_auto,f_auto,dpr_auto/e_trim/c_lpad,w_iw,h_ih/c_lpad,ar_1:1,w_800,g_center/ProductsAssets/Web/298601-3001_01.png",ALPINE EAGLE,298601-3001,1716000.0,JPY,Japan,2025-01-28 00:00:00,Watches,2025-01-06,9366.81
Chopard,https://www.chopard.com/ja-jp/watch/298600-3002.html,"https://objects-prod.cdn.chopard.com/q_auto,f_auto,dpr_auto/e_trim/c_lpad,w_iw,h_ih/c_lpad,ar_1:1,w_800,g_center/ProductsAssets/Web/298600-3002_01.png",ALPINE EAGLE,298600-3002,2178000.0,JPY,Japan,2025-01-28 00:00:00,Watches,2025-01-06,11888.65
Chopard,https://www.chopard.com/ja-jp/watch/298600-3001.html,"https://objects-prod.cdn.chopard.com/q_auto,f_auto,dpr_auto/e_trim/c_lpad,w_iw,h_ih/c_lpad,ar_1:1,w_800,g_center/ProductsAssets/Web/298600-3001_01.png",ALPINE EAGLE,298600-3001,2178000.0,JPY,Japan,2025-01-28 00:00:00,Watches,2025-01-06,11888.65
Chopard,https://www.chopard.com/ja-jp/watch/298617-3002.html,"https://objects-prod.cdn.chopard.com/q_auto,f_auto,dpr_auto/e_trim/c_lpad,w_iw,h_ih/c_lpad,ar_1:1,w_800,g_center/ProductsAssets/Web/298617-3002_01.png",ALPINE EAGLE,298617-3002,2233000.0,JPY,Japan,2025-01-28 00:00:00,Watches,2025-01-06,12188.86
Chopard,https://www.chopard.com/ja-jp/watch/298617-6001.html,"https://objects-prod.cdn.chopard.com/q_auto,f_auto,dpr_auto/e_trim/c_lpad,w_iw,h_ih/c_lpad,ar_1:1,w_800,g_center/ProductsAssets/Web/298617-6001_01.png",ALPINE EAGLE,298617-6001,2343000.0,JPY,Japan,2025-01-28 00:00:00,Watches,2025-01-06,12789.3
Chopard,https://www.chopard.com/ja-jp/watch/298600-3014.html,"https://objects-prod.cdn.chopard.com/q_auto,f_auto,dpr_auto/e_trim/c_lpad,w_iw,h_ih/c_lpad,ar_1:1,w_800,g_center/ProductsAssets/Web/298600-3014_01.png",ALPINE EAGLE,298600-3014,2398000.0,JPY,Japan,2025-01-28 00:00:00,Watches,2025-01-06,13089.52
Chopard,https://www.chopard.com/ja-jp/watch/298601-3004.html,"https://objects-prod.cdn.chopard.com/q_auto,f_auto,dpr_auto/e_trim/c_lpad,w_iw,h_ih/c_lpad,ar_1:1,w_800,g_center/ProductsAssets/Web/298601-3004_01.png",ALPINE EAGLE,298601-3004,2420000.0,JPY,Japan,2025-01-28 00:00:00,Watches,2025-01-06,13209.61
Chopard,https://www.chopard.com/ja-jp/watch/298617-6002.html,"https://objects-prod.cdn.chopard.com/q_auto,f_auto,dpr_auto/e_trim/c_lpad,w_iw,h_ih/c_lpad,ar_1:1,w_800,g_center/ProductsAssets/Web/298617-6002_01.png",ALPINE EAGLE,298617-6002,2882000.0,JPY,Japan,2025-01-28 00:00:00,Watches,2025-01-06,15731.44
Chopard,https://www.chopard.com/ja-jp/watch/298609-3004.html,"https://objects-prod.cdn.chopard.com/q_auto,f_auto,dpr_auto/e_trim/c_lpad,w_iw,h_ih/c_lpad,ar_1:1,w_800,g_center/ProductsAssets/Web/298609-3004_01.png",ALPINE EAGLE,298609-3004,2970000.0,JPY,Japan,2025-01-28 00:00:00,Watches,2025-01-06,16211.79
Chopard,https://www.chopard.com/ja-jp/watch/298609-3003.html,"https://objects-prod.cdn.chopard.com/q_auto,f_auto,dpr_auto/e_trim/c_lpad,w_iw,h_ih/c_lpad,ar_1:1,w_800,g_center/ProductsAssets/Web/298609-3003_01.png",ALPINE EAGLE,298609-3003,2970000.0,JPY,Japan,2025-01-28 00:00:00,Watches,2025-01-06,16211.79
Chopard,https://www.chopard.com/ja-jp/watch/298609-3001.html,"https://objects-prod.cdn.chopard.com/q_auto,f_auto,dpr_auto/e_trim/c_lpad,w_iw,h_ih/c_lpad,ar_1:1,w_800,g_center/ProductsAssets/Web/298609-3001_01.png",ALPINE EAGLE,298609-3001,3190000.0,JPY,Japan,2025-01-28 00:00:00,Watches,2025-01-06,17412.66
Chopard,https://www.chopard.com/ja-jp/watch/298600-3020.html,"https://objects-prod.cdn.chopard.com/q_auto,f_auto,dpr_auto/e_trim/c_lpad,w_iw,h_ih/c_lpad,ar_1:1,w_800,g_center/ProductsAssets/Web/298600-3020_01.png",ALPINE EAGLE,298600-3020,3256000.0,JPY,Japan,2025-01-28 00:00:00,Watches,2025-01-06,17772.93
Chopard,https://www.chopard.com/ja-jp/watch/298600-6001.html,"https://objects-prod.cdn.chopard.com/q_auto,f_auto,dpr_auto/e_trim/c_lpad,w_iw,h_ih/c_lpad,ar_1:1,w_800,g_center/ProductsAssets/Web/298600-6001_01.png",ALPINE EAGLE,298600-6001,3421000.0,JPY,Japan,2025-01-28 00:00:00,Watches,2025-01-06,18673.58
Chopard,https://www.chopard.com/ja-jp/watch/298623-3001.html,"https://objects-prod.cdn.chopard.com/q_auto,f_auto,dpr_auto/e_trim/c_lpad,w_iw,h_ih/c_lpad,ar_1:1,w_800,g_center/ProductsAssets/Web/298623-3001_01.png",ALPINE EAGLE,298623-3001,3597000.0,JPY,Japan,2025-01-28 00:00:00,Watches,2025-01-06,19634.28
Chopard,https://www.chopard.com/ja-jp/watch/298609-3008.html,"https://objects-prod.cdn.chopard.com/q_auto,f_auto,dpr_auto/e_trim/c_lpad,w_iw,h_ih/c_lpad,ar_1:1,w_800,g_center/ProductsAssets/Web/298609-3008_01.png",ALPINE EAGLE,298609-3008,3696000.0,JPY,Japan,2025-01-28 00:00:00,Watches,2025-01-06,20174.67
Chopard,https://www.chopard.com/ja-jp/watch/298630-3001.html,"https://objects-prod.cdn.chopard.com/q_auto,f_auto,dpr_auto/e_trim/c_lpad,w_iw,h_ih/c_lpad,ar_1:1,w_800,g_center/ProductsAssets/Web/298630-3001_01.png",ALPINE EAGLE,298630-3001,3927000.0,JPY,Japan,2025-01-28 00:00:00,Watches,2025-01-06,21435.59
Chopard,https://www.chopard.com/ja-jp/watch/295370-5001.html,"https://objects-prod.cdn.chopard.com/q_auto,f_auto,dpr_auto/e_trim/c_lpad,w_iw,h_ih/c_lpad,ar_1:1,w_800,g_center/ProductsAssets/Web/295370-5001_01.png",ALPINE EAGLE,295370-5001,5588000.0,JPY,Japan,2025-01-28 00:00:00,Watches,2025-01-06,30502.18
Chopard,https://www.chopard.com/ja-jp/watch/295387-9001.html,"https://objects-prod.cdn.chopard.com/q_auto,f_auto,dpr_auto/e_trim/c_lpad,w_iw,h_ih/c_lpad,ar_1:1,w_800,g_center/ProductsAssets/Web/295387-9001_01.png",ALPINE EAGLE,295387-9001,5819000.0,JPY,Japan,2025-01-28 00:00:00,Watches,2025-01-06,31763.1
Chopard,https://www.chopard.com/ja-jp/watch/295384-5001.html,"https://objects-prod.cdn.chopard.com/q_auto,f_auto,dpr_auto/e_trim/c_lpad,w_iw,h_ih/c_lpad,ar_1:1,w_800,g_center/ProductsAssets/Web/295384-5001_01.png",ALPINE EAGLE,295384-5001,6116000.0,JPY,Japan,2025-01-28 00:00:00,Watches,2025-01-06,33384.28
Chopard,https://www.chopard.com/ja-jp/watch/295384-5002.html,"https://objects-prod.cdn.chopard.com/q_auto,f_auto,dpr_auto/e_trim/c_lpad,w_iw,h_ih/c_lpad,ar_1:1,w_800,g_center/ProductsAssets/Web/295384-5002_01.png",ALPINE EAGLE,295384-5002,7535000.0,JPY,Japan,2025-01-28 00:00:00,Watches,2025-01-06,41129.91
Chopard,https://www.chopard.com/ja-jp/watch/295363-5001.html,"https://objects-prod.cdn.chopard.com/q_auto,f_auto,dpr_auto/e_trim/c_lpad,w_iw,h_ih/c_lpad,ar_1:1,w_800,g_center/ProductsAssets/Web/295363-5001_01.png",ALPINE EAGLE,295363-5001,8096000.0,JPY,Japan,2025-01-28 00:00:00,Watches,2025-01-06,44192.14
Chopard,https://www.chopard.com/ja-jp/watch/295363-5007.html,"https://objects-prod.cdn.chopard.com/q_auto,f_auto,dpr_auto/e_trim/c_lpad,w_iw,h_ih/c_lpad,ar_1:1,w_800,g_center/ProductsAssets/Web/295363-5007_01.png",ALPINE EAGLE,295363-5007,8305000.0,JPY,Japan,2025-01-28 00:00:00,Watches,2025-01-06,45332.97
Chopard,https://www.chopard.com/ja-jp/watch/295370-5003.html,"https://objects-prod.cdn.chopard.com/q_auto,f_auto,dpr_auto/e_trim/c_lpad,w_iw,h_ih/c_lpad,ar_1:1,w_800,g_center/ProductsAssets/Web/295370-5003_01.png",ALPINE EAGLE,295370-5003,8415000.0,JPY,Japan,2025-01-28 00:00:00,Watches,2025-01-06,45933.41
Chopard,https://www.chopard.com/ja-jp/watch/295363-0001.html,"https://objects-prod.cdn.chopard.com/q_auto,f_auto,dpr_auto/e_trim/c_lpad,w_iw,h_ih/c_lpad,ar_1:1,w_800,g_center/ProductsAssets/Web/295363-0001_01.png",ALPINE EAGLE,295363-0001,8712000.0,JPY,Japan,2025-01-28 00:00:00,Watches,2025-01-06,47554.59
Chopard,https://www.chopard.com/ja-jp/watch/295393-5002.html,"https://objects-prod.cdn.chopard.com/q_auto,f_auto,dpr_auto/e_trim/c_lpad,w_iw,h_ih/c_lpad,ar_1:1,w_800,g_center/ProductsAssets/Web/295393-5002_01.png",ALPINE EAGLE,295393-5002,10857000.0,JPY,Japan,2025-01-28 00:00:00,Watches,2025-01-06,59263.1
Chopard,https://www.chopard.com/ja-jp/watch/295363-5013.html,"https://objects-prod.cdn.chopard.com/q_auto,f_auto,dpr_auto/e_trim/c_lpad,w_iw,h_ih/c_lpad,ar_1:1,w_800,g_center/ProductsAssets/Web/295363-5013_01.png",ALPINE EAGLE,295363-5013,11638000.0,JPY,Japan,2025-01-28 00:00:00,Watches,2025-01-06,63526.2
Chopard,https://www.chopard.com/ja-jp/watch/295363-1008.html,"https://objects-prod.cdn.chopard.com/q_auto,f_auto,dpr_auto/e_trim/c_lpad,w_iw,h_ih/c_lpad,ar_1:1,w_800,g_center/ProductsAssets/Web/295363-1008_01.png",ALPINE EAGLE,295363-1008,12815000.0,JPY,Japan,2025-01-28 00:00:00,Watches,2025-01-06,69950.87
Chopard,https://www.chopard.com/ja-jp/watch/295363-1007.html,"https://objects-prod.cdn.chopard.com/q_auto,f_auto,dpr_auto/e_trim/c_lpad,w_iw,h_ih/c_lpad,ar_1:1,w_800,g_center/ProductsAssets/Web/295363-1007_01.png",ALPINE EAGLE,295363-1007,12815000.0,JPY,Japan,2025-01-28 00:00:00,Watches,2025-01-06,69950.87
Chopard,https://www.chopard.com/ja-jp/watch/295363-0002.html,"https://objects-prod.cdn.chopard.com/q_auto,f_auto,dpr_auto/e_trim/c_lpad,w_iw,h_ih/c_lpad,ar_1:1,w_800,g_center/ProductsAssets/Web/295363-0002_01.png",ALPINE EAGLE,295363-0002,12815000.0,JPY,Japan,2025-01-28 00:00:00,Watches,2025-01-06,69950.87
Chopard,https://www.chopard.com/ja-jp/watch/295363-1006.html,"https://objects-prod.cdn.chopard.com/q_auto,f_auto,dpr_auto/e_trim/c_lpad,w_iw,h_ih/c_lpad,ar_1:1,w_800,g_center/ProductsAssets/Web/295363-1006_01.png",ALPINE EAGLE,295363-1006,13585000.0,JPY,Japan,2025-01-28 00:00:00,Watches,2025-01-06,74153.93
Chopard,https://www.chopard.com/ja-jp/watch/295363-5011.html,"https://objects-prod.cdn.chopard.com/q_auto,f_auto,dpr_auto/e_trim/c_lpad,w_iw,h_ih/c_lpad,ar_1:1,w_800,g_center/ProductsAssets/Web/295363-5011_01.png",ALPINE EAGLE,295363-5011,13585000.0,JPY,Japan,2025-01-28 00:00:00,Watches,2025-01-06,74153.93
Chopard,https://www.chopard.com/ja-jp/watch/209415-5004.html,"https://objects-prod.cdn.chopard.com/q_auto,f_auto,dpr_auto/e_trim/c_lpad,w_iw,h_ih/c_lpad,ar_1:1,w_800,g_center/ProductsAssets/Web/209415-5004_01.png",HAPPY DIAMONDS,209415-5004,1452000.0,JPY,Japan,2025-01-28 00:00:00,Watches,2025-01-06,7925.76
Chopard,https://www.chopard.com/ja-jp/watch/203957-1214.html,"https://objects-prod.cdn.chopard.com/q_auto,f_auto,dpr_auto/e_trim/c_lpad,w_iw,h_ih/c_lpad,ar_1:1,w_800,g_center/ProductsAssets/Web/203957-1214_01.png",HAPPY DIAMONDS,203957-1214,2662000.0,JPY,Japan,2025-01-28 00:00:00,Watches,2025-01-06,14530.57
Chopard,https://www.chopard.com/ja-jp/watch/203957-5214.html,"https://objects-prod.cdn.chopard.com/q_auto,f_auto,dpr_auto/e_trim/c_lpad,w_iw,h_ih/c_lpad,ar_1:1,w_800,g_center/ProductsAssets/Web/203957-5214_01.png",HAPPY DIAMONDS,203957-5214,2662000.0,JPY,Japan,2025-01-28 00:00:00,Watches,2025-01-06,14530.57
Chopard,https://www.chopard.com/ja-jp/watch/203957-5216.html,"https://objects-prod.cdn.chopard.com/q_auto,f_auto,dpr_auto/e_trim/c_lpad,w_iw,h_ih/c_lpad,ar_1:1,w_800,g_center/ProductsAssets/Web/203957-5216_01.png",HAPPY DIAMONDS,203957-5216,2761000.0,JPY,Japan,2025-01-28 00:00:00,Watches,2025-01-06,15070.96
Chopard,https://www.chopard.com/ja-jp/watch/209426-1201.html,"https://objects-prod.cdn.chopard.com/q_auto,f_auto,dpr_auto/e_trim/c_lpad,w_iw,h_ih/c_lpad,ar_1:1,w_800,g_center/ProductsAssets/Web/209426-1201_01.png",HAPPY DIAMONDS,209426-1201,3113000.0,JPY,Japan,2025-01-28 00:00:00,Watches,2025-01-06,16992.36
Chopard,https://www.chopard.com/ja-jp/watch/209426-5201.html,"https://objects-prod.cdn.chopard.com/q_auto,f_auto,dpr_auto/e_trim/c_lpad,w_iw,h_ih/c_lpad,ar_1:1,w_800,g_center/ProductsAssets/Web/209426-5201_01.png",HAPPY DIAMONDS,209426-5201,3113000.0,JPY,Japan,2025-01-28 00:00:00,Watches,2025-01-06,16992.36
Chopard,https://www.chopard.com/ja-jp/watch/205369-5002.html,"https://objects-prod.cdn.chopard.com/q_auto,f_auto,dpr_auto/e_trim/c_lpad,w_iw,h_ih/c_lpad,ar_1:1,w_800,g_center/ProductsAssets/Web/205369-5002_01.png",HAPPY DIAMONDS,205369-5002,4950000.0,JPY,Japan,2025-01-28 00:00:00,Watches,2025-01-06,27019.65
Chopard,https://www.chopard.com/ja-jp/watch/278620-3001.html,"https://objects-prod.cdn.chopard.com/q_auto,f_auto,dpr_auto/e_trim/c_lpad,w_iw,h_ih/c_lpad,ar_1:1,w_800,g_center/ProductsAssets/Web/278620-3001_01.png",HAPPY SPORT,278620-3001,687500.0,JPY,Japan,2025-01-28 00:00:00,Watches,2025-01-06,3752.73
Chopard,https://www.chopard.com/ja-jp/watch/278590-3001.html,"https://objects-prod.cdn.chopard.com/q_auto,f_auto,dpr_auto/e_trim/c_lpad,w_iw,h_ih/c_lpad,ar_1:1,w_800,g_center/ProductsAssets/Web/278590-3001_01.png",HAPPY SPORT,278590-3001,720500.0,JPY,Japan,2025-01-28 00:00:00,Watches,2025-01-06,3932.86
Chopard,https://www.chopard.com/ja-jp/watch/278620-3003.html,"https://objects-prod.cdn.chopard.com/q_auto,f_auto,dpr_auto/e_trim/c_lpad,w_iw,h_ih/c_lpad,ar_1:1,w_800,g_center/ProductsAssets/Web/278620-3003_01.png",HAPPY SPORT,278620-3003,726000.0,JPY,Japan,2025-01-28 00:00:00,Watches,2025-01-06,3962.88
Chopard,https://www.chopard.com/ja-jp/watch/278620-3005.html,"https://objects-prod.cdn.chopard.com/q_auto,f_auto,dpr_auto/e_trim/c_lpad,w_iw,h_ih/c_lpad,ar_1:1,w_800,g_center/ProductsAssets/Web/278620-3005_01.png",HAPPY SPORT,278620-3005,726000.0,JPY,Japan,2025-01-28 00:00:00,Watches,2025-01-06,3962.88
Chopard,https://www.chopard.com/ja-jp/watch/278620-3004.html,"https://objects-prod.cdn.chopard.com/q_auto,f_auto,dpr_auto/e_trim/c_lpad,w_iw,h_ih/c_lpad,ar_1:1,w_800,g_center/ProductsAssets/Web/278620-3004_01.png",HAPPY SPORT,278620-3004,726000.0,JPY,Japan,2025-01-28 00:00:00,Watches,2025-01-06,3962.88
Chopard,https://www.chopard.com/ja-jp/watch/278620-6003.html,"https://objects-prod.cdn.chopard.com/q_auto,f_auto,dpr_auto/e_trim/c_lpad,w_iw,h_ih/c_lpad,ar_1:1,w_800,g_center/ProductsAssets/Web/278620-6003_01.png",HAPPY SPORT,278620-6003,742500.0,JPY,Japan,2025-01-28 00:00:00,Watches,2025-01-06,4052.95
Chopard,https://www.chopard.com/ja-jp/watch/278590-6015.html,"https://objects-prod.cdn.chopard.com/q_auto,f_auto,dpr_auto/e_trim/c_lpad,w_iw,h_ih/c_lpad,ar_1:1,w_800,g_center/ProductsAssets/Web/278590-6015_01.png",HAPPY SPORT,278590-6015,770000.0,JPY,Japan,2025-01-28 00:00:00,Watches,2025-01-06,4203.06
Chopard,https://www.chopard.com/ja-jp/watch/278590-3011.html,"https://objects-prod.cdn.chopard.com/q_auto,f_auto,dpr_auto/e_trim/c_lpad,w_iw,h_ih/c_lpad,ar_1:1,w_800,g_center/ProductsAssets/Web/278590-3011_01.png",HAPPY SPORT,278590-3011,830500.0,JPY,Japan,2025-01-28 00:00:00,Watches,2025-01-06,4533.3
Chopard,https://www.chopard.com/ja-jp/watch/278620-6001.html,"https://objects-prod.cdn.chopard.com/q_auto,f_auto,dpr_auto/e_trim/c_lpad,w_iw,h_ih/c_lpad,ar_1:1,w_800,g_center/ProductsAssets/Web/278620-6001_01.png",HAPPY SPORT,278620-6001,869000.0,JPY,Japan,2025-01-28 00:00:00,Watches,2025-01-06,4743.45
Chopard,https://www.chopard.com/ja-jp/watch/278590-3002.html,"https://objects-prod.cdn.chopard.com/q_auto,f_auto,dpr_auto/e_trim/c_lpad,w_iw,h_ih/c_lpad,ar_1:1,w_800,g_center/ProductsAssets/Web/278590-3002_01.png",HAPPY SPORT,278590-3002,891000.0,JPY,Japan,2025-01-28 00:00:00,Watches,2025-01-06,4863.54
Chopard,https://www.chopard.com/ja-jp/watch/278582-3001.html,"https://objects-prod.cdn.chopard.com/q_auto,f_auto,dpr_auto/e_trim/c_lpad,w_iw,h_ih/c_lpad,ar_1:1,w_800,g_center/ProductsAssets/Web/278582-3001_01.png",HAPPY SPORT,278582-3001,902000.0,JPY,Japan,2025-01-28 00:00:00,Watches,2025-01-06,4923.58
Chopard,https://www.chopard.com/ja-jp/watch/278590-3013.html,"https://objects-prod.cdn.chopard.com/q_auto,f_auto,dpr_auto/e_trim/c_lpad,w_iw,h_ih/c_lpad,ar_1:1,w_800,g_center/ProductsAssets/Web/278590-3013_01.png",HAPPY SPORT,278590-3013,929500.0,JPY,Japan,2025-01-28 00:00:00,Watches,2025-01-06,5073.69
Chopard,https://www.chopard.com/ja-jp/watch/278590-3012.html,"https://objects-prod.cdn.chopard.com/q_auto,f_auto,dpr_auto/e_trim/c_lpad,w_iw,h_ih/c_lpad,ar_1:1,w_800,g_center/ProductsAssets/Web/278590-3012_01.png",HAPPY SPORT,278590-3012,929500.0,JPY,Japan,2025-01-28 00:00:00,Watches,2025-01-06,5073.69
Chopard,https://www.chopard.com/ja-jp/watch/278590-3010.html,"https://objects-prod.cdn.chopard.com/q_auto,f_auto,dpr_auto/e_trim/c_lpad,w_iw,h_ih/c_lpad,ar_1:1,w_800,g_center/ProductsAssets/Web/278590-3010_01.png",HAPPY SPORT,278590-3010,929500.0,JPY,Japan,2025-01-28 00:00:00,Watches,2025-01-06,5073.69
Chopard,https://www.chopard.com/ja-jp/watch/278582-6012.html,"https://objects-prod.cdn.chopard.com/q_auto,f_auto,dpr_auto/e_trim/c_lpad,w_iw,h_ih/c_lpad,ar_1:1,w_800,g_center/ProductsAssets/Web/278582-6012_01.png",HAPPY SPORT,278582-6012,995500.0,JPY,Japan,2025-01-28 00:00:00,Watches,2025-01-06,5433.95
Chopard,https://www.chopard.com/ja-jp/watch/278582-6014.html,"https://objects-prod.cdn.chopard.com/q_auto,f_auto,dpr_auto/e_trim/c_lpad,w_iw,h_ih/c_lpad,ar_1:1,w_800,g_center/ProductsAssets/Web/278582-6014_01.png",HAPPY SPORT,278582-6014,995500.0,JPY,Japan,2025-01-28 00:00:00,Watches,2025-01-06,5433.95
Chopard,https://www.chopard.com/ja-jp/watch/278573-3011.html,"https://objects-prod.cdn.chopard.com/q_auto,f_auto,dpr_auto/e_trim/c_lpad,w_iw,h_ih/c_lpad,ar_1:1,w_800,g_center/ProductsAssets/Web/278573-3011_01.png",HAPPY SPORT,278573-3011,1050500.0,JPY,Japan,2025-01-28 00:00:00,Watches,2025-01-06,5734.17
Chopard,https://www.chopard.com/ja-jp/watch/278582-3002.html,"https://objects-prod.cdn.chopard.com/q_auto,f_auto,dpr_auto/e_trim/c_lpad,w_iw,h_ih/c_lpad,ar_1:1,w_800,g_center/ProductsAssets/Web/278582-3002_01.png",HAPPY SPORT,278582-3002,1122000.0,JPY,Japan,2025-01-28 00:00:00,Watches,2025-01-06,6124.45
Chopard,https://www.chopard.com/ja-jp/watch/278582-3009.html,"https://objects-prod.cdn.chopard.com/q_auto,f_auto,dpr_auto/e_trim/c_lpad,w_iw,h_ih/c_lpad,ar_1:1,w_800,g_center/ProductsAssets/Web/278582-3009_01.png",HAPPY SPORT,278582-3009,1155000.0,JPY,Japan,2025-01-28 00:00:00,Watches,2025-01-06,6304.59
Chopard,https://www.chopard.com/ja-jp/watch/278582-3011.html,"https://objects-prod.cdn.chopard.com/q_auto,f_auto,dpr_auto/e_trim/c_lpad,w_iw,h_ih/c_lpad,ar_1:1,w_800,g_center/ProductsAssets/Web/278582-3011_01.png",HAPPY SPORT,278582-3011,1155000.0,JPY,Japan,2025-01-28 00:00:00,Watches,2025-01-06,6304.59
Chopard,https://www.chopard.com/ja-jp/watch/278582-3008.html,"https://objects-prod.cdn.chopard.com/q_auto,f_auto,dpr_auto/e_trim/c_lpad,w_iw,h_ih/c_lpad,ar_1:1,w_800,g_center/ProductsAssets/Web/278582-3008_01.png",HAPPY SPORT,278582-3008,1155000.0,JPY,Japan,2025-01-28 00:00:00,Watches,2025-01-06,6304.59
Chopard,https://www.chopard.com/ja-jp/watch/278559-3011.html,"https://objects-prod.cdn.chopard.com/q_auto,f_auto,dpr_auto/e_trim/c_lpad,w_iw,h_ih/c_lpad,ar_1:1,w_800,g_center/ProductsAssets/Web/278559-3011_01.png",HAPPY SPORT,278559-3011,1188000.0,JPY,Japan,2025-01-28 00:00:00,Watches,2025-01-06,6484.72
Chopard,https://www.chopard.com/ja-jp/watch/278608-3001.html,"https://objects-prod.cdn.chopard.com/q_auto,f_auto,dpr_auto/e_trim/c_lpad,w_iw,h_ih/c_lpad,ar_1:1,w_800,g_center/ProductsAssets/Web/278608-3001_01.png",HAPPY SPORT,278608-3001,1221000.0,JPY,Japan,2025-01-28 00:00:00,Watches,2025-01-06,6664.85
Chopard,https://www.chopard.com/ja-jp/watch/278608-3010.html,"https://objects-prod.cdn.chopard.com/q_auto,f_auto,dpr_auto/e_trim/c_lpad,w_iw,h_ih/c_lpad,ar_1:1,w_800,g_center/ProductsAssets/Web/278608-3010_01.png",HAPPY SPORT,278608-3010,1232000.0,JPY,Japan,2025-01-28 00:00:00,Watches,2025-01-06,6724.89
Chopard,https://www.chopard.com/ja-jp/watch/278582-6005.html,"https://objects-prod.cdn.chopard.com/q_auto,f_auto,dpr_auto/e_trim/c_lpad,w_iw,h_ih/c_lpad,ar_1:1,w_800,g_center/ProductsAssets/Web/278582-6005_01.png",HAPPY SPORT,278582-6005,1243000.0,JPY,Japan,2025-01-28 00:00:00,Watches,2025-01-06,6784.93
Chopard,https://www.chopard.com/ja-jp/watch/278573-6026.html,"https://objects-prod.cdn.chopard.com/q_auto,f_auto,dpr_auto/e_trim/c_lpad,w_iw,h_ih/c_lpad,ar_1:1,w_800,g_center/ProductsAssets/Web/278573-6026_01.png",HAPPY SPORT,278573-6026,1265000.0,JPY,Japan,2025-01-28 00:00:00,Watches,2025-01-06,6905.02
Chopard,https://www.chopard.com/ja-jp/watch/278573-3012.html,"https://objects-prod.cdn.chopard.com/q_auto,f_auto,dpr_auto/e_trim/c_lpad,w_iw,h_ih/c_lpad,ar_1:1,w_800,g_center/ProductsAssets/Web/278573-3012_01.png",HAPPY SPORT,278573-3012,1276000.0,JPY,Japan,2025-01-28 00:00:00,Watches,2025-01-06,6965.07
Chopard,https://www.chopard.com/ja-jp/watch/278573-6013.html,"https://objects-prod.cdn.chopard.com/q_auto,f_auto,dpr_auto/e_trim/c_lpad,w_iw,h_ih/c_lpad,ar_1:1,w_800,g_center/ProductsAssets/Web/278573-6013_01.png",HAPPY SPORT,278573-6013,1287000.0,JPY,Japan,2025-01-28 00:00:00,Watches,2025-01-06,7025.11
Chopard,https://www.chopard.com/ja-jp/watch/278573-6032.html,"https://objects-prod.cdn.chopard.com/q_auto,f_auto,dpr_auto/e_trim/c_lpad,w_iw,h_ih/c_lpad,ar_1:1,w_800,g_center/ProductsAssets/Web/278573-6032_01.png",HAPPY SPORT,278573-6032,1320000.0,JPY,Japan,2025-01-28 00:00:00,Watches,2025-01-06,7205.24
Chopard,https://www.chopard.com/ja-jp/watch/278559-3001.html,"https://objects-prod.cdn.chopard.com/q_auto,f_auto,dpr_auto/e_trim/c_lpad,w_iw,h_ih/c_lpad,ar_1:1,w_800,g_center/ProductsAssets/Web/278559-3001_01.png",HAPPY SPORT,278559-3001,1331000.0,JPY,Japan,2025-01-28 00:00:00,Watches,2025-01-06,7265.28
Chopard,https://www.chopard.com/ja-jp/watch/278602-3001.html,"https://objects-prod.cdn.chopard.com/q_auto,f_auto,dpr_auto/e_trim/c_lpad,w_iw,h_ih/c_lpad,ar_1:1,w_800,g_center/ProductsAssets/Web/278602-3001_01.png",HAPPY SPORT,278602-3001,1353000.0,JPY,Japan,2025-01-28 00:00:00,Watches,2025-01-06,7385.37
Chopard,https://www.chopard.com/ja-jp/watch/278573-6018.html,"https://objects-prod.cdn.chopard.com/q_auto,f_auto,dpr_auto/e_trim/c_lpad,w_iw,h_ih/c_lpad,ar_1:1,w_800,g_center/ProductsAssets/Web/278573-6018_01.png",HAPPY SPORT,278573-6018,1386000.0,JPY,Japan,2025-01-28 00:00:00,Watches,2025-01-06,7565.5
Chopard,https://www.chopard.com/ja-jp/watch/278573-6027.html,"https://objects-prod.cdn.chopard.com/q_auto,f_auto,dpr_auto/e_trim/c_lpad,w_iw,h_ih/c_lpad,ar_1:1,w_800,g_center/ProductsAssets/Web/278573-6027_01.png",HAPPY SPORT,278573-6027,1386000.0,JPY,Japan,2025-01-28 00:00:00,Watches,2025-01-06,7565.5
Chopard,https://www.chopard.com/ja-jp/watch/278620-3002.html,"https://objects-prod.cdn.chopard.com/q_auto,f_auto,dpr_auto/e_trim/c_lpad,w_iw,h_ih/c_lpad,ar_1:1,w_800,g_center/ProductsAssets/Web/278620-3002_01.png",HAPPY SPORT,278620-3002,1386000.0,JPY,Japan,2025-01-28 00:00:00,Watches,2025-01-06,7565.5
Chopard,https://www.chopard.com/ja-jp/watch/278608-3002.html,"https://objects-prod.cdn.chopard.com/q_auto,f_auto,dpr_auto/e_trim/c_lpad,w_iw,h_ih/c_lpad,ar_1:1,w_800,g_center/ProductsAssets/Web/278608-3002_01.png",HAPPY SPORT,278608-3002,1441000.0,JPY,Japan,2025-01-28 00:00:00,Watches,2025-01-06,7865.72
Chopard,https://www.chopard.com/ja-jp/watch/278582-6009.html,"https://objects-prod.cdn.chopard.com/q_auto,f_auto,dpr_auto/e_trim/c_lpad,w_iw,h_ih/c_lpad,ar_1:1,w_800,g_center/ProductsAssets/Web/278582-6009_01.png",HAPPY SPORT,278582-6009,1474000.0,JPY,Japan,2025-01-28 00:00:00,Watches,2025-01-06,8045.85
Chopard,https://www.chopard.com/ja-jp/watch/278559-3002.html,"https://objects-prod.cdn.chopard.com/q_auto,f_auto,dpr_auto/e_trim/c_lpad,w_iw,h_ih/c_lpad,ar_1:1,w_800,g_center/ProductsAssets/Web/278559-3002_01.png",HAPPY SPORT,278559-3002,1551000.0,JPY,Japan,2025-01-28 00:00:00,Watches,2025-01-06,8466.16
Chopard,https://www.chopard.com/ja-jp/watch/278620-6002.html,"https://objects-prod.cdn.chopard.com/q_auto,f_auto,dpr_auto/e_trim/c_lpad,w_iw,h_ih/c_lpad,ar_1:1,w_800,g_center/ProductsAssets/Web/278620-6002_01.png",HAPPY SPORT,278620-6002,1573000.0,JPY,Japan,2025-01-28 00:00:00,Watches,2025-01-06,8586.24
Chopard,https://www.chopard.com/ja-jp/watch/278602-3002.html,"https://objects-prod.cdn.chopard.com/q_auto,f_auto,dpr_auto/e_trim/c_lpad,w_iw,h_ih/c_lpad,ar_1:1,w_800,g_center/ProductsAssets/Web/278602-3002_01.png",HAPPY SPORT,278602-3002,1595000.0,JPY,Japan,2025-01-28 00:00:00,Watches,2025-01-06,8706.33
Chopard,https://www.chopard.com/ja-jp/watch/278608-6001.html,"https://objects-prod.cdn.chopard.com/q_auto,f_auto,dpr_auto/e_trim/c_lpad,w_iw,h_ih/c_lpad,ar_1:1,w_800,g_center/ProductsAssets/Web/278608-6001_01.png",HAPPY SPORT,278608-6001,1606000.0,JPY,Japan,2025-01-28 00:00:00,Watches,2025-01-06,8766.38
Chopard,https://www.chopard.com/ja-jp/watch/278602-6001.html,"https://objects-prod.cdn.chopard.com/q_auto,f_auto,dpr_auto/e_trim/c_lpad,w_iw,h_ih/c_lpad,ar_1:1,w_800,g_center/ProductsAssets/Web/278602-6001_01.png",HAPPY SPORT,278602-6001,1628000.0,JPY,Japan,2025-01-28 00:00:00,Watches,2025-01-06,8886.46
Chopard,https://www.chopard.com/ja-jp/watch/278608-6013.html,"https://objects-prod.cdn.chopard.com/q_auto,f_auto,dpr_auto/e_trim/c_lpad,w_iw,h_ih/c_lpad,ar_1:1,w_800,g_center/ProductsAssets/Web/278608-6013_01.png",HAPPY SPORT,278608-6013,1639000.0,JPY,Japan,2025-01-28 00:00:00,Watches,2025-01-06,8946.51
Chopard,https://www.chopard.com/ja-jp/watch/278559-6001.html,"https://objects-prod.cdn.chopard.com/q_auto,f_auto,dpr_auto/e_trim/c_lpad,w_iw,h_ih/c_lpad,ar_1:1,w_800,g_center/ProductsAssets/Web/278559-6001_01.png",HAPPY SPORT,278559-6001,1705000.0,JPY,Japan,2025-01-28 00:00:00,Watches,2025-01-06,9306.77
Chopard,https://www.chopard.com/ja-jp/watch/278559-6008.html,"https://objects-prod.cdn.chopard.com/q_auto,f_auto,dpr_auto/e_trim/c_lpad,w_iw,h_ih/c_lpad,ar_1:1,w_800,g_center/ProductsAssets/Web/278559-6008_01.png",HAPPY SPORT,278559-6008,1749000.0,JPY,Japan,2025-01-28 00:00:00,Watches,2025-01-06,9546.94
Chopard,https://www.chopard.com/ja-jp/watch/278578-6003.html,"https://objects-prod.cdn.chopard.com/q_auto,f_auto,dpr_auto/e_trim/c_lpad,w_iw,h_ih/c_lpad,ar_1:1,w_800,g_center/ProductsAssets/Web/278578-6003_01.png",HAPPY SPORT,278578-6003,1760000.0,JPY,Japan,2025-01-28 00:00:00,Watches,2025-01-06,9606.99
Chopard,https://www.chopard.com/ja-jp/watch/278602-6006.html,"https://objects-prod.cdn.chopard.com/q_auto,f_auto,dpr_auto/e_trim/c_lpad,w_iw,h_ih/c_lpad,ar_1:1,w_800,g_center/ProductsAssets/Web/278602-6006_01.png",HAPPY SPORT,278602-6006,1760000.0,JPY,Japan,2025-01-28 00:00:00,Watches,2025-01-06,9606.99
Chopard,https://www.chopard.com/ja-jp/watch/278573-6017.html,"https://objects-prod.cdn.chopard.com/q_auto,f_auto,dpr_auto/e_trim/c_lpad,w_iw,h_ih/c_lpad,ar_1:1,w_800,g_center/ProductsAssets/Web/278573-6017_01.png",HAPPY SPORT,278573-6017,1837000.0,JPY,Japan,2025-01-28 00:00:00,Watches,2025-01-06,10027.29
Chopard,https://www.chopard.com/ja-jp/watch/278608-6002.html,"https://objects-prod.cdn.chopard.com/q_auto,f_auto,dpr_auto/e_trim/c_lpad,w_iw,h_ih/c_lpad,ar_1:1,w_800,g_center/ProductsAssets/Web/278608-6002_01.png",HAPPY SPORT,278608-6002,2321000.0,JPY,Japan,2025-01-28 00:00:00,Watches,2025-01-06,12669.21
Chopard,https://www.chopard.com/ja-jp/watch/274893-5011.html,"https://objects-prod.cdn.chopard.com/q_auto,f_auto,dpr_auto/e_trim/c_lpad,w_iw,h_ih/c_lpad,ar_1:1,w_800,g_center/ProductsAssets/Web/274893-5011_01.png",HAPPY SPORT,274893-5011,2321000.0,JPY,Japan,2025-01-28 00:00:00,Watches,2025-01-06,12669.21
Chopard,https://www.chopard.com/ja-jp/watch/278602-3003.html,"https://objects-prod.cdn.chopard.com/q_auto,f_auto,dpr_auto/e_trim/c_lpad,w_iw,h_ih/c_lpad,ar_1:1,w_800,g_center/ProductsAssets/Web/278602-3003_01.png",HAPPY SPORT,278602-3003,2343000.0,JPY,Japan,2025-01-28 00:00:00,Watches,2025-01-06,12789.3
Chopard,https://www.chopard.com/ja-jp/watch/278608-3009.html,"https://objects-prod.cdn.chopard.com/q_auto,f_auto,dpr_auto/e_trim/c_lpad,w_iw,h_ih/c_lpad,ar_1:1,w_800,g_center/ProductsAssets/Web/278608-3009_01.png",HAPPY SPORT,278608-3009,2497000.0,JPY,Japan,2025-01-28 00:00:00,Watches,2025-01-06,13629.91
Chopard,https://www.chopard.com/ja-jp/watch/278608-3008.html,"https://objects-prod.cdn.chopard.com/q_auto,f_auto,dpr_auto/e_trim/c_lpad,w_iw,h_ih/c_lpad,ar_1:1,w_800,g_center/ProductsAssets/Web/278608-3008_01.png",HAPPY SPORT,278608-3008,2497000.0,JPY,Japan,2025-01-28 00:00:00,Watches,2025-01-06,13629.91
Chopard,https://www.chopard.com/ja-jp/watch/278608-3003.html,"https://objects-prod.cdn.chopard.com/q_auto,f_auto,dpr_auto/e_trim/c_lpad,w_iw,h_ih/c_lpad,ar_1:1,w_800,g_center/ProductsAssets/Web/278608-3003_01.png",HAPPY SPORT,278608-3003,2497000.0,JPY,Japan,2025-01-28 00:00:00,Watches,2025-01-06,13629.91
Chopard,https://www.chopard.com/ja-jp/watch/275378-5001.html,"https://objects-prod.cdn.chopard.com/q_auto,f_auto,dpr_auto/e_trim/c_lpad,w_iw,h_ih/c_lpad,ar_1:1,w_800,g_center/ProductsAssets/Web/275378-5001_01.png",HAPPY SPORT,275378-5001,2519000.0,JPY,Japan,2025-01-28 00:00:00,Watches,2025-01-06,13750.0
Chopard,https://www.chopard.com/ja-jp/watch/278573-6015.html,"https://objects-prod.cdn.chopard.com/q_auto,f_auto,dpr_auto/e_trim/c_lpad,w_iw,h_ih/c_lpad,ar_1:1,w_800,g_center/ProductsAssets/Web/278573-6015_01.png",HAPPY SPORT,278573-6015,2519000.0,JPY,Japan,2025-01-28 00:00:00,Watches,2025-01-06,13750.0
Chopard,https://www.chopard.com/ja-jp/watch/275378-5011.html,"https://objects-prod.cdn.chopard.com/q_auto,f_auto,dpr_auto/e_trim/c_lpad,w_iw,h_ih/c_lpad,ar_1:1,w_800,g_center/ProductsAssets/Web/275378-5011_01.png",HAPPY SPORT,275378-5011,2519000.0,JPY,Japan,2025-01-28 00:00:00,Watches,2025-01-06,13750.0
Chopard,https://www.chopard.com/ja-jp/watch/278602-6002.html,"https://objects-prod.cdn.chopard.com/q_auto,f_auto,dpr_auto/e_trim/c_lpad,w_iw,h_ih/c_lpad,ar_1:1,w_800,g_center/ProductsAssets/Web/278602-6002_01.png",HAPPY SPORT,278602-6002,2552000.0,JPY,Japan,2025-01-28 00:00:00,Watches,2025-01-06,13930.13
Chopard,https://www.chopard.com/ja-jp/watch/278602-3004.html,"https://objects-prod.cdn.chopard.com/q_auto,f_auto,dpr_auto/e_trim/c_lpad,w_iw,h_ih/c_lpad,ar_1:1,w_800,g_center/ProductsAssets/Web/278602-3004_01.png",HAPPY SPORT,278602-3004,2574000.0,JPY,Japan,2025-01-28 00:00:00,Watches,2025-01-06,14050.22
Chopard,https://www.chopard.com/ja-jp/watch/278559-6026.html,"https://objects-prod.cdn.chopard.com/q_auto,f_auto,dpr_auto/e_trim/c_lpad,w_iw,h_ih/c_lpad,ar_1:1,w_800,g_center/ProductsAssets/Web/278559-6026_01.png",HAPPY SPORT,278559-6026,2585000.0,JPY,Japan,2025-01-28 00:00:00,Watches,2025-01-06,14110.26
Chopard,https://www.chopard.com/ja-jp/watch/278608-3006.html,"https://objects-prod.cdn.chopard.com/q_auto,f_auto,dpr_auto/e_trim/c_lpad,w_iw,h_ih/c_lpad,ar_1:1,w_800,g_center/ProductsAssets/Web/278608-3006_01.png",HAPPY SPORT,278608-3006,2629000.0,JPY,Japan,2025-01-28 00:00:00,Watches,2025-01-06,14350.44
Chopard,https://www.chopard.com/ja-jp/watch/278602-6003.html,"https://objects-prod.cdn.chopard.com/q_auto,f_auto,dpr_auto/e_trim/c_lpad,w_iw,h_ih/c_lpad,ar_1:1,w_800,g_center/ProductsAssets/Web/278602-6003_01.png",HAPPY SPORT,278602-6003,2651000.0,JPY,Japan,2025-01-28 00:00:00,Watches,2025-01-06,14470.52
Chopard,https://www.chopard.com/ja-jp/watch/274808-5001.html,"https://objects-prod.cdn.chopard.com/q_auto,f_auto,dpr_auto/e_trim/c_lpad,w_iw,h_ih/c_lpad,ar_1:1,w_800,g_center/ProductsAssets/Web/274808-5001_01.png",HAPPY SPORT,274808-5001,2662000.0,JPY,Japan,2025-01-28 00:00:00,Watches,2025-01-06,14530.57
Chopard,https://www.chopard.com/ja-jp/watch/278602-6005.html,"https://objects-prod.cdn.chopard.com/q_auto,f_auto,dpr_auto/e_trim/c_lpad,w_iw,h_ih/c_lpad,ar_1:1,w_800,g_center/ProductsAssets/Web/278602-6005_01.png",HAPPY SPORT,278602-6005,2772000.0,JPY,Japan,2025-01-28 00:00:00,Watches,2025-01-06,15131.0
Chopard,https://www.chopard.com/ja-jp/watch/278608-6003.html,"https://objects-prod.cdn.chopard.com/q_auto,f_auto,dpr_auto/e_trim/c_lpad,w_iw,h_ih/c_lpad,ar_1:1,w_800,g_center/ProductsAssets/Web/278608-6003_01.png",HAPPY SPORT,278608-6003,2926000.0,JPY,Japan,2025-01-28 00:00:00,Watches,2025-01-06,15971.62
Chopard,https://www.chopard.com/ja-jp/watch/278608-6012.html,"https://objects-prod.cdn.chopard.com/q_auto,f_auto,dpr_auto/e_trim/c_lpad,w_iw,h_ih/c_lpad,ar_1:1,w_800,g_center/ProductsAssets/Web/278608-6012_01.png",HAPPY SPORT,278608-6012,3003000.0,JPY,Japan,2025-01-28 00:00:00,Watches,2025-01-06,16391.92
Chopard,https://www.chopard.com/ja-jp/watch/278559-3003.html,"https://objects-prod.cdn.chopard.com/q_auto,f_auto,dpr_auto/e_trim/c_lpad,w_iw,h_ih/c_lpad,ar_1:1,w_800,g_center/ProductsAssets/Web/278559-3003_01.png",HAPPY SPORT,278559-3003,3058000.0,JPY,Japan,2025-01-28 00:00:00,Watches,2025-01-06,16692.14
Chopard,https://www.chopard.com/ja-jp/watch/278559-6003.html,"https://objects-prod.cdn.chopard.com/q_auto,f_auto,dpr_auto/e_trim/c_lpad,w_iw,h_ih/c_lpad,ar_1:1,w_800,g_center/ProductsAssets/Web/278559-6003_01.png",HAPPY SPORT,278559-6003,3421000.0,JPY,Japan,2025-01-28 00:00:00,Watches,2025-01-06,18673.58
Chopard,https://www.chopard.com/ja-jp/watch/274893-5012.html,"https://objects-prod.cdn.chopard.com/q_auto,f_auto,dpr_auto/e_trim/c_lpad,w_iw,h_ih/c_lpad,ar_1:1,w_800,g_center/ProductsAssets/Web/274893-5012_01.png",HAPPY SPORT,274893-5012,3509000.0,JPY,Japan,2025-01-28 00:00:00,Watches,2025-01-06,19153.93
Chopard,https://www.chopard.com/ja-jp/watch/274893-5016.html,"https://objects-prod.cdn.chopard.com/q_auto,f_auto,dpr_auto/e_trim/c_lpad,w_iw,h_ih/c_lpad,ar_1:1,w_800,g_center/ProductsAssets/Web/274893-5016_01.png",HAPPY SPORT,274893-5016,3586000.0,JPY,Japan,2025-01-28 00:00:00,Watches,2025-01-06,19574.24
Chopard,https://www.chopard.com/ja-jp/watch/278608-6004.html,"https://objects-prod.cdn.chopard.com/q_auto,f_auto,dpr_auto/e_trim/c_lpad,w_iw,h_ih/c_lpad,ar_1:1,w_800,g_center/ProductsAssets/Web/278608-6004_01.png",HAPPY SPORT,278608-6004,3630000.0,JPY,Japan,2025-01-28 00:00:00,Watches,2025-01-06,19814.41
Chopard,https://www.chopard.com/ja-jp/watch/278602-6004.html,"https://objects-prod.cdn.chopard.com/q_auto,f_auto,dpr_auto/e_trim/c_lpad,w_iw,h_ih/c_lpad,ar_1:1,w_800,g_center/ProductsAssets/Web/278602-6004_01.png",HAPPY SPORT,278602-6004,3641000.0,JPY,Japan,2025-01-28 00:00:00,Watches,2025-01-06,19874.45
Chopard,https://www.chopard.com/ja-jp/watch/275378-5003.html,"https://objects-prod.cdn.chopard.com/q_auto,f_auto,dpr_auto/e_trim/c_lpad,w_iw,h_ih/c_lpad,ar_1:1,w_800,g_center/ProductsAssets/Web/275378-5003_01.png",HAPPY SPORT,275378-5003,3828000.0,JPY,Japan,2025-01-28 00:00:00,Watches,2025-01-06,20895.2
Chopard,https://www.chopard.com/ja-jp/watch/275362-5002.html,"https://objects-prod.cdn.chopard.com/q_auto,f_auto,dpr_auto/e_trim/c_lpad,w_iw,h_ih/c_lpad,ar_1:1,w_800,g_center/ProductsAssets/Web/275362-5002_01.png",HAPPY SPORT,275362-5002,3982000.0,JPY,Japan,2025-01-28 00:00:00,Watches,2025-01-06,21735.81
Chopard,https://www.chopard.com/ja-jp/watch/278559-6025.html,"https://objects-prod.cdn.chopard.com/q_auto,f_auto,dpr_auto/e_trim/c_lpad,w_iw,h_ih/c_lpad,ar_1:1,w_800,g_center/ProductsAssets/Web/278559-6025_01.png",HAPPY SPORT,278559-6025,4312000.0,JPY,Japan,2025-01-28 00:00:00,Watches,2025-01-06,23537.12
Chopard,https://www.chopard.com/ja-jp/watch/274808-5003.html,"https://objects-prod.cdn.chopard.com/q_auto,f_auto,dpr_auto/e_trim/c_lpad,w_iw,h_ih/c_lpad,ar_1:1,w_800,g_center/ProductsAssets/Web/274808-5003_01.png",HAPPY SPORT,274808-5003,4422000.0,JPY,Japan,2025-01-28 00:00:00,Watches,2025-01-06,24137.55
Chopard,https://www.chopard.com/ja-jp/watch/274808-5006.html,"https://objects-prod.cdn.chopard.com/q_auto,f_auto,dpr_auto/e_trim/c_lpad,w_iw,h_ih/c_lpad,ar_1:1,w_800,g_center/ProductsAssets/Web/274808-5006_01.png",HAPPY SPORT,274808-5006,4455000.0,JPY,Japan,2025-01-28 00:00:00,Watches,2025-01-06,24317.69
Chopard,https://www.chopard.com/ja-jp/watch/275362-5005.html,"https://objects-prod.cdn.chopard.com/q_auto,f_auto,dpr_auto/e_trim/c_lpad,w_iw,h_ih/c_lpad,ar_1:1,w_800,g_center/ProductsAssets/Web/275362-5005_01.png",HAPPY SPORT,275362-5005,5841000.0,JPY,Japan,2025-01-28 00:00:00,Watches,2025-01-06,31883.19
Chopard,https://www.chopard.com/ja-jp/watch/275378-5004.html,"https://objects-prod.cdn.chopard.com/q_auto,f_auto,dpr_auto/e_trim/c_lpad,w_iw,h_ih/c_lpad,ar_1:1,w_800,g_center/ProductsAssets/Web/275378-5004_01.png",HAPPY SPORT,275378-5004,6215000.0,JPY,Japan,2025-01-28 00:00:00,Watches,2025-01-06,33924.67
Chopard,https://www.chopard.com/ja-jp/watch/275372-1001.html,"https://objects-prod.cdn.chopard.com/q_auto,f_auto,dpr_auto/e_trim/c_lpad,w_iw,h_ih/c_lpad,ar_1:1,w_800,g_center/ProductsAssets/Web/275372-1001_01.png",HAPPY SPORT,275372-1001,8778000.0,JPY,Japan,2025-01-28 00:00:00,Watches,2025-01-06,47914.85
Chopard,https://www.chopard.com/ja-jp/watch/275378-1002.html,"https://objects-prod.cdn.chopard.com/q_auto,f_auto,dpr_auto/e_trim/c_lpad,w_iw,h_ih/c_lpad,ar_1:1,w_800,g_center/ProductsAssets/Web/275378-1002_01.png",HAPPY SPORT,275378-1002,10109000.0,JPY,Japan,2025-01-28 00:00:00,Watches,2025-01-06,55180.13
Chopard,https://www.chopard.com/ja-jp/watch/274809-1001.html,"https://objects-prod.cdn.chopard.com/q_auto,f_auto,dpr_auto/e_trim/c_lpad,w_iw,h_ih/c_lpad,ar_1:1,w_800,g_center/ProductsAssets/Web/274809-1001_01.png",HAPPY SPORT,274809-1001,14905000.0,JPY,Japan,2025-01-28 00:00:00,Watches,2025-01-06,81359.17
Chopard,https://www.chopard.com/ja-jp/watch/388563-6005.html,"https://objects-prod.cdn.chopard.com/q_auto,f_auto,dpr_auto/e_trim/c_lpad,w_iw,h_ih/c_lpad,ar_1:1,w_800,g_center/ProductsAssets/Web/388563-6005_01.png",IMPERIALE,388563-6005,1050500.0,JPY,Japan,2025-01-28 00:00:00,Watches,2025-01-06,5734.17
Chopard,https://www.chopard.com/ja-jp/watch/388563-3006.html,"https://objects-prod.cdn.chopard.com/q_auto,f_auto,dpr_auto/e_trim/c_lpad,w_iw,h_ih/c_lpad,ar_1:1,w_800,g_center/ProductsAssets/Web/388563-3006_01.png",IMPERIALE,388563-3006,1056000.0,JPY,Japan,2025-01-28 00:00:00,Watches,2025-01-06,5764.19
Chopard,https://www.chopard.com/ja-jp/watch/388563-6013.html,"https://objects-prod.cdn.chopard.com/q_auto,f_auto,dpr_auto/e_trim/c_lpad,w_iw,h_ih/c_lpad,ar_1:1,w_800,g_center/ProductsAssets/Web/388563-6013_01.png",IMPERIALE,388563-6013,1144000.0,JPY,Japan,2025-01-28 00:00:00,Watches,2025-01-06,6244.54
Chopard,https://www.chopard.com/ja-jp/watch/388563-6006.html,"https://objects-prod.cdn.chopard.com/q_auto,f_auto,dpr_auto/e_trim/c_lpad,w_iw,h_ih/c_lpad,ar_1:1,w_800,g_center/ProductsAssets/Web/388563-6006_01.png",IMPERIALE,388563-6006,1540000.0,JPY,Japan,2025-01-28 00:00:00,Watches,2025-01-06,8406.11
Chopard,https://www.chopard.com/ja-jp/watch/388563-6014.html,"https://objects-prod.cdn.chopard.com/q_auto,f_auto,dpr_auto/e_trim/c_lpad,w_iw,h_ih/c_lpad,ar_1:1,w_800,g_center/ProductsAssets/Web/388563-6014_01.png",IMPERIALE,388563-6014,1650000.0,JPY,Japan,2025-01-28 00:00:00,Watches,2025-01-06,9006.55
Chopard,https://www.chopard.com/ja-jp/watch/388563-3007.html,"https://objects-prod.cdn.chopard.com/q_auto,f_auto,dpr_auto/e_trim/c_lpad,w_iw,h_ih/c_lpad,ar_1:1,w_800,g_center/ProductsAssets/Web/388563-3007_01.png",IMPERIALE,388563-3007,1650000.0,JPY,Japan,2025-01-28 00:00:00,Watches,2025-01-06,9006.55
Chopard,https://www.chopard.com/ja-jp/watch/388563-6007.html,"https://objects-prod.cdn.chopard.com/q_auto,f_auto,dpr_auto/e_trim/c_lpad,w_iw,h_ih/c_lpad,ar_1:1,w_800,g_center/ProductsAssets/Web/388563-6007_01.png",IMPERIALE,388563-6007,1859000.0,JPY,Japan,2025-01-28 00:00:00,Watches,2025-01-06,10147.38
Chopard,https://www.chopard.com/ja-jp/watch/384319-5009.html,"https://objects-prod.cdn.chopard.com/q_auto,f_auto,dpr_auto/e_trim/c_lpad,w_iw,h_ih/c_lpad,ar_1:1,w_800,g_center/ProductsAssets/Web/384319-5009_01.png",IMPERIALE,384319-5009,1914000.0,JPY,Japan,2025-01-28 00:00:00,Watches,2025-01-06,10447.6
Chopard,https://www.chopard.com/ja-jp/watch/388563-6008.html,"https://objects-prod.cdn.chopard.com/q_auto,f_auto,dpr_auto/e_trim/c_lpad,w_iw,h_ih/c_lpad,ar_1:1,w_800,g_center/ProductsAssets/Web/388563-6008_01.png",IMPERIALE,388563-6008,2343000.0,JPY,Japan,2025-01-28 00:00:00,Watches,2025-01-06,12789.3
Chopard,https://www.chopard.com/ja-jp/watch/384319-5007.html,"https://objects-prod.cdn.chopard.com/q_auto,f_auto,dpr_auto/e_trim/c_lpad,w_iw,h_ih/c_lpad,ar_1:1,w_800,g_center/ProductsAssets/Web/384319-5007_01.png",IMPERIALE,384319-5007,3146000.0,JPY,Japan,2025-01-28 00:00:00,Watches,2025-01-06,17172.49
Chopard,https://www.chopard.com/ja-jp/watch/384319-5010.html,"https://objects-prod.cdn.chopard.com/q_auto,f_auto,dpr_auto/e_trim/c_lpad,w_iw,h_ih/c_lpad,ar_1:1,w_800,g_center/ProductsAssets/Web/384319-5010_01.png",IMPERIALE,384319-5010,3245000.0,JPY,Japan,2025-01-28 00:00:00,Watches,2025-01-06,17712.88
Chopard,https://www.chopard.com/ja-jp/watch/384246-1001.html,"https://objects-prod.cdn.chopard.com/q_auto,f_auto,dpr_auto/e_trim/c_lpad,w_iw,h_ih/c_lpad,ar_1:1,w_800,g_center/ProductsAssets/Web/384246-1001_01.png",IMPERIALE,384246-1001,8888000.0,JPY,Japan,2025-01-28 00:00:00,Watches,2025-01-06,48515.28
Chopard,https://www.chopard.com/ja-jp/watch/384246-1002.html,"https://objects-prod.cdn.chopard.com/q_auto,f_auto,dpr_auto/e_trim/c_lpad,w_iw,h_ih/c_lpad,ar_1:1,w_800,g_center/ProductsAssets/Web/384246-1002_01.png",IMPERIALE,384246-1002,10285000.0,JPY,Japan,2025-01-28 00:00:00,Watches,2025-01-06,56140.83
Chopard,https://www.chopard.com/ja-jp/watch/385388-5001.html,"https://objects-prod.cdn.chopard.com/q_auto,f_auto,dpr_auto/e_trim/c_lpad,w_iw,h_ih/c_lpad,ar_1:1,w_800,g_center/ProductsAssets/Web/385388-5001_01.png",IMPERIALE,385388-5001,13893000.0,JPY,Japan,2025-01-28 00:00:00,Watches,2025-01-06,75835.15
Chopard,https://www.chopard.com/ja-jp/watch/168629-3001.html,"https://objects-prod.cdn.chopard.com/q_auto,f_auto,dpr_auto/e_trim/c_lpad,w_iw,h_ih/c_lpad,ar_1:1,w_800,g_center/ProductsAssets/Web/168629-3001_01.png",L.U.C,168629-3001,1749000.0,JPY,Japan,2025-01-28 00:00:00,Watches,2025-01-06,9546.94
Chopard,https://www.chopard.com/ja-jp/watch/168579-3004.html,"https://objects-prod.cdn.chopard.com/q_auto,f_auto,dpr_auto/e_trim/c_lpad,w_iw,h_ih/c_lpad,ar_1:1,w_800,g_center/ProductsAssets/Web/168579-3004_01.png",L.U.C,168579-3004,1936000.0,JPY,Japan,2025-01-28 00:00:00,Watches,2025-01-06,10567.69
Chopard,https://www.chopard.com/ja-jp/watch/168574-3008.html,"https://objects-prod.cdn.chopard.com/q_auto,f_auto,dpr_auto/e_trim/c_lpad,w_iw,h_ih/c_lpad,ar_1:1,w_800,g_center/ProductsAssets/Web/168574-3008_01.png",L.U.C,168574-3008,2607000.0,JPY,Japan,2025-01-28 00:00:00,Watches,2025-01-06,14230.35
Chopard,https://www.chopard.com/ja-jp/watch/161948-5001.html,"https://objects-prod.cdn.chopard.com/q_auto,f_auto,dpr_auto/e_trim/c_lpad,w_iw,h_ih/c_lpad,ar_1:1,w_800,g_center/ProductsAssets/Web/161948-5001_01.png",L.U.C,161948-5001,2805000.0,JPY,Japan,2025-01-28 00:00:00,Watches,2025-01-06,15311.14
Chopard,https://www.chopard.com/ja-jp/watch/161948-1001.html,"https://objects-prod.cdn.chopard.com/q_auto,f_auto,dpr_auto/e_trim/c_lpad,w_iw,h_ih/c_lpad,ar_1:1,w_800,g_center/ProductsAssets/Web/161948-1001_01.png",L.U.C,161948-1001,2805000.0,JPY,Japan,2025-01-28 00:00:00,Watches,2025-01-06,15311.14
Chopard,https://www.chopard.com/ja-jp/watch/168631-3001.html,"https://objects-prod.cdn.chopard.com/q_auto,f_auto,dpr_auto/e_trim/c_lpad,w_iw,h_ih/c_lpad,ar_1:1,w_800,g_center/ProductsAssets/Web/168631-3001_01.png",L.U.C,168631-3001,3003000.0,JPY,Japan,2025-01-28 00:00:00,Watches,2025-01-06,16391.92
Chopard,https://www.chopard.com/ja-jp/watch/161945-1001.html,"https://objects-prod.cdn.chopard.com/q_auto,f_auto,dpr_auto/e_trim/c_lpad,w_iw,h_ih/c_lpad,ar_1:1,w_800,g_center/ProductsAssets/Web/161945-1001_01.png",L.U.C,161945-1001,3377000.0,JPY,Japan,2025-01-28 00:00:00,Watches,2025-01-06,18433.41
Chopard,https://www.chopard.com/ja-jp/watch/161943-5001.html,"https://objects-prod.cdn.chopard.com/q_auto,f_auto,dpr_auto/e_trim/c_lpad,w_iw,h_ih/c_lpad,ar_1:1,w_800,g_center/ProductsAssets/Web/161943-5001_01.png",L.U.C,161943-5001,3454000.0,JPY,Japan,2025-01-28 00:00:00,Watches,2025-01-06,18853.71
Chopard,https://www.chopard.com/ja-jp/watch/168860-3003.html,"https://objects-prod.cdn.chopard.com/q_auto,f_auto,dpr_auto/e_trim/c_lpad,w_iw,h_ih/c_lpad,ar_1:1,w_800,g_center/ProductsAssets/Web/168860-3003_01.png",L.U.C,168860-3003,3718000.0,JPY,Japan,2025-01-28 00:00:00,Watches,2025-01-06,20294.76
Chopard,https://www.chopard.com/ja-jp/watch/168561-3003.html,"https://objects-prod.cdn.chopard.com/q_auto,f_auto,dpr_auto/e_trim/c_lpad,w_iw,h_ih/c_lpad,ar_1:1,w_800,g_center/ProductsAssets/Web/168561-3003_01.png",L.U.C,168561-3003,4114000.0,JPY,Japan,2025-01-28 00:00:00,Watches,2025-01-06,22456.33
Chopard,https://www.chopard.com/ja-jp/watch/162296-5001.html,"https://objects-prod.cdn.chopard.com/q_auto,f_auto,dpr_auto/e_trim/c_lpad,w_iw,h_ih/c_lpad,ar_1:1,w_800,g_center/ProductsAssets/Web/162296-5001_01.png",L.U.C,162296-5001,4114000.0,JPY,Japan,2025-01-28 00:00:00,Watches,2025-01-06,22456.33
Chopard,https://www.chopard.com/ja-jp/watch/161902-5079.html,"https://objects-prod.cdn.chopard.com/q_auto,f_auto,dpr_auto/e_trim/c_lpad,w_iw,h_ih/c_lpad,ar_1:1,w_800,g_center/ProductsAssets/Web/161902-5079_01.png",L.U.C,161902-5079,4158000.0,JPY,Japan,2025-01-28 00:00:00,Watches,2025-01-06,22696.51
Chopard,https://www.chopard.com/ja-jp/watch/161942-5001.html,"https://objects-prod.cdn.chopard.com/q_auto,f_auto,dpr_auto/e_trim/c_lpad,w_iw,h_ih/c_lpad,ar_1:1,w_800,g_center/ProductsAssets/Web/161942-5001_01.png",L.U.C,161942-5001,4158000.0,JPY,Japan,2025-01-28 00:00:00,Watches,2025-01-06,22696.51
Chopard,https://www.chopard.com/ja-jp/watch/168556-3002.html,"https://objects-prod.cdn.chopard.com/q_auto,f_auto,dpr_auto/e_trim/c_lpad,w_iw,h_ih/c_lpad,ar_1:1,w_800,g_center/ProductsAssets/Web/168556-3002_01.png",L.U.C,168556-3002,5027000.0,JPY,Japan,2025-01-28 00:00:00,Watches,2025-01-06,27439.96
Chopard,https://www.chopard.com/ja-jp/watch/161242-0001.html,"https://objects-prod.cdn.chopard.com/q_auto,f_auto,dpr_auto/e_trim/c_lpad,w_iw,h_ih/c_lpad,ar_1:1,w_800,g_center/ProductsAssets/Web/161242-0001_01.png",L.U.C,161242-0001,5335000.0,JPY,Japan,2025-01-28 00:00:00,Watches,2025-01-06,29121.18
Chopard,https://www.chopard.com/ja-jp/watch/161942-9001.html,"https://objects-prod.cdn.chopard.com/q_auto,f_auto,dpr_auto/e_trim/c_lpad,w_iw,h_ih/c_lpad,ar_1:1,w_800,g_center/ProductsAssets/Web/161942-9001_01.png",L.U.C,161942-9001,6501000.0,JPY,Japan,2025-01-28 00:00:00,Watches,2025-01-06,35485.81
Chopard,https://www.chopard.com/ja-jp/watch/161980-5001.html,"https://objects-prod.cdn.chopard.com/q_auto,f_auto,dpr_auto/e_trim/c_lpad,w_iw,h_ih/c_lpad,ar_1:1,w_800,g_center/ProductsAssets/Web/161980-5001_01.png",L.U.C,161980-5001,6523000.0,JPY,Japan,2025-01-28 00:00:00,Watches,2025-01-06,35605.9
Chopard,https://www.chopard.com/ja-jp/watch/172296-1001.html,"https://objects-prod.cdn.chopard.com/q_auto,f_auto,dpr_auto/e_trim/c_lpad,w_iw,h_ih/c_lpad,ar_1:1,w_800,g_center/ProductsAssets/Web/172296-1001_01.png",L.U.C,172296-1001,7326000.0,JPY,Japan,2025-01-28 00:00:00,Watches,2025-01-06,39989.08
Chopard,https://www.chopard.com/ja-jp/watch/161977-5001.html,"https://objects-prod.cdn.chopard.com/q_auto,f_auto,dpr_auto/e_trim/c_lpad,w_iw,h_ih/c_lpad,ar_1:1,w_800,g_center/ProductsAssets/Web/161977-5001_01.png",L.U.C,161977-5001,7425000.0,JPY,Japan,2025-01-28 00:00:00,Watches,2025-01-06,40529.48
Chopard,https://www.chopard.com/ja-jp/watch/161977-1001.html,"https://objects-prod.cdn.chopard.com/q_auto,f_auto,dpr_auto/e_trim/c_lpad,w_iw,h_ih/c_lpad,ar_1:1,w_800,g_center/ProductsAssets/Web/161977-1001_01.png",L.U.C,161977-1001,7425000.0,JPY,Japan,2025-01-28 00:00:00,Watches,2025-01-06,40529.48
Chopard,https://www.chopard.com/ja-jp/watch/161976-5003.html,"https://objects-prod.cdn.chopard.com/q_auto,f_auto,dpr_auto/e_trim/c_lpad,w_iw,h_ih/c_lpad,ar_1:1,w_800,g_center/ProductsAssets/Web/161976-5003_01.png",L.U.C,161976-5003,8261000.0,JPY,Japan,2025-01-28 00:00:00,Watches,2025-01-06,45092.79
Chopard,https://www.chopard.com/ja-jp/watch/161949-1001.html,"https://objects-prod.cdn.chopard.com/q_auto,f_auto,dpr_auto/e_trim/c_lpad,w_iw,h_ih/c_lpad,ar_1:1,w_800,g_center/ProductsAssets/Web/161949-1001_01.png",L.U.C,161949-1001,10164000.0,JPY,Japan,2025-01-28 00:00:00,Watches,2025-01-06,55480.35
Chopard,https://www.chopard.com/ja-jp/watch/168611-3001.html,"https://objects-prod.cdn.chopard.com/q_auto,f_auto,dpr_auto/e_trim/c_lpad,w_iw,h_ih/c_lpad,ar_1:1,w_800,g_center/ProductsAssets/Web/168611-3001_01.png",L.U.C,168611-3001,12430000.0,JPY,Japan,2025-01-28 00:00:00,Watches,2025-01-06,67849.34
Chopard,https://www.chopard.com/ja-jp/watch/10A178-5301.html,"https://objects-prod.cdn.chopard.com/q_auto,f_auto,dpr_auto/e_trim/c_lpad,w_iw,h_ih/c_lpad,ar_1:1,w_800,g_center/ProductsAssets/Web/10A178-5301_01.png",L'HEURE DU DIAMANT,10A178-5301,6820000.0,JPY,Japan,2025-01-28 00:00:00,Watches,2025-01-06,37227.07
Chopard,https://www.chopard.com/ja-jp/watch/10A178-1301.html,"https://objects-prod.cdn.chopard.com/q_auto,f_auto,dpr_auto/e_trim/c_lpad,w_iw,h_ih/c_lpad,ar_1:1,w_800,g_center/ProductsAssets/Web/10A178-1301_01.png",L'HEURE DU DIAMANT,10A178-1301,6820000.0,JPY,Japan,2025-01-28 00:00:00,Watches,2025-01-06,37227.07
Chopard,https://www.chopard.com/ja-jp/watch/10A178-1314.html,"https://objects-prod.cdn.chopard.com/q_auto,f_auto,dpr_auto/e_trim/c_lpad,w_iw,h_ih/c_lpad,ar_1:1,w_800,g_center/ProductsAssets/Web/10A178-1314_01.png",L'HEURE DU DIAMANT,10A178-1314,7128000.0,JPY,Japan,2025-01-28 00:00:00,Watches,2025-01-06,38908.3
Chopard,https://www.chopard.com/ja-jp/watch/13A387-1115.html,"https://objects-prod.cdn.chopard.com/q_auto,f_auto,dpr_auto/e_trim/c_lpad,w_iw,h_ih/c_lpad,ar_1:1,w_800,g_center/ProductsAssets/Web/13A387-1115_01.png",L'HEURE DU DIAMANT,13A387-1115,7634000.0,JPY,Japan,2025-01-28 00:00:00,Watches,2025-01-06,41670.31
Chopard,https://www.chopard.com/ja-jp/watch/13A097-1111.html,"https://objects-prod.cdn.chopard.com/q_auto,f_auto,dpr_auto/e_trim/c_lpad,w_iw,h_ih/c_lpad,ar_1:1,w_800,g_center/ProductsAssets/Web/13A097-1111_01.png",L'HEURE DU DIAMANT,13A097-1111,8349000.0,JPY,Japan,2025-01-28 00:00:00,Watches,2025-01-06,45573.14
Chopard,https://www.chopard.com/ja-jp/watch/10A178-5321.html,"https://objects-prod.cdn.chopard.com/q_auto,f_auto,dpr_auto/e_trim/c_lpad,w_iw,h_ih/c_lpad,ar_1:1,w_800,g_center/ProductsAssets/Web/10A178-5321_01.png",L'HEURE DU DIAMANT,10A178-5321,8426000.0,JPY,Japan,2025-01-28 00:00:00,Watches,2025-01-06,45993.45
Chopard,https://www.chopard.com/ja-jp/watch/13A097-1112.html,"https://objects-prod.cdn.chopard.com/q_auto,f_auto,dpr_auto/e_trim/c_lpad,w_iw,h_ih/c_lpad,ar_1:1,w_800,g_center/ProductsAssets/Web/13A097-1112_01.png",L'HEURE DU DIAMANT,13A097-1112,8459000.0,JPY,Japan,2025-01-28 00:00:00,Watches,2025-01-06,46173.58
Chopard,https://www.chopard.com/ja-jp/watch/13A419-1601.html,"https://objects-prod.cdn.chopard.com/q_auto,f_auto,dpr_auto/e_trim/c_lpad,w_iw,h_ih/c_lpad,ar_1:1,w_800,g_center/ProductsAssets/Web/13A419-1601_01.png",L'HEURE DU DIAMANT,13A419-1601,9449000.0,JPY,Japan,2025-01-28 00:00:00,Watches,2025-01-06,51577.51
Chopard,https://www.chopard.com/ja-jp/watch/13A393-1106.html,"https://objects-prod.cdn.chopard.com/q_auto,f_auto,dpr_auto/e_trim/c_lpad,w_iw,h_ih/c_lpad,ar_1:1,w_800,g_center/ProductsAssets/Web/13A393-1106_01.png",L'HEURE DU DIAMANT,13A393-1106,10252000.0,JPY,Japan,2025-01-28 00:00:00,Watches,2025-01-06,55960.7
Chopard,https://www.chopard.com/ja-jp/watch/13A393-5106.html,"https://objects-prod.cdn.chopard.com/q_auto,f_auto,dpr_auto/e_trim/c_lpad,w_iw,h_ih/c_lpad,ar_1:1,w_800,g_center/ProductsAssets/Web/13A393-5106_01.png",L'HEURE DU DIAMANT,13A393-5106,10252000.0,JPY,Japan,2025-01-28 00:00:00,Watches,2025-01-06,55960.7
Chopard,https://www.chopard.com/ja-jp/watch/10A384-5111.html,"https://objects-prod.cdn.chopard.com/q_auto,f_auto,dpr_auto/e_trim/c_lpad,w_iw,h_ih/c_lpad,ar_1:1,w_800,g_center/ProductsAssets/Web/10A384-5111_01.png",L'HEURE DU DIAMANT,10A384-5111,10373000.0,JPY,Japan,2025-01-28 00:00:00,Watches,2025-01-06,56621.18
Chopard,https://www.chopard.com/ja-jp/watch/10A386-5111.html,"https://objects-prod.cdn.chopard.com/q_auto,f_auto,dpr_auto/e_trim/c_lpad,w_iw,h_ih/c_lpad,ar_1:1,w_800,g_center/ProductsAssets/Web/10A386-5111_01.png",L'HEURE DU DIAMANT,10A386-5111,10901000.0,JPY,Japan,2025-01-28 00:00:00,Watches,2025-01-06,59503.28
Chopard,https://www.chopard.com/ja-jp/watch/%4010A391-5100.html,"https://objects-prod.cdn.chopard.com/q_auto,f_auto,dpr_auto/e_trim/c_lpad,w_iw,h_ih/c_lpad,ar_1:1,w_800,g_center/ProductsAssets/Web/@10A391-5100_01.png",L'HEURE DU DIAMANT,10A391-5100,10956000.0,JPY,Japan,2025-01-28 00:00:00,Watches,2025-01-06,59803.49
Chopard,https://www.chopard.com/ja-jp/watch/%4010A391-5300.html,"https://objects-prod.cdn.chopard.com/q_auto,f_auto,dpr_auto/e_trim/c_lpad,w_iw,h_ih/c_lpad,ar_1:1,w_800,g_center/ProductsAssets/Web/@10A391-5300_01.png",L'HEURE DU DIAMANT,10A391-5300,10956000.0,JPY,Japan,2025-01-28 00:00:00,Watches,2025-01-06,59803.49
Chopard,https://www.chopard.com/ja-jp/watch/%4010A391-1300.html,"https://objects-prod.cdn.chopard.com/q_auto,f_auto,dpr_auto/e_trim/c_lpad,w_iw,h_ih/c_lpad,ar_1:1,w_800,g_center/ProductsAssets/Web/@10A391-1300_01.png",L'HEURE DU DIAMANT,10A391-1300,10956000.0,JPY,Japan,2025-01-28 00:00:00,Watches,2025-01-06,59803.49
Chopard,https://www.chopard.com/ja-jp/watch/%4010A391-1100.html,"https://objects-prod.cdn.chopard.com/q_auto,f_auto,dpr_auto/e_trim/c_lpad,w_iw,h_ih/c_lpad,ar_1:1,w_800,g_center/ProductsAssets/Web/@10A391-1100_01.png",L'HEURE DU DIAMANT,10A391-1100,10956000.0,JPY,Japan,2025-01-28 00:00:00,Watches,2025-01-06,59803.49
Chopard,https://www.chopard.com/ja-jp/watch/10A326-5106.html,"https://objects-prod.cdn.chopard.com/q_auto,f_auto,dpr_auto/e_trim/c_lpad,w_iw,h_ih/c_lpad,ar_1:1,w_800,g_center/ProductsAssets/Web/10A326-5106_01.png",L'HEURE DU DIAMANT,10A326-5106,11132000.0,JPY,Japan,2025-01-28 00:00:00,Watches,2025-01-06,60764.19
Chopard,https://www.chopard.com/ja-jp/watch/10A326-1106.html,"https://objects-prod.cdn.chopard.com/q_auto,f_auto,dpr_auto/e_trim/c_lpad,w_iw,h_ih/c_lpad,ar_1:1,w_800,g_center/ProductsAssets/Web/10A326-1106_01.png",L'HEURE DU DIAMANT,10A326-1106,11132000.0,JPY,Japan,2025-01-28 00:00:00,Watches,2025-01-06,60764.19
Chopard,https://www.chopard.com/ja-jp/watch/10A097-5404.html,"https://objects-prod.cdn.chopard.com/q_auto,f_auto,dpr_auto/e_trim/c_lpad,w_iw,h_ih/c_lpad,ar_1:1,w_800,g_center/ProductsAssets/Web/10A097-5404_01.png",L'HEURE DU DIAMANT,10A097-5404,11242000.0,JPY,Japan,2025-01-28 00:00:00,Watches,2025-01-06,61364.63
Chopard,https://www.chopard.com/ja-jp/watch/10A097-1404.html,"https://objects-prod.cdn.chopard.com/q_auto,f_auto,dpr_auto/e_trim/c_lpad,w_iw,h_ih/c_lpad,ar_1:1,w_800,g_center/ProductsAssets/Web/10A097-1404_01.png",L'HEURE DU DIAMANT,10A097-1404,11242000.0,JPY,Japan,2025-01-28 00:00:00,Watches,2025-01-06,61364.63
Chopard,https://www.chopard.com/ja-jp/watch/10A419-5623.html,"https://objects-prod.cdn.chopard.com/q_auto,f_auto,dpr_auto/e_trim/c_lpad,w_iw,h_ih/c_lpad,ar_1:1,w_800,g_center/ProductsAssets/Web/10A419-5623_01.png",L'HEURE DU DIAMANT,10A419-5623,11957000.0,JPY,Japan,2025-01-28 00:00:00,Watches,2025-01-06,65267.47
Chopard,https://www.chopard.com/ja-jp/watch/10A386-1106.html,"https://objects-prod.cdn.chopard.com/q_auto,f_auto,dpr_auto/e_trim/c_lpad,w_iw,h_ih/c_lpad,ar_1:1,w_800,g_center/ProductsAssets/Web/10A386-1106_01.png",L'HEURE DU DIAMANT,10A386-1106,12122000.0,JPY,Japan,2025-01-28 00:00:00,Watches,2025-01-06,66168.12
Chopard,https://www.chopard.com/ja-jp/watch/139383-1223.html,"https://objects-prod.cdn.chopard.com/q_auto,f_auto,dpr_auto/e_trim/c_lpad,w_iw,h_ih/c_lpad,ar_1:1,w_800,g_center/ProductsAssets/Web/139383-1223_01.png",L'HEURE DU DIAMANT,139383-1223,12265000.0,JPY,Japan,2025-01-28 00:00:00,Watches,2025-01-06,66948.69
Chopard,https://www.chopard.com/ja-jp/watch/139383-5223.html,"https://objects-prod.cdn.chopard.com/q_auto,f_auto,dpr_auto/e_trim/c_lpad,w_iw,h_ih/c_lpad,ar_1:1,w_800,g_center/ProductsAssets/Web/139383-5223_01.png",L'HEURE DU DIAMANT,139383-5223,12265000.0,JPY,Japan,2025-01-28 00:00:00,Watches,2025-01-06,66948.69
Chopard,https://www.chopard.com/ja-jp/watch/10A386-5107.html,"https://objects-prod.cdn.chopard.com/q_auto,f_auto,dpr_auto/e_trim/c_lpad,w_iw,h_ih/c_lpad,ar_1:1,w_800,g_center/ProductsAssets/Web/10A386-5107_01.png",L'HEURE DU DIAMANT,10A386-5107,12595000.0,JPY,Japan,2025-01-28 00:00:00,Watches,2025-01-06,68750.0
Chopard,https://www.chopard.com/ja-jp/watch/10A393-5106.html,"https://objects-prod.cdn.chopard.com/q_auto,f_auto,dpr_auto/e_trim/c_lpad,w_iw,h_ih/c_lpad,ar_1:1,w_800,g_center/ProductsAssets/Web/10A393-5106_01.png",L'HEURE DU DIAMANT,10A393-5106,12881000.0,JPY,Japan,2025-01-28 00:00:00,Watches,2025-01-06,70311.14
Chopard,https://www.chopard.com/ja-jp/watch/10A393-1106.html,"https://objects-prod.cdn.chopard.com/q_auto,f_auto,dpr_auto/e_trim/c_lpad,w_iw,h_ih/c_lpad,ar_1:1,w_800,g_center/ProductsAssets/Web/10A393-1106_01.png",L'HEURE DU DIAMANT,10A393-1106,12881000.0,JPY,Japan,2025-01-28 00:00:00,Watches,2025-01-06,70311.14
Chopard,https://www.chopard.com/ja-jp/watch/%4013A390-1100.html,"https://objects-prod.cdn.chopard.com/q_auto,f_auto,dpr_auto/e_trim/c_lpad,w_iw,h_ih/c_lpad,ar_1:1,w_800,g_center/ProductsAssets/Web/@13A390-1100_01.png",L'HEURE DU DIAMANT,13A390-1100,13178000.0,JPY,Japan,2025-01-28 00:00:00,Watches,2025-01-06,71932.31
Chopard,https://www.chopard.com/ja-jp/watch/%4013A390-5100.html,"https://objects-prod.cdn.chopard.com/q_auto,f_auto,dpr_auto/e_trim/c_lpad,w_iw,h_ih/c_lpad,ar_1:1,w_800,g_center/ProductsAssets/Web/@13A390-5100_01.png",L'HEURE DU DIAMANT,13A390-5100,13178000.0,JPY,Japan,2025-01-28 00:00:00,Watches,2025-01-06,71932.31
Chopard,https://www.chopard.com/ja-jp/watch/139419-1601.html,"https://objects-prod.cdn.chopard.com/q_auto,f_auto,dpr_auto/e_trim/c_lpad,w_iw,h_ih/c_lpad,ar_1:1,w_800,g_center/ProductsAssets/Web/139419-1601_01.png",L'HEURE DU DIAMANT,139419-1601,14080000.0,JPY,Japan,2025-01-28 00:00:00,Watches,2025-01-06,76855.9
Chopard,https://www.chopard.com/ja-jp/watch/139383-1201.html,"https://objects-prod.cdn.chopard.com/q_auto,f_auto,dpr_auto/e_trim/c_lpad,w_iw,h_ih/c_lpad,ar_1:1,w_800,g_center/ProductsAssets/Web/139383-1201_01.png",L'HEURE DU DIAMANT,139383-1201,15004000.0,JPY,Japan,2025-01-28 00:00:00,Watches,2025-01-06,81899.56
Chopard,https://www.chopard.com/ja-jp/watch/168565-3001.html,"https://objects-prod.cdn.chopard.com/q_auto,f_auto,dpr_auto/e_trim/c_lpad,w_iw,h_ih/c_lpad,ar_1:1,w_800,g_center/ProductsAssets/Web/168565-3001_01.png",MILLE MIGLIA,168565-3001,951500.0,JPY,Japan,2025-01-28 00:00:00,Watches,2025-01-06,5193.78
Chopard,https://www.chopard.com/ja-jp/watch/168566-3001.html,"https://objects-prod.cdn.chopard.com/q_auto,f_auto,dpr_auto/e_trim/c_lpad,w_iw,h_ih/c_lpad,ar_1:1,w_800,g_center/ProductsAssets/Web/168566-3001_01.png",MILLE MIGLIA,168566-3001,1039500.0,JPY,Japan,2025-01-28 00:00:00,Watches,2025-01-06,5674.13
Chopard,https://www.chopard.com/ja-jp/watch/168571-3001.html,"https://objects-prod.cdn.chopard.com/q_auto,f_auto,dpr_auto/e_trim/c_lpad,w_iw,h_ih/c_lpad,ar_1:1,w_800,g_center/ProductsAssets/Web/168571-3001_01.png",MILLE MIGLIA,168571-3001,1144000.0,JPY,Japan,2025-01-28 00:00:00,Watches,2025-01-06,6244.54
Chopard,https://www.chopard.com/ja-jp/watch/168566-3007.html,"https://objects-prod.cdn.chopard.com/q_auto,f_auto,dpr_auto/e_trim/c_lpad,w_iw,h_ih/c_lpad,ar_1:1,w_800,g_center/ProductsAssets/Web/168566-3007_01.png",MILLE MIGLIA,168566-3007,1353000.0,JPY,Japan,2025-01-28 00:00:00,Watches,2025-01-06,7385.37
Chopard,https://www.chopard.com/ja-jp/watch/168619-3001.html,"https://objects-prod.cdn.chopard.com/q_auto,f_auto,dpr_auto/e_trim/c_lpad,w_iw,h_ih/c_lpad,ar_1:1,w_800,g_center/ProductsAssets/Web/168619-3001_01.png",MILLE MIGLIA,168619-3001,1353000.0,JPY,Japan,2025-01-28 00:00:00,Watches,2025-01-06,7385.37
Chopard,https://www.chopard.com/ja-jp/watch/168619-3004.html,"https://objects-prod.cdn.chopard.com/q_auto,f_auto,dpr_auto/e_trim/c_lpad,w_iw,h_ih/c_lpad,ar_1:1,w_800,g_center/ProductsAssets/Web/168619-3004_01.png",MILLE MIGLIA,168619-3004,1386000.0,JPY,Japan,2025-01-28 00:00:00,Watches,2025-01-06,7565.5
Chopard,https://www.chopard.com/ja-jp/watch/168619-3005.html,"https://objects-prod.cdn.chopard.com/q_auto,f_auto,dpr_auto/e_trim/c_lpad,w_iw,h_ih/c_lpad,ar_1:1,w_800,g_center/ProductsAssets/Web/168619-3005_01.png",MILLE MIGLIA,168619-3005,1386000.0,JPY,Japan,2025-01-28 00:00:00,Watches,2025-01-06,7565.5
Chopard,https://www.chopard.com/ja-jp/watch/168619-3003.html,"https://objects-prod.cdn.chopard.com/q_auto,f_auto,dpr_auto/e_trim/c_lpad,w_iw,h_ih/c_lpad,ar_1:1,w_800,g_center/ProductsAssets/Web/168619-3003_01.png",MILLE MIGLIA,168619-3003,1386000.0,JPY,Japan,2025-01-28 00:00:00,Watches,2025-01-06,7565.5
Chopard,https://www.chopard.com/ja-jp/watch/168619-3006.html,"https://objects-prod.cdn.chopard.com/q_auto,f_auto,dpr_auto/e_trim/c_lpad,w_iw,h_ih/c_lpad,ar_1:1,w_800,g_center/ProductsAssets/Web/168619-3006_01.png",MILLE MIGLIA,168619-3006,1529000.0,JPY,Japan,2025-01-28 00:00:00,Watches,2025-01-06,8346.07
Chopard,https://www.chopard.com/ja-jp/watch/168619-4001.html,"https://objects-prod.cdn.chopard.com/q_auto,f_auto,dpr_auto/e_trim/c_lpad,w_iw,h_ih/c_lpad,ar_1:1,w_800,g_center/ProductsAssets/Web/168619-4001_01.png",MILLE MIGLIA,168619-4001,1639000.0,JPY,Japan,2025-01-28 00:00:00,Watches,2025-01-06,8946.51
Chopard,https://www.chopard.com/ja-jp/watch/168619-4002.html,"https://objects-prod.cdn.chopard.com/q_auto,f_auto,dpr_auto/e_trim/c_lpad,w_iw,h_ih/c_lpad,ar_1:1,w_800,g_center/ProductsAssets/Web/168619-4002_01.png",MILLE MIGLIA,168619-4002,1793000.0,JPY,Japan,2025-01-28 00:00:00,Watches,2025-01-06,9787.12
Chopard,https://www.chopard.com/en-us/watch/298617-3001.html,"https://objects-prod.cdn.chopard.com/q_auto,f_auto,dpr_auto/e_trim/c_lpad,w_iw,h_ih/c_lpad,ar_1:1,w_800,g_center/ProductsAssets/Web/298617-3001_01.png",ALPINE EAGLE,298617-3001,11200.0,USD,USA,2025-01-28 00:00:00,Watches,2025-01-06,9333.33
Chopard,https://www.chopard.com/en-us/watch/298601-3001.html,"https://objects-prod.cdn.chopard.com/q_auto,f_auto,dpr_auto/e_trim/c_lpad,w_iw,h_ih/c_lpad,ar_1:1,w_800,g_center/ProductsAssets/Web/298601-3001_01.png",ALPINE EAGLE,298601-3001,11600.0,USD,USA,2025-01-28 00:00:00,Watches,2025-01-06,9666.67
Chopard,https://www.chopard.com/en-us/watch/298600-3001.html,"https://objects-prod.cdn.chopard.com/q_auto,f_auto,dpr_auto/e_trim/c_lpad,w_iw,h_ih/c_lpad,ar_1:1,w_800,g_center/ProductsAssets/Web/298600-3001_01.png",ALPINE EAGLE,298600-3001,14800.0,USD,USA,2025-01-28 00:00:00,Watches,2025-01-06,12333.33
Chopard,https://www.chopard.com/en-us/watch/298600-3002.html,"https://objects-prod.cdn.chopard.com/q_auto,f_auto,dpr_auto/e_trim/c_lpad,w_iw,h_ih/c_lpad,ar_1:1,w_800,g_center/ProductsAssets/Web/298600-3002_01.png",ALPINE EAGLE,298600-3002,14800.0,USD,USA,2025-01-28 00:00:00,Watches,2025-01-06,12333.33
Chopard,https://www.chopard.com/en-us/watch/298617-3002.html,"https://objects-prod.cdn.chopard.com/q_auto,f_auto,dpr_auto/e_trim/c_lpad,w_iw,h_ih/c_lpad,ar_1:1,w_800,g_center/ProductsAssets/Web/298617-3002_01.png",ALPINE EAGLE,298617-3002,15100.0,USD,USA,2025-01-28 00:00:00,Watches,2025-01-06,12583.33
Chopard,https://www.chopard.com/en-us/watch/298617-6001.html,"https://objects-prod.cdn.chopard.com/q_auto,f_auto,dpr_auto/e_trim/c_lpad,w_iw,h_ih/c_lpad,ar_1:1,w_800,g_center/ProductsAssets/Web/298617-6001_01.png",ALPINE EAGLE,298617-6001,15800.0,USD,USA,2025-01-28 00:00:00,Watches,2025-01-06,13166.67
Chopard,https://www.chopard.com/en-us/watch/298600-3014.html,"https://objects-prod.cdn.chopard.com/q_auto,f_auto,dpr_auto/e_trim/c_lpad,w_iw,h_ih/c_lpad,ar_1:1,w_800,g_center/ProductsAssets/Web/298600-3014_01.png",ALPINE EAGLE,298600-3014,16200.0,USD,USA,2025-01-28 00:00:00,Watches,2025-01-06,13500.0
Chopard,https://www.chopard.com/en-us/watch/298601-3004.html,"https://objects-prod.cdn.chopard.com/q_auto,f_auto,dpr_auto/e_trim/c_lpad,w_iw,h_ih/c_lpad,ar_1:1,w_800,g_center/ProductsAssets/Web/298601-3004_01.png",ALPINE EAGLE,298601-3004,16300.0,USD,USA,2025-01-28 00:00:00,Watches,2025-01-06,13583.33
Chopard,https://www.chopard.com/en-us/watch/298617-6002.html,"https://objects-prod.cdn.chopard.com/q_auto,f_auto,dpr_auto/e_trim/c_lpad,w_iw,h_ih/c_lpad,ar_1:1,w_800,g_center/ProductsAssets/Web/298617-6002_01.png",ALPINE EAGLE,298617-6002,19500.0,USD,USA,2025-01-28 00:00:00,Watches,2025-01-06,16250.0
Chopard,https://www.chopard.com/en-us/watch/298609-3003.html,"https://objects-prod.cdn.chopard.com/q_auto,f_auto,dpr_auto/e_trim/c_lpad,w_iw,h_ih/c_lpad,ar_1:1,w_800,g_center/ProductsAssets/Web/298609-3003_01.png",ALPINE EAGLE,298609-3003,20100.0,USD,USA,2025-01-28 00:00:00,Watches,2025-01-06,16750.0
Chopard,https://www.chopard.com/en-us/watch/298609-3004.html,"https://objects-prod.cdn.chopard.com/q_auto,f_auto,dpr_auto/e_trim/c_lpad,w_iw,h_ih/c_lpad,ar_1:1,w_800,g_center/ProductsAssets/Web/298609-3004_01.png",ALPINE EAGLE,298609-3004,20100.0,USD,USA,2025-01-28 00:00:00,Watches,2025-01-06,16750.0
Chopard,https://www.chopard.com/en-us/watch/298609-3001.html,"https://objects-prod.cdn.chopard.com/q_auto,f_auto,dpr_auto/e_trim/c_lpad,w_iw,h_ih/c_lpad,ar_1:1,w_800,g_center/ProductsAssets/Web/298609-3001_01.png",ALPINE EAGLE,298609-3001,21600.0,USD,USA,2025-01-28 00:00:00,Watches,2025-01-06,18000.0
Chopard,https://www.chopard.com/en-us/watch/298600-3020.html,"https://objects-prod.cdn.chopard.com/q_auto,f_auto,dpr_auto/e_trim/c_lpad,w_iw,h_ih/c_lpad,ar_1:1,w_800,g_center/ProductsAssets/Web/298600-3020_01.png",ALPINE EAGLE,298600-3020,22000.0,USD,USA,2025-01-28 00:00:00,Watches,2025-01-06,18333.33
Chopard,https://www.chopard.com/en-us/watch/298600-6001.html,"https://objects-prod.cdn.chopard.com/q_auto,f_auto,dpr_auto/e_trim/c_lpad,w_iw,h_ih/c_lpad,ar_1:1,w_800,g_center/ProductsAssets/Web/298600-6001_01.png",ALPINE EAGLE,298600-6001,23200.0,USD,USA,2025-01-28 00:00:00,Watches,2025-01-06,19333.33
Chopard,https://www.chopard.com/en-us/watch/298623-3001.html,"https://objects-prod.cdn.chopard.com/q_auto,f_auto,dpr_auto/e_trim/c_lpad,w_iw,h_ih/c_lpad,ar_1:1,w_800,g_center/ProductsAssets/Web/298623-3001_01.png",ALPINE EAGLE,298623-3001,24300.0,USD,USA,2025-01-28 00:00:00,Watches,2025-01-06,20250.0
Chopard,https://www.chopard.com/en-us/watch/298609-3008.html,"https://objects-prod.cdn.chopard.com/q_auto,f_auto,dpr_auto/e_trim/c_lpad,w_iw,h_ih/c_lpad,ar_1:1,w_800,g_center/ProductsAssets/Web/298609-3008_01.png",ALPINE EAGLE,298609-3008,25000.0,USD,USA,2025-01-28 00:00:00,Watches,2025-01-06,20833.33
Chopard,https://www.chopard.com/en-us/watch/298630-3001.html,"https://objects-prod.cdn.chopard.com/q_auto,f_auto,dpr_auto/e_trim/c_lpad,w_iw,h_ih/c_lpad,ar_1:1,w_800,g_center/ProductsAssets/Web/298630-3001_01.png",ALPINE EAGLE,298630-3001,26500.0,USD,USA,2025-01-28 00:00:00,Watches,2025-01-06,22083.33
Chopard,https://www.chopard.com/en-us/watch/295370-5001.html,"https://objects-prod.cdn.chopard.com/q_auto,f_auto,dpr_auto/e_trim/c_lpad,w_iw,h_ih/c_lpad,ar_1:1,w_800,g_center/ProductsAssets/Web/295370-5001_01.png",ALPINE EAGLE,295370-5001,37800.0,USD,USA,2025-01-28 00:00:00,Watches,2025-01-06,31500.0
Chopard,https://www.chopard.com/en-us/watch/295387-9001.html,"https://objects-prod.cdn.chopard.com/q_auto,f_auto,dpr_auto/e_trim/c_lpad,w_iw,h_ih/c_lpad,ar_1:1,w_800,g_center/ProductsAssets/Web/295387-9001_01.png",ALPINE EAGLE,295387-9001,39300.0,USD,USA,2025-01-28 00:00:00,Watches,2025-01-06,32750.0
Chopard,https://www.chopard.com/en-us/watch/295384-5001.html,"https://objects-prod.cdn.chopard.com/q_auto,f_auto,dpr_auto/e_trim/c_lpad,w_iw,h_ih/c_lpad,ar_1:1,w_800,g_center/ProductsAssets/Web/295384-5001_01.png",ALPINE EAGLE,295384-5001,41300.0,USD,USA,2025-01-28 00:00:00,Watches,2025-01-06,34416.67
Chopard,https://www.chopard.com/en-us/watch/295384-5002.html,"https://objects-prod.cdn.chopard.com/q_auto,f_auto,dpr_auto/e_trim/c_lpad,w_iw,h_ih/c_lpad,ar_1:1,w_800,g_center/ProductsAssets/Web/295384-5002_01.png",ALPINE EAGLE,295384-5002,50900.0,USD,USA,2025-01-28 00:00:00,Watches,2025-01-06,42416.67
Chopard,https://www.chopard.com/en-us/watch/295363-5001.html,"https://objects-prod.cdn.chopard.com/q_auto,f_auto,dpr_auto/e_trim/c_lpad,w_iw,h_ih/c_lpad,ar_1:1,w_800,g_center/ProductsAssets/Web/295363-5001_01.png",ALPINE EAGLE,295363-5001,54700.0,USD,USA,2025-01-28 00:00:00,Watches,2025-01-06,45583.33
Chopard,https://www.chopard.com/en-us/watch/295363-5007.html,"https://objects-prod.cdn.chopard.com/q_auto,f_auto,dpr_auto/e_trim/c_lpad,w_iw,h_ih/c_lpad,ar_1:1,w_800,g_center/ProductsAssets/Web/295363-5007_01.png",ALPINE EAGLE,295363-5007,56200.0,USD,USA,2025-01-28 00:00:00,Watches,2025-01-06,46833.33
Chopard,https://www.chopard.com/en-us/watch/295370-5003.html,"https://objects-prod.cdn.chopard.com/q_auto,f_auto,dpr_auto/e_trim/c_lpad,w_iw,h_ih/c_lpad,ar_1:1,w_800,g_center/ProductsAssets/Web/295370-5003_01.png",ALPINE EAGLE,295370-5003,56900.0,USD,USA,2025-01-28 00:00:00,Watches,2025-01-06,47416.67
Chopard,https://www.chopard.com/en-us/watch/295363-0001.html,"https://objects-prod.cdn.chopard.com/q_auto,f_auto,dpr_auto/e_trim/c_lpad,w_iw,h_ih/c_lpad,ar_1:1,w_800,g_center/ProductsAssets/Web/295363-0001_01.png",ALPINE EAGLE,295363-0001,58900.0,USD,USA,2025-01-28 00:00:00,Watches,2025-01-06,49083.33
Chopard,https://www.chopard.com/en-us/watch/295393-5002.html,"https://objects-prod.cdn.chopard.com/q_auto,f_auto,dpr_auto/e_trim/c_lpad,w_iw,h_ih/c_lpad,ar_1:1,w_800,g_center/ProductsAssets/Web/295393-5002_01.png",ALPINE EAGLE,295393-5002,73400.0,USD,USA,2025-01-28 00:00:00,Watches,2025-01-06,61166.67
Chopard,https://www.chopard.com/en-us/watch/295363-5013.html,"https://objects-prod.cdn.chopard.com/q_auto,f_auto,dpr_auto/e_trim/c_lpad,w_iw,h_ih/c_lpad,ar_1:1,w_800,g_center/ProductsAssets/Web/295363-5013_01.png",ALPINE EAGLE,295363-5013,78600.0,USD,USA,2025-01-28 00:00:00,Watches,2025-01-06,65500.0
Chopard,https://www.chopard.com/en-us/watch/295363-0002.html,"https://objects-prod.cdn.chopard.com/q_auto,f_auto,dpr_auto/e_trim/c_lpad,w_iw,h_ih/c_lpad,ar_1:1,w_800,g_center/ProductsAssets/Web/295363-0002_01.png",ALPINE EAGLE,295363-0002,86600.0,USD,USA,2025-01-28 00:00:00,Watches,2025-01-06,72166.67
Chopard,https://www.chopard.com/en-us/watch/295363-1007.html,"https://objects-prod.cdn.chopard.com/q_auto,f_auto,dpr_auto/e_trim/c_lpad,w_iw,h_ih/c_lpad,ar_1:1,w_800,g_center/ProductsAssets/Web/295363-1007_01.png",ALPINE EAGLE,295363-1007,86600.0,USD,USA,2025-01-28 00:00:00,Watches,2025-01-06,72166.67
Chopard,https://www.chopard.com/en-us/watch/295363-1008.html,"https://objects-prod.cdn.chopard.com/q_auto,f_auto,dpr_auto/e_trim/c_lpad,w_iw,h_ih/c_lpad,ar_1:1,w_800,g_center/ProductsAssets/Web/295363-1008_01.png",ALPINE EAGLE,295363-1008,86600.0,USD,USA,2025-01-28 00:00:00,Watches,2025-01-06,72166.67
Chopard,https://www.chopard.com/en-us/watch/295363-5011.html,"https://objects-prod.cdn.chopard.com/q_auto,f_auto,dpr_auto/e_trim/c_lpad,w_iw,h_ih/c_lpad,ar_1:1,w_800,g_center/ProductsAssets/Web/295363-5011_01.png",ALPINE EAGLE,295363-5011,91800.0,USD,USA,2025-01-28 00:00:00,Watches,2025-01-06,76500.0
Chopard,https://www.chopard.com/en-us/watch/295363-1006.html,"https://objects-prod.cdn.chopard.com/q_auto,f_auto,dpr_auto/e_trim/c_lpad,w_iw,h_ih/c_lpad,ar_1:1,w_800,g_center/ProductsAssets/Web/295363-1006_01.png",ALPINE EAGLE,295363-1006,91800.0,USD,USA,2025-01-28 00:00:00,Watches,2025-01-06,76500.0
Chopard,https://www.chopard.com/en-us/watch/209415-5004.html,"https://objects-prod.cdn.chopard.com/q_auto,f_auto,dpr_auto/e_trim/c_lpad,w_iw,h_ih/c_lpad,ar_1:1,w_800,g_center/ProductsAssets/Web/209415-5004_01.png",HAPPY DIAMONDS,209415-5004,9790.0,USD,USA,2025-01-28 00:00:00,Watches,2025-01-06,8158.33
Chopard,https://www.chopard.com/en-us/watch/203957-5214.html,"https://objects-prod.cdn.chopard.com/q_auto,f_auto,dpr_auto/e_trim/c_lpad,w_iw,h_ih/c_lpad,ar_1:1,w_800,g_center/ProductsAssets/Web/203957-5214_01.png",HAPPY DIAMONDS,203957-5214,18000.0,USD,USA,2025-01-28 00:00:00,Watches,2025-01-06,15000.0
Chopard,https://www.chopard.com/en-us/watch/203957-1214.html,"https://objects-prod.cdn.chopard.com/q_auto,f_auto,dpr_auto/e_trim/c_lpad,w_iw,h_ih/c_lpad,ar_1:1,w_800,g_center/ProductsAssets/Web/203957-1214_01.png",HAPPY DIAMONDS,203957-1214,18000.0,USD,USA,2025-01-28 00:00:00,Watches,2025-01-06,15000.0
Chopard,https://www.chopard.com/en-us/watch/209426-5201.html,"https://objects-prod.cdn.chopard.com/q_auto,f_auto,dpr_auto/e_trim/c_lpad,w_iw,h_ih/c_lpad,ar_1:1,w_800,g_center/ProductsAssets/Web/209426-5201_01.png",HAPPY DIAMONDS,209426-5201,21100.0,USD,USA,2025-01-28 00:00:00,Watches,2025-01-06,17583.33
Chopard,https://www.chopard.com/en-us/watch/209426-1201.html,"https://objects-prod.cdn.chopard.com/q_auto,f_auto,dpr_auto/e_trim/c_lpad,w_iw,h_ih/c_lpad,ar_1:1,w_800,g_center/ProductsAssets/Web/209426-1201_01.png",HAPPY DIAMONDS,209426-1201,21100.0,USD,USA,2025-01-28 00:00:00,Watches,2025-01-06,17583.33
Chopard,https://www.chopard.com/en-us/watch/205369-5002.html,"https://objects-prod.cdn.chopard.com/q_auto,f_auto,dpr_auto/e_trim/c_lpad,w_iw,h_ih/c_lpad,ar_1:1,w_800,g_center/ProductsAssets/Web/205369-5002_01.png",HAPPY DIAMONDS,205369-5002,33500.0,USD,USA,2025-01-28 00:00:00,Watches,2025-01-06,27916.67
Chopard,https://www.chopard.com/en-us/watch/278620-3001.html,"https://objects-prod.cdn.chopard.com/q_auto,f_auto,dpr_auto/e_trim/c_lpad,w_iw,h_ih/c_lpad,ar_1:1,w_800,g_center/ProductsAssets/Web/278620-3001_01.png",HAPPY SPORT,278620-3001,4650.0,USD,USA,2025-01-28 00:00:00,Watches,2025-01-06,3875.0
Chopard,https://www.chopard.com/en-us/watch/278590-3001.html,"https://objects-prod.cdn.chopard.com/q_auto,f_auto,dpr_auto/e_trim/c_lpad,w_iw,h_ih/c_lpad,ar_1:1,w_800,g_center/ProductsAssets/Web/278590-3001_01.png",HAPPY SPORT,278590-3001,4870.0,USD,USA,2025-01-28 00:00:00,Watches,2025-01-06,4058.33
Chopard,https://www.chopard.com/en-us/watch/278620-3004.html,"https://objects-prod.cdn.chopard.com/q_auto,f_auto,dpr_auto/e_trim/c_lpad,w_iw,h_ih/c_lpad,ar_1:1,w_800,g_center/ProductsAssets/Web/278620-3004_01.png",HAPPY SPORT,278620-3004,4890.0,USD,USA,2025-01-28 00:00:00,Watches,2025-01-06,4075.0
Chopard,https://www.chopard.com/en-us/watch/278620-3003.html,"https://objects-prod.cdn.chopard.com/q_auto,f_auto,dpr_auto/e_trim/c_lpad,w_iw,h_ih/c_lpad,ar_1:1,w_800,g_center/ProductsAssets/Web/278620-3003_01.png",HAPPY SPORT,278620-3003,4890.0,USD,USA,2025-01-28 00:00:00,Watches,2025-01-06,4075.0
Chopard,https://www.chopard.com/en-us/watch/278620-3005.html,"https://objects-prod.cdn.chopard.com/q_auto,f_auto,dpr_auto/e_trim/c_lpad,w_iw,h_ih/c_lpad,ar_1:1,w_800,g_center/ProductsAssets/Web/278620-3005_01.png",HAPPY SPORT,278620-3005,4890.0,USD,USA,2025-01-28 00:00:00,Watches,2025-01-06,4075.0
Chopard,https://www.chopard.com/en-us/watch/278590-6015.html,"https://objects-prod.cdn.chopard.com/q_auto,f_auto,dpr_auto/e_trim/c_lpad,w_iw,h_ih/c_lpad,ar_1:1,w_800,g_center/ProductsAssets/Web/278590-6015_01.png",HAPPY SPORT,278590-6015,5210.0,USD,USA,2025-01-28 00:00:00,Watches,2025-01-06,4341.67
Chopard,https://www.chopard.com/en-us/watch/278620-6001.html,"https://objects-prod.cdn.chopard.com/q_auto,f_auto,dpr_auto/e_trim/c_lpad,w_iw,h_ih/c_lpad,ar_1:1,w_800,g_center/ProductsAssets/Web/278620-6001_01.png",HAPPY SPORT,278620-6001,5870.0,USD,USA,2025-01-28 00:00:00,Watches,2025-01-06,4891.67
Chopard,https://www.chopard.com/en-us/watch/278590-3002.html,"https://objects-prod.cdn.chopard.com/q_auto,f_auto,dpr_auto/e_trim/c_lpad,w_iw,h_ih/c_lpad,ar_1:1,w_800,g_center/ProductsAssets/Web/278590-3002_01.png",HAPPY SPORT,278590-3002,6030.0,USD,USA,2025-01-28 00:00:00,Watches,2025-01-06,5025.0
Chopard,https://www.chopard.com/en-us/watch/278582-3001.html,"https://objects-prod.cdn.chopard.com/q_auto,f_auto,dpr_auto/e_trim/c_lpad,w_iw,h_ih/c_lpad,ar_1:1,w_800,g_center/ProductsAssets/Web/278582-3001_01.png",HAPPY SPORT,278582-3001,6070.0,USD,USA,2025-01-28 00:00:00,Watches,2025-01-06,5058.33
Chopard,https://www.chopard.com/en-us/watch/278590-3013.html,"https://objects-prod.cdn.chopard.com/q_auto,f_auto,dpr_auto/e_trim/c_lpad,w_iw,h_ih/c_lpad,ar_1:1,w_800,g_center/ProductsAssets/Web/278590-3013_01.png",HAPPY SPORT,278590-3013,6280.0,USD,USA,2025-01-28 00:00:00,Watches,2025-01-06,5233.33
Chopard,https://www.chopard.com/en-us/watch/278590-3010.html,"https://objects-prod.cdn.chopard.com/q_auto,f_auto,dpr_auto/e_trim/c_lpad,w_iw,h_ih/c_lpad,ar_1:1,w_800,g_center/ProductsAssets/Web/278590-3010_01.png",HAPPY SPORT,278590-3010,6280.0,USD,USA,2025-01-28 00:00:00,Watches,2025-01-06,5233.33
Chopard,https://www.chopard.com/en-us/watch/278590-3012.html,"https://objects-prod.cdn.chopard.com/q_auto,f_auto,dpr_auto/e_trim/c_lpad,w_iw,h_ih/c_lpad,ar_1:1,w_800,g_center/ProductsAssets/Web/278590-3012_01.png",HAPPY SPORT,278590-3012,6280.0,USD,USA,2025-01-28 00:00:00,Watches,2025-01-06,5233.33
Chopard,https://www.chopard.com/en-us/watch/278582-6012.html,"https://objects-prod.cdn.chopard.com/q_auto,f_auto,dpr_auto/e_trim/c_lpad,w_iw,h_ih/c_lpad,ar_1:1,w_800,g_center/ProductsAssets/Web/278582-6012_01.png",HAPPY SPORT,278582-6012,6730.0,USD,USA,2025-01-28 00:00:00,Watches,2025-01-06,5608.33
Chopard,https://www.chopard.com/en-us/watch/278582-6014.html,"https://objects-prod.cdn.chopard.com/q_auto,f_auto,dpr_auto/e_trim/c_lpad,w_iw,h_ih/c_lpad,ar_1:1,w_800,g_center/ProductsAssets/Web/278582-6014_01.png",HAPPY SPORT,278582-6014,6730.0,USD,USA,2025-01-28 00:00:00,Watches,2025-01-06,5608.33
Chopard,https://www.chopard.com/en-us/watch/278573-3011.html,"https://objects-prod.cdn.chopard.com/q_auto,f_auto,dpr_auto/e_trim/c_lpad,w_iw,h_ih/c_lpad,ar_1:1,w_800,g_center/ProductsAssets/Web/278573-3011_01.png",HAPPY SPORT,278573-3011,7080.0,USD,USA,2025-01-28 00:00:00,Watches,2025-01-06,5900.0
Chopard,https://www.chopard.com/en-us/watch/278582-3002.html,"https://objects-prod.cdn.chopard.com/q_auto,f_auto,dpr_auto/e_trim/c_lpad,w_iw,h_ih/c_lpad,ar_1:1,w_800,g_center/ProductsAssets/Web/278582-3002_01.png",HAPPY SPORT,278582-3002,7560.0,USD,USA,2025-01-28 00:00:00,Watches,2025-01-06,6300.0
Chopard,https://www.chopard.com/en-us/watch/278582-3008.html,"https://objects-prod.cdn.chopard.com/q_auto,f_auto,dpr_auto/e_trim/c_lpad,w_iw,h_ih/c_lpad,ar_1:1,w_800,g_center/ProductsAssets/Web/278582-3008_01.png",HAPPY SPORT,278582-3008,7790.0,USD,USA,2025-01-28 00:00:00,Watches,2025-01-06,6491.67
Chopard,https://www.chopard.com/en-us/watch/278582-3009.html,"https://objects-prod.cdn.chopard.com/q_auto,f_auto,dpr_auto/e_trim/c_lpad,w_iw,h_ih/c_lpad,ar_1:1,w_800,g_center/ProductsAssets/Web/278582-3009_01.png",HAPPY SPORT,278582-3009,7790.0,USD,USA,2025-01-28 00:00:00,Watches,2025-01-06,6491.67
Chopard,https://www.chopard.com/en-us/watch/278582-3011.html,"https://objects-prod.cdn.chopard.com/q_auto,f_auto,dpr_auto/e_trim/c_lpad,w_iw,h_ih/c_lpad,ar_1:1,w_800,g_center/ProductsAssets/Web/278582-3011_01.png",HAPPY SPORT,278582-3011,7790.0,USD,USA,2025-01-28 00:00:00,Watches,2025-01-06,6491.67
Chopard,https://www.chopard.com/en-us/watch/278559-3011.html,"https://objects-prod.cdn.chopard.com/q_auto,f_auto,dpr_auto/e_trim/c_lpad,w_iw,h_ih/c_lpad,ar_1:1,w_800,g_center/ProductsAssets/Web/278559-3011_01.png",HAPPY SPORT,278559-3011,7980.0,USD,USA,2025-01-28 00:00:00,Watches,2025-01-06,6650.0
Chopard,https://www.chopard.com/en-us/watch/278608-3001.html,"https://objects-prod.cdn.chopard.com/q_auto,f_auto,dpr_auto/e_trim/c_lpad,w_iw,h_ih/c_lpad,ar_1:1,w_800,g_center/ProductsAssets/Web/278608-3001_01.png",HAPPY SPORT,278608-3001,8240.0,USD,USA,2025-01-28 00:00:00,Watches,2025-01-06,6866.67
Chopard,https://www.chopard.com/en-us/watch/278608-3010.html,"https://objects-prod.cdn.chopard.com/q_auto,f_auto,dpr_auto/e_trim/c_lpad,w_iw,h_ih/c_lpad,ar_1:1,w_800,g_center/ProductsAssets/Web/278608-3010_01.png",HAPPY SPORT,278608-3010,8310.0,USD,USA,2025-01-28 00:00:00,Watches,2025-01-06,6925.0
Chopard,https://www.chopard.com/en-us/watch/278582-6005.html,"https://objects-prod.cdn.chopard.com/q_auto,f_auto,dpr_auto/e_trim/c_lpad,w_iw,h_ih/c_lpad,ar_1:1,w_800,g_center/ProductsAssets/Web/278582-6005_01.png",HAPPY SPORT,278582-6005,8360.0,USD,USA,2025-01-28 00:00:00,Watches,2025-01-06,6966.67
Chopard,https://www.chopard.com/en-us/watch/278573-6026.html,"https://objects-prod.cdn.chopard.com/q_auto,f_auto,dpr_auto/e_trim/c_lpad,w_iw,h_ih/c_lpad,ar_1:1,w_800,g_center/ProductsAssets/Web/278573-6026_01.png",HAPPY SPORT,278573-6026,8510.0,USD,USA,2025-01-28 00:00:00,Watches,2025-01-06,7091.67
Chopard,https://www.chopard.com/en-us/watch/278573-3012.html,"https://objects-prod.cdn.chopard.com/q_auto,f_auto,dpr_auto/e_trim/c_lpad,w_iw,h_ih/c_lpad,ar_1:1,w_800,g_center/ProductsAssets/Web/278573-3012_01.png",HAPPY SPORT,278573-3012,8560.0,USD,USA,2025-01-28 00:00:00,Watches,2025-01-06,7133.33
Chopard,https://www.chopard.com/en-us/watch/278573-6013.html,"https://objects-prod.cdn.chopard.com/q_auto,f_auto,dpr_auto/e_trim/c_lpad,w_iw,h_ih/c_lpad,ar_1:1,w_800,g_center/ProductsAssets/Web/278573-6013_01.png",HAPPY SPORT,278573-6013,8700.0,USD,USA,2025-01-28 00:00:00,Watches,2025-01-06,7250.0
Chopard,https://www.chopard.com/en-us/watch/278573-6032.html,"https://objects-prod.cdn.chopard.com/q_auto,f_auto,dpr_auto/e_trim/c_lpad,w_iw,h_ih/c_lpad,ar_1:1,w_800,g_center/ProductsAssets/Web/278573-6032_01.png",HAPPY SPORT,278573-6032,8880.0,USD,USA,2025-01-28 00:00:00,Watches,2025-01-06,7400.0
Chopard,https://www.chopard.com/en-us/watch/278559-3001.html,"https://objects-prod.cdn.chopard.com/q_auto,f_auto,dpr_auto/e_trim/c_lpad,w_iw,h_ih/c_lpad,ar_1:1,w_800,g_center/ProductsAssets/Web/278559-3001_01.png",HAPPY SPORT,278559-3001,8950.0,USD,USA,2025-01-28 00:00:00,Watches,2025-01-06,7458.33
Chopard,https://www.chopard.com/en-us/watch/278602-3001.html,"https://objects-prod.cdn.chopard.com/q_auto,f_auto,dpr_auto/e_trim/c_lpad,w_iw,h_ih/c_lpad,ar_1:1,w_800,g_center/ProductsAssets/Web/278602-3001_01.png",HAPPY SPORT,278602-3001,9120.0,USD,USA,2025-01-28 00:00:00,Watches,2025-01-06,7600.0
Chopard,https://www.chopard.com/en-us/watch/278573-6018.html,"https://objects-prod.cdn.chopard.com/q_auto,f_auto,dpr_auto/e_trim/c_lpad,w_iw,h_ih/c_lpad,ar_1:1,w_800,g_center/ProductsAssets/Web/278573-6018_01.png",HAPPY SPORT,278573-6018,9340.0,USD,USA,2025-01-28 00:00:00,Watches,2025-01-06,7783.33
Chopard,https://www.chopard.com/en-us/watch/278573-6027.html,"https://objects-prod.cdn.chopard.com/q_auto,f_auto,dpr_auto/e_trim/c_lpad,w_iw,h_ih/c_lpad,ar_1:1,w_800,g_center/ProductsAssets/Web/278573-6027_01.png",HAPPY SPORT,278573-6027,9340.0,USD,USA,2025-01-28 00:00:00,Watches,2025-01-06,7783.33
Chopard,https://www.chopard.com/en-us/watch/278620-3002.html,"https://objects-prod.cdn.chopard.com/q_auto,f_auto,dpr_auto/e_trim/c_lpad,w_iw,h_ih/c_lpad,ar_1:1,w_800,g_center/ProductsAssets/Web/278620-3002_01.png",HAPPY SPORT,278620-3002,9350.0,USD,USA,2025-01-28 00:00:00,Watches,2025-01-06,7791.67
Chopard,https://www.chopard.com/en-us/watch/278608-3002.html,"https://objects-prod.cdn.chopard.com/q_auto,f_auto,dpr_auto/e_trim/c_lpad,w_iw,h_ih/c_lpad,ar_1:1,w_800,g_center/ProductsAssets/Web/278608-3002_01.png",HAPPY SPORT,278608-3002,9740.0,USD,USA,2025-01-28 00:00:00,Watches,2025-01-06,8116.67
Chopard,https://www.chopard.com/en-us/watch/278582-6009.html,"https://objects-prod.cdn.chopard.com/q_auto,f_auto,dpr_auto/e_trim/c_lpad,w_iw,h_ih/c_lpad,ar_1:1,w_800,g_center/ProductsAssets/Web/278582-6009_01.png",HAPPY SPORT,278582-6009,9940.0,USD,USA,2025-01-28 00:00:00,Watches,2025-01-06,8283.33
Chopard,https://www.chopard.com/en-us/watch/278559-3002.html,"https://objects-prod.cdn.chopard.com/q_auto,f_auto,dpr_auto/e_trim/c_lpad,w_iw,h_ih/c_lpad,ar_1:1,w_800,g_center/ProductsAssets/Web/278559-3002_01.png",HAPPY SPORT,278559-3002,10500.0,USD,USA,2025-01-28 00:00:00,Watches,2025-01-06,8750.0
Chopard,https://www.chopard.com/en-us/watch/278620-6002.html,"https://objects-prod.cdn.chopard.com/q_auto,f_auto,dpr_auto/e_trim/c_lpad,w_iw,h_ih/c_lpad,ar_1:1,w_800,g_center/ProductsAssets/Web/278620-6002_01.png",HAPPY SPORT,278620-6002,10700.0,USD,USA,2025-01-28 00:00:00,Watches,2025-01-06,8916.67
Chopard,https://www.chopard.com/en-us/watch/278602-3002.html,"https://objects-prod.cdn.chopard.com/q_auto,f_auto,dpr_auto/e_trim/c_lpad,w_iw,h_ih/c_lpad,ar_1:1,w_800,g_center/ProductsAssets/Web/278602-3002_01.png",HAPPY SPORT,278602-3002,10800.0,USD,USA,2025-01-28 00:00:00,Watches,2025-01-06,9000.0
Chopard,https://www.chopard.com/en-us/watch/278608-6001.html,"https://objects-prod.cdn.chopard.com/q_auto,f_auto,dpr_auto/e_trim/c_lpad,w_iw,h_ih/c_lpad,ar_1:1,w_800,g_center/ProductsAssets/Web/278608-6001_01.png",HAPPY SPORT,278608-6001,10900.0,USD,USA,2025-01-28 00:00:00,Watches,2025-01-06,9083.33
Chopard,https://www.chopard.com/en-us/watch/278602-6001.html,"https://objects-prod.cdn.chopard.com/q_auto,f_auto,dpr_auto/e_trim/c_lpad,w_iw,h_ih/c_lpad,ar_1:1,w_800,g_center/ProductsAssets/Web/278602-6001_01.png",HAPPY SPORT,278602-6001,11000.0,USD,USA,2025-01-28 00:00:00,Watches,2025-01-06,9166.67
Chopard,https://www.chopard.com/en-us/watch/278608-6013.html,"https://objects-prod.cdn.chopard.com/q_auto,f_auto,dpr_auto/e_trim/c_lpad,w_iw,h_ih/c_lpad,ar_1:1,w_800,g_center/ProductsAssets/Web/278608-6013_01.png",HAPPY SPORT,278608-6013,11100.0,USD,USA,2025-01-28 00:00:00,Watches,2025-01-06,9250.0
Chopard,https://www.chopard.com/en-us/watch/278559-6001.html,"https://objects-prod.cdn.chopard.com/q_auto,f_auto,dpr_auto/e_trim/c_lpad,w_iw,h_ih/c_lpad,ar_1:1,w_800,g_center/ProductsAssets/Web/278559-6001_01.png",HAPPY SPORT,278559-6001,11500.0,USD,USA,2025-01-28 00:00:00,Watches,2025-01-06,9583.33
Chopard,https://www.chopard.com/en-us/watch/278559-6008.html,"https://objects-prod.cdn.chopard.com/q_auto,f_auto,dpr_auto/e_trim/c_lpad,w_iw,h_ih/c_lpad,ar_1:1,w_800,g_center/ProductsAssets/Web/278559-6008_01.png",HAPPY SPORT,278559-6008,11800.0,USD,USA,2025-01-28 00:00:00,Watches,2025-01-06,9833.33
Chopard,https://www.chopard.com/en-us/watch/278578-6003.html,"https://objects-prod.cdn.chopard.com/q_auto,f_auto,dpr_auto/e_trim/c_lpad,w_iw,h_ih/c_lpad,ar_1:1,w_800,g_center/ProductsAssets/Web/278578-6003_01.png",HAPPY SPORT,278578-6003,11900.0,USD,USA,2025-01-28 00:00:00,Watches,2025-01-06,9916.67
Chopard,https://www.chopard.com/en-us/watch/278602-6006.html,"https://objects-prod.cdn.chopard.com/q_auto,f_auto,dpr_auto/e_trim/c_lpad,w_iw,h_ih/c_lpad,ar_1:1,w_800,g_center/ProductsAssets/Web/278602-6006_01.png",HAPPY SPORT,278602-6006,11900.0,USD,USA,2025-01-28 00:00:00,Watches,2025-01-06,9916.67
Chopard,https://www.chopard.com/en-us/watch/278573-6017.html,"https://objects-prod.cdn.chopard.com/q_auto,f_auto,dpr_auto/e_trim/c_lpad,w_iw,h_ih/c_lpad,ar_1:1,w_800,g_center/ProductsAssets/Web/278573-6017_01.png",HAPPY SPORT,278573-6017,12400.0,USD,USA,2025-01-28 00:00:00,Watches,2025-01-06,10333.33
Chopard,https://www.chopard.com/en-us/watch/278608-6002.html,"https://objects-prod.cdn.chopard.com/q_auto,f_auto,dpr_auto/e_trim/c_lpad,w_iw,h_ih/c_lpad,ar_1:1,w_800,g_center/ProductsAssets/Web/278608-6002_01.png",HAPPY SPORT,278608-6002,15700.0,USD,USA,2025-01-28 00:00:00,Watches,2025-01-06,13083.33
Chopard,https://www.chopard.com/en-us/watch/274893-5011.html,"https://objects-prod.cdn.chopard.com/q_auto,f_auto,dpr_auto/e_trim/c_lpad,w_iw,h_ih/c_lpad,ar_1:1,w_800,g_center/ProductsAssets/Web/274893-5011_01.png",HAPPY SPORT,274893-5011,15700.0,USD,USA,2025-01-28 00:00:00,Watches,2025-01-06,13083.33
Chopard,https://www.chopard.com/en-us/watch/278602-3003.html,"https://objects-prod.cdn.chopard.com/q_auto,f_auto,dpr_auto/e_trim/c_lpad,w_iw,h_ih/c_lpad,ar_1:1,w_800,g_center/ProductsAssets/Web/278602-3003_01.png",HAPPY SPORT,278602-3003,15800.0,USD,USA,2025-01-28 00:00:00,Watches,2025-01-06,13166.67
Chopard,https://www.chopard.com/en-us/watch/278608-3008.html,"https://objects-prod.cdn.chopard.com/q_auto,f_auto,dpr_auto/e_trim/c_lpad,w_iw,h_ih/c_lpad,ar_1:1,w_800,g_center/ProductsAssets/Web/278608-3008_01.png",HAPPY SPORT,278608-3008,16900.0,USD,USA,2025-01-28 00:00:00,Watches,2025-01-06,14083.33
Chopard,https://www.chopard.com/en-us/watch/278608-3009.html,"https://objects-prod.cdn.chopard.com/q_auto,f_auto,dpr_auto/e_trim/c_lpad,w_iw,h_ih/c_lpad,ar_1:1,w_800,g_center/ProductsAssets/Web/278608-3009_01.png",HAPPY SPORT,278608-3009,16900.0,USD,USA,2025-01-28 00:00:00,Watches,2025-01-06,14083.33
Chopard,https://www.chopard.com/en-us/watch/278608-3003.html,"https://objects-prod.cdn.chopard.com/q_auto,f_auto,dpr_auto/e_trim/c_lpad,w_iw,h_ih/c_lpad,ar_1:1,w_800,g_center/ProductsAssets/Web/278608-3003_01.png",HAPPY SPORT,278608-3003,16900.0,USD,USA,2025-01-28 00:00:00,Watches,2025-01-06,14083.33
Chopard,https://www.chopard.com/en-us/watch/275378-5011.html,"https://objects-prod.cdn.chopard.com/q_auto,f_auto,dpr_auto/e_trim/c_lpad,w_iw,h_ih/c_lpad,ar_1:1,w_800,g_center/ProductsAssets/Web/275378-5011_01.png",HAPPY SPORT,275378-5011,17100.0,USD,USA,2025-01-28 00:00:00,Watches,2025-01-06,14250.0
Chopard,https://www.chopard.com/en-us/watch/278573-6015.html,"https://objects-prod.cdn.chopard.com/q_auto,f_auto,dpr_auto/e_trim/c_lpad,w_iw,h_ih/c_lpad,ar_1:1,w_800,g_center/ProductsAssets/Web/278573-6015_01.png",HAPPY SPORT,278573-6015,17100.0,USD,USA,2025-01-28 00:00:00,Watches,2025-01-06,14250.0
Chopard,https://www.chopard.com/en-us/watch/275378-5001.html,"https://objects-prod.cdn.chopard.com/q_auto,f_auto,dpr_auto/e_trim/c_lpad,w_iw,h_ih/c_lpad,ar_1:1,w_800,g_center/ProductsAssets/Web/275378-5001_01.png",HAPPY SPORT,275378-5001,17100.0,USD,USA,2025-01-28 00:00:00,Watches,2025-01-06,14250.0
Chopard,https://www.chopard.com/en-us/watch/278602-6002.html,"https://objects-prod.cdn.chopard.com/q_auto,f_auto,dpr_auto/e_trim/c_lpad,w_iw,h_ih/c_lpad,ar_1:1,w_800,g_center/ProductsAssets/Web/278602-6002_01.png",HAPPY SPORT,278602-6002,17300.0,USD,USA,2025-01-28 00:00:00,Watches,2025-01-06,14416.67
Chopard,https://www.chopard.com/en-us/watch/278602-3004.html,"https://objects-prod.cdn.chopard.com/q_auto,f_auto,dpr_auto/e_trim/c_lpad,w_iw,h_ih/c_lpad,ar_1:1,w_800,g_center/ProductsAssets/Web/278602-3004_01.png",HAPPY SPORT,278602-3004,17400.0,USD,USA,2025-01-28 00:00:00,Watches,2025-01-06,14500.0
Chopard,https://www.chopard.com/en-us/watch/278559-6026.html,"https://objects-prod.cdn.chopard.com/q_auto,f_auto,dpr_auto/e_trim/c_lpad,w_iw,h_ih/c_lpad,ar_1:1,w_800,g_center/ProductsAssets/Web/278559-6026_01.png",HAPPY SPORT,278559-6026,17500.0,USD,USA,2025-01-28 00:00:00,Watches,2025-01-06,14583.33
Chopard,https://www.chopard.com/en-us/watch/278608-3006.html,"https://objects-prod.cdn.chopard.com/q_auto,f_auto,dpr_auto/e_trim/c_lpad,w_iw,h_ih/c_lpad,ar_1:1,w_800,g_center/ProductsAssets/Web/278608-3006_01.png",HAPPY SPORT,278608-3006,17800.0,USD,USA,2025-01-28 00:00:00,Watches,2025-01-06,14833.33
Chopard,https://www.chopard.com/en-us/watch/278602-6003.html,"https://objects-prod.cdn.chopard.com/q_auto,f_auto,dpr_auto/e_trim/c_lpad,w_iw,h_ih/c_lpad,ar_1:1,w_800,g_center/ProductsAssets/Web/278602-6003_01.png",HAPPY SPORT,278602-6003,17900.0,USD,USA,2025-01-28 00:00:00,Watches,2025-01-06,14916.67
Chopard,https://www.chopard.com/en-us/watch/274808-5001.html,"https://objects-prod.cdn.chopard.com/q_auto,f_auto,dpr_auto/e_trim/c_lpad,w_iw,h_ih/c_lpad,ar_1:1,w_800,g_center/ProductsAssets/Web/274808-5001_01.png",HAPPY SPORT,274808-5001,18000.0,USD,USA,2025-01-28 00:00:00,Watches,2025-01-06,15000.0
Chopard,https://www.chopard.com/en-us/watch/278602-6005.html,"https://objects-prod.cdn.chopard.com/q_auto,f_auto,dpr_auto/e_trim/c_lpad,w_iw,h_ih/c_lpad,ar_1:1,w_800,g_center/ProductsAssets/Web/278602-6005_01.png",HAPPY SPORT,278602-6005,18800.0,USD,USA,2025-01-28 00:00:00,Watches,2025-01-06,15666.67
Chopard,https://www.chopard.com/en-us/watch/278608-6003.html,"https://objects-prod.cdn.chopard.com/q_auto,f_auto,dpr_auto/e_trim/c_lpad,w_iw,h_ih/c_lpad,ar_1:1,w_800,g_center/ProductsAssets/Web/278608-6003_01.png",HAPPY SPORT,278608-6003,19800.0,USD,USA,2025-01-28 00:00:00,Watches,2025-01-06,16500.0
Chopard,https://www.chopard.com/en-us/watch/278608-6012.html,"https://objects-prod.cdn.chopard.com/q_auto,f_auto,dpr_auto/e_trim/c_lpad,w_iw,h_ih/c_lpad,ar_1:1,w_800,g_center/ProductsAssets/Web/278608-6012_01.png",HAPPY SPORT,278608-6012,20300.0,USD,USA,2025-01-28 00:00:00,Watches,2025-01-06,16916.67
Chopard,https://www.chopard.com/en-us/watch/278559-3003.html,"https://objects-prod.cdn.chopard.com/q_auto,f_auto,dpr_auto/e_trim/c_lpad,w_iw,h_ih/c_lpad,ar_1:1,w_800,g_center/ProductsAssets/Web/278559-3003_01.png",HAPPY SPORT,278559-3003,20600.0,USD,USA,2025-01-28 00:00:00,Watches,2025-01-06,17166.67
Chopard,https://www.chopard.com/en-us/watch/278559-6003.html,"https://objects-prod.cdn.chopard.com/q_auto,f_auto,dpr_auto/e_trim/c_lpad,w_iw,h_ih/c_lpad,ar_1:1,w_800,g_center/ProductsAssets/Web/278559-6003_01.png",HAPPY SPORT,278559-6003,23200.0,USD,USA,2025-01-28 00:00:00,Watches,2025-01-06,19333.33
Chopard,https://www.chopard.com/en-us/watch/274893-5012.html,"https://objects-prod.cdn.chopard.com/q_auto,f_auto,dpr_auto/e_trim/c_lpad,w_iw,h_ih/c_lpad,ar_1:1,w_800,g_center/ProductsAssets/Web/274893-5012_01.png",HAPPY SPORT,274893-5012,23700.0,USD,USA,2025-01-28 00:00:00,Watches,2025-01-06,19750.0
Chopard,https://www.chopard.com/en-us/watch/274893-5016.html,"https://objects-prod.cdn.chopard.com/q_auto,f_auto,dpr_auto/e_trim/c_lpad,w_iw,h_ih/c_lpad,ar_1:1,w_800,g_center/ProductsAssets/Web/274893-5016_01.png",HAPPY SPORT,274893-5016,24200.0,USD,USA,2025-01-28 00:00:00,Watches,2025-01-06,20166.67
Chopard,https://www.chopard.com/en-us/watch/278608-6004.html,"https://objects-prod.cdn.chopard.com/q_auto,f_auto,dpr_auto/e_trim/c_lpad,w_iw,h_ih/c_lpad,ar_1:1,w_800,g_center/ProductsAssets/Web/278608-6004_01.png",HAPPY SPORT,278608-6004,24500.0,USD,USA,2025-01-28 00:00:00,Watches,2025-01-06,20416.67
Chopard,https://www.chopard.com/en-us/watch/278602-6004.html,"https://objects-prod.cdn.chopard.com/q_auto,f_auto,dpr_auto/e_trim/c_lpad,w_iw,h_ih/c_lpad,ar_1:1,w_800,g_center/ProductsAssets/Web/278602-6004_01.png",HAPPY SPORT,278602-6004,24600.0,USD,USA,2025-01-28 00:00:00,Watches,2025-01-06,20500.0
Chopard,https://www.chopard.com/en-us/watch/275378-5003.html,"https://objects-prod.cdn.chopard.com/q_auto,f_auto,dpr_auto/e_trim/c_lpad,w_iw,h_ih/c_lpad,ar_1:1,w_800,g_center/ProductsAssets/Web/275378-5003_01.png",HAPPY SPORT,275378-5003,25900.0,USD,USA,2025-01-28 00:00:00,Watches,2025-01-06,21583.33
Chopard,https://www.chopard.com/en-us/watch/275362-5002.html,"https://objects-prod.cdn.chopard.com/q_auto,f_auto,dpr_auto/e_trim/c_lpad,w_iw,h_ih/c_lpad,ar_1:1,w_800,g_center/ProductsAssets/Web/275362-5002_01.png",HAPPY SPORT,275362-5002,27000.0,USD,USA,2025-01-28 00:00:00,Watches,2025-01-06,22500.0
Chopard,https://www.chopard.com/en-us/watch/278559-6025.html,"https://objects-prod.cdn.chopard.com/q_auto,f_auto,dpr_auto/e_trim/c_lpad,w_iw,h_ih/c_lpad,ar_1:1,w_800,g_center/ProductsAssets/Web/278559-6025_01.png",HAPPY SPORT,278559-6025,29200.0,USD,USA,2025-01-28 00:00:00,Watches,2025-01-06,24333.33
Chopard,https://www.chopard.com/en-us/watch/274808-5003.html,"https://objects-prod.cdn.chopard.com/q_auto,f_auto,dpr_auto/e_trim/c_lpad,w_iw,h_ih/c_lpad,ar_1:1,w_800,g_center/ProductsAssets/Web/274808-5003_01.png",HAPPY SPORT,274808-5003,29900.0,USD,USA,2025-01-28 00:00:00,Watches,2025-01-06,24916.67
Chopard,https://www.chopard.com/en-us/watch/274808-5006.html,"https://objects-prod.cdn.chopard.com/q_auto,f_auto,dpr_auto/e_trim/c_lpad,w_iw,h_ih/c_lpad,ar_1:1,w_800,g_center/ProductsAssets/Web/274808-5006_01.png",HAPPY SPORT,274808-5006,30100.0,USD,USA,2025-01-28 00:00:00,Watches,2025-01-06,25083.33
Chopard,https://www.chopard.com/en-us/watch/275362-5005.html,"https://objects-prod.cdn.chopard.com/q_auto,f_auto,dpr_auto/e_trim/c_lpad,w_iw,h_ih/c_lpad,ar_1:1,w_800,g_center/ProductsAssets/Web/275362-5005_01.png",HAPPY SPORT,275362-5005,39500.0,USD,USA,2025-01-28 00:00:00,Watches,2025-01-06,32916.67
Chopard,https://www.chopard.com/en-us/watch/275378-5004.html,"https://objects-prod.cdn.chopard.com/q_auto,f_auto,dpr_auto/e_trim/c_lpad,w_iw,h_ih/c_lpad,ar_1:1,w_800,g_center/ProductsAssets/Web/275378-5004_01.png",HAPPY SPORT,275378-5004,42000.0,USD,USA,2025-01-28 00:00:00,Watches,2025-01-06,35000.0
Chopard,https://www.chopard.com/en-us/watch/275372-1001.html,"https://objects-prod.cdn.chopard.com/q_auto,f_auto,dpr_auto/e_trim/c_lpad,w_iw,h_ih/c_lpad,ar_1:1,w_800,g_center/ProductsAssets/Web/275372-1001_01.png",HAPPY SPORT,275372-1001,59300.0,USD,USA,2025-01-28 00:00:00,Watches,2025-01-06,49416.67
Chopard,https://www.chopard.com/en-us/watch/275378-1002.html,"https://objects-prod.cdn.chopard.com/q_auto,f_auto,dpr_auto/e_trim/c_lpad,w_iw,h_ih/c_lpad,ar_1:1,w_800,g_center/ProductsAssets/Web/275378-1002_01.png",HAPPY SPORT,275378-1002,68400.0,USD,USA,2025-01-28 00:00:00,Watches,2025-01-06,57000.0
Chopard,https://www.chopard.com/en-us/watch/274809-1001.html,"https://objects-prod.cdn.chopard.com/q_auto,f_auto,dpr_auto/e_trim/c_lpad,w_iw,h_ih/c_lpad,ar_1:1,w_800,g_center/ProductsAssets/Web/274809-1001_01.png",HAPPY SPORT,274809-1001,101000.0,USD,USA,2025-01-28 00:00:00,Watches,2025-01-06,84166.67
Chopard,https://www.chopard.com/en-us/watch/388563-6005.html,"https://objects-prod.cdn.chopard.com/q_auto,f_auto,dpr_auto/e_trim/c_lpad,w_iw,h_ih/c_lpad,ar_1:1,w_800,g_center/ProductsAssets/Web/388563-6005_01.png",IMPERIALE,388563-6005,7100.0,USD,USA,2025-01-28 00:00:00,Watches,2025-01-06,5916.67
Chopard,https://www.chopard.com/en-us/watch/388563-3006.html,"https://objects-prod.cdn.chopard.com/q_auto,f_auto,dpr_auto/e_trim/c_lpad,w_iw,h_ih/c_lpad,ar_1:1,w_800,g_center/ProductsAssets/Web/388563-3006_01.png",IMPERIALE,388563-3006,7140.0,USD,USA,2025-01-28 00:00:00,Watches,2025-01-06,5950.0
Chopard,https://www.chopard.com/en-us/watch/388563-6013.html,"https://objects-prod.cdn.chopard.com/q_auto,f_auto,dpr_auto/e_trim/c_lpad,w_iw,h_ih/c_lpad,ar_1:1,w_800,g_center/ProductsAssets/Web/388563-6013_01.png",IMPERIALE,388563-6013,7670.0,USD,USA,2025-01-28 00:00:00,Watches,2025-01-06,6391.67
Chopard,https://www.chopard.com/en-us/watch/388563-6006.html,"https://objects-prod.cdn.chopard.com/q_auto,f_auto,dpr_auto/e_trim/c_lpad,w_iw,h_ih/c_lpad,ar_1:1,w_800,g_center/ProductsAssets/Web/388563-6006_01.png",IMPERIALE,388563-6006,10400.0,USD,USA,2025-01-28 00:00:00,Watches,2025-01-06,8666.67
Chopard,https://www.chopard.com/en-us/watch/388563-3007.html,"https://objects-prod.cdn.chopard.com/q_auto,f_auto,dpr_auto/e_trim/c_lpad,w_iw,h_ih/c_lpad,ar_1:1,w_800,g_center/ProductsAssets/Web/388563-3007_01.png",IMPERIALE,388563-3007,11200.0,USD,USA,2025-01-28 00:00:00,Watches,2025-01-06,9333.33
Chopard,https://www.chopard.com/en-us/watch/388563-6014.html,"https://objects-prod.cdn.chopard.com/q_auto,f_auto,dpr_auto/e_trim/c_lpad,w_iw,h_ih/c_lpad,ar_1:1,w_800,g_center/ProductsAssets/Web/388563-6014_01.png",IMPERIALE,388563-6014,11200.0,USD,USA,2025-01-28 00:00:00,Watches,2025-01-06,9333.33
Chopard,https://www.chopard.com/en-us/watch/388563-6007.html,"https://objects-prod.cdn.chopard.com/q_auto,f_auto,dpr_auto/e_trim/c_lpad,w_iw,h_ih/c_lpad,ar_1:1,w_800,g_center/ProductsAssets/Web/388563-6007_01.png",IMPERIALE,388563-6007,12600.0,USD,USA,2025-01-28 00:00:00,Watches,2025-01-06,10500.0
Chopard,https://www.chopard.com/en-us/watch/384319-5009.html,"https://objects-prod.cdn.chopard.com/q_auto,f_auto,dpr_auto/e_trim/c_lpad,w_iw,h_ih/c_lpad,ar_1:1,w_800,g_center/ProductsAssets/Web/384319-5009_01.png",IMPERIALE,384319-5009,13000.0,USD,USA,2025-01-28 00:00:00,Watches,2025-01-06,10833.33
Chopard,https://www.chopard.com/en-us/watch/388563-6008.html,"https://objects-prod.cdn.chopard.com/q_auto,f_auto,dpr_auto/e_trim/c_lpad,w_iw,h_ih/c_lpad,ar_1:1,w_800,g_center/ProductsAssets/Web/388563-6008_01.png",IMPERIALE,388563-6008,15800.0,USD,USA,2025-01-28 00:00:00,Watches,2025-01-06,13166.67
Chopard,https://www.chopard.com/en-us/watch/384319-5007.html,"https://objects-prod.cdn.chopard.com/q_auto,f_auto,dpr_auto/e_trim/c_lpad,w_iw,h_ih/c_lpad,ar_1:1,w_800,g_center/ProductsAssets/Web/384319-5007_01.png",IMPERIALE,384319-5007,21300.0,USD,USA,2025-01-28 00:00:00,Watches,2025-01-06,17750.0
Chopard,https://www.chopard.com/en-us/watch/384319-5010.html,"https://objects-prod.cdn.chopard.com/q_auto,f_auto,dpr_auto/e_trim/c_lpad,w_iw,h_ih/c_lpad,ar_1:1,w_800,g_center/ProductsAssets/Web/384319-5010_01.png",IMPERIALE,384319-5010,21900.0,USD,USA,2025-01-28 00:00:00,Watches,2025-01-06,18250.0
Chopard,https://www.chopard.com/en-us/watch/384246-1001.html,"https://objects-prod.cdn.chopard.com/q_auto,f_auto,dpr_auto/e_trim/c_lpad,w_iw,h_ih/c_lpad,ar_1:1,w_800,g_center/ProductsAssets/Web/384246-1001_01.png",IMPERIALE,384246-1001,60100.0,USD,USA,2025-01-28 00:00:00,Watches,2025-01-06,50083.33
Chopard,https://www.chopard.com/en-us/watch/384246-1002.html,"https://objects-prod.cdn.chopard.com/q_auto,f_auto,dpr_auto/e_trim/c_lpad,w_iw,h_ih/c_lpad,ar_1:1,w_800,g_center/ProductsAssets/Web/384246-1002_01.png",IMPERIALE,384246-1002,69500.0,USD,USA,2025-01-28 00:00:00,Watches,2025-01-06,57916.67
Chopard,https://www.chopard.com/en-us/watch/385388-5001.html,"https://objects-prod.cdn.chopard.com/q_auto,f_auto,dpr_auto/e_trim/c_lpad,w_iw,h_ih/c_lpad,ar_1:1,w_800,g_center/ProductsAssets/Web/385388-5001_01.png",IMPERIALE,385388-5001,93900.0,USD,USA,2025-01-28 00:00:00,Watches,2025-01-06,78250.0
Chopard,https://www.chopard.com/en-us/watch/168629-3001.html,"https://objects-prod.cdn.chopard.com/q_auto,f_auto,dpr_auto/e_trim/c_lpad,w_iw,h_ih/c_lpad,ar_1:1,w_800,g_center/ProductsAssets/Web/168629-3001_01.png",L.U.C,168629-3001,11800.0,USD,USA,2025-01-28 00:00:00,Watches,2025-01-06,9833.33
Chopard,https://www.chopard.com/en-us/watch/168579-3004.html,"https://objects-prod.cdn.chopard.com/q_auto,f_auto,dpr_auto/e_trim/c_lpad,w_iw,h_ih/c_lpad,ar_1:1,w_800,g_center/ProductsAssets/Web/168579-3004_01.png",L.U.C,168579-3004,13100.0,USD,USA,2025-01-28 00:00:00,Watches,2025-01-06,10916.67
Chopard,https://www.chopard.com/en-us/watch/168574-3008.html,"https://objects-prod.cdn.chopard.com/q_auto,f_auto,dpr_auto/e_trim/c_lpad,w_iw,h_ih/c_lpad,ar_1:1,w_800,g_center/ProductsAssets/Web/168574-3008_01.png",L.U.C,168574-3008,17600.0,USD,USA,2025-01-28 00:00:00,Watches,2025-01-06,14666.67
Chopard,https://www.chopard.com/en-us/watch/161948-1001.html,"https://objects-prod.cdn.chopard.com/q_auto,f_auto,dpr_auto/e_trim/c_lpad,w_iw,h_ih/c_lpad,ar_1:1,w_800,g_center/ProductsAssets/Web/161948-1001_01.png",L.U.C,161948-1001,19000.0,USD,USA,2025-01-28 00:00:00,Watches,2025-01-06,15833.33
Chopard,https://www.chopard.com/en-us/watch/161948-5001.html,"https://objects-prod.cdn.chopard.com/q_auto,f_auto,dpr_auto/e_trim/c_lpad,w_iw,h_ih/c_lpad,ar_1:1,w_800,g_center/ProductsAssets/Web/161948-5001_01.png",L.U.C,161948-5001,19000.0,USD,USA,2025-01-28 00:00:00,Watches,2025-01-06,15833.33
Chopard,https://www.chopard.com/en-us/watch/168631-3001.html,"https://objects-prod.cdn.chopard.com/q_auto,f_auto,dpr_auto/e_trim/c_lpad,w_iw,h_ih/c_lpad,ar_1:1,w_800,g_center/ProductsAssets/Web/168631-3001_01.png",L.U.C,168631-3001,20300.0,USD,USA,2025-01-28 00:00:00,Watches,2025-01-06,16916.67
Chopard,https://www.chopard.com/en-us/watch/161945-1001.html,"https://objects-prod.cdn.chopard.com/q_auto,f_auto,dpr_auto/e_trim/c_lpad,w_iw,h_ih/c_lpad,ar_1:1,w_800,g_center/ProductsAssets/Web/161945-1001_01.png",L.U.C,161945-1001,22900.0,USD,USA,2025-01-28 00:00:00,Watches,2025-01-06,19083.33
Chopard,https://www.chopard.com/en-us/watch/161943-5001.html,"https://objects-prod.cdn.chopard.com/q_auto,f_auto,dpr_auto/e_trim/c_lpad,w_iw,h_ih/c_lpad,ar_1:1,w_800,g_center/ProductsAssets/Web/161943-5001_01.png",L.U.C,161943-5001,23400.0,USD,USA,2025-01-28 00:00:00,Watches,2025-01-06,19500.0
Chopard,https://www.chopard.com/en-us/watch/168860-3003.html,"https://objects-prod.cdn.chopard.com/q_auto,f_auto,dpr_auto/e_trim/c_lpad,w_iw,h_ih/c_lpad,ar_1:1,w_800,g_center/ProductsAssets/Web/168860-3003_01.png",L.U.C,168860-3003,25200.0,USD,USA,2025-01-28 00:00:00,Watches,2025-01-06,21000.0
Chopard,https://www.chopard.com/en-us/watch/168561-3003.html,"https://objects-prod.cdn.chopard.com/q_auto,f_auto,dpr_auto/e_trim/c_lpad,w_iw,h_ih/c_lpad,ar_1:1,w_800,g_center/ProductsAssets/Web/168561-3003_01.png",L.U.C,168561-3003,27800.0,USD,USA,2025-01-28 00:00:00,Watches,2025-01-06,23166.67
Chopard,https://www.chopard.com/en-us/watch/162296-5001.html,"https://objects-prod.cdn.chopard.com/q_auto,f_auto,dpr_auto/e_trim/c_lpad,w_iw,h_ih/c_lpad,ar_1:1,w_800,g_center/ProductsAssets/Web/162296-5001_01.png",L.U.C,162296-5001,27800.0,USD,USA,2025-01-28 00:00:00,Watches,2025-01-06,23166.67
Chopard,https://www.chopard.com/en-us/watch/161942-5001.html,"https://objects-prod.cdn.chopard.com/q_auto,f_auto,dpr_auto/e_trim/c_lpad,w_iw,h_ih/c_lpad,ar_1:1,w_800,g_center/ProductsAssets/Web/161942-5001_01.png",L.U.C,161942-5001,28100.0,USD,USA,2025-01-28 00:00:00,Watches,2025-01-06,23416.67
Chopard,https://www.chopard.com/en-us/watch/161902-5079.html,"https://objects-prod.cdn.chopard.com/q_auto,f_auto,dpr_auto/e_trim/c_lpad,w_iw,h_ih/c_lpad,ar_1:1,w_800,g_center/ProductsAssets/Web/161902-5079_01.png",L.U.C,161902-5079,28100.0,USD,USA,2025-01-28 00:00:00,Watches,2025-01-06,23416.67
Chopard,https://www.chopard.com/en-us/watch/168556-3002.html,"https://objects-prod.cdn.chopard.com/q_auto,f_auto,dpr_auto/e_trim/c_lpad,w_iw,h_ih/c_lpad,ar_1:1,w_800,g_center/ProductsAssets/Web/168556-3002_01.png",L.U.C,168556-3002,34000.0,USD,USA,2025-01-28 00:00:00,Watches,2025-01-06,28333.33
Chopard,https://www.chopard.com/en-us/watch/161242-0001.html,"https://objects-prod.cdn.chopard.com/q_auto,f_auto,dpr_auto/e_trim/c_lpad,w_iw,h_ih/c_lpad,ar_1:1,w_800,g_center/ProductsAssets/Web/161242-0001_01.png",L.U.C,161242-0001,36100.0,USD,USA,2025-01-28 00:00:00,Watches,2025-01-06,30083.33
Chopard,https://www.chopard.com/en-us/watch/161942-9001.html,"https://objects-prod.cdn.chopard.com/q_auto,f_auto,dpr_auto/e_trim/c_lpad,w_iw,h_ih/c_lpad,ar_1:1,w_800,g_center/ProductsAssets/Web/161942-9001_01.png",L.U.C,161942-9001,44000.0,USD,USA,2025-01-28 00:00:00,Watches,2025-01-06,36666.67
Chopard,https://www.chopard.com/en-us/watch/161980-5001.html,"https://objects-prod.cdn.chopard.com/q_auto,f_auto,dpr_auto/e_trim/c_lpad,w_iw,h_ih/c_lpad,ar_1:1,w_800,g_center/ProductsAssets/Web/161980-5001_01.png",L.U.C,161980-5001,44100.0,USD,USA,2025-01-28 00:00:00,Watches,2025-01-06,36750.0
Chopard,https://www.chopard.com/en-us/watch/172296-1001.html,"https://objects-prod.cdn.chopard.com/q_auto,f_auto,dpr_auto/e_trim/c_lpad,w_iw,h_ih/c_lpad,ar_1:1,w_800,g_center/ProductsAssets/Web/172296-1001_01.png",L.U.C,172296-1001,49500.0,USD,USA,2025-01-28 00:00:00,Watches,2025-01-06,41250.0
Chopard,https://www.chopard.com/en-us/watch/161977-1001.html,"https://objects-prod.cdn.chopard.com/q_auto,f_auto,dpr_auto/e_trim/c_lpad,w_iw,h_ih/c_lpad,ar_1:1,w_800,g_center/ProductsAssets/Web/161977-1001_01.png",L.U.C,161977-1001,50200.0,USD,USA,2025-01-28 00:00:00,Watches,2025-01-06,41833.33
Chopard,https://www.chopard.com/en-us/watch/161977-5001.html,"https://objects-prod.cdn.chopard.com/q_auto,f_auto,dpr_auto/e_trim/c_lpad,w_iw,h_ih/c_lpad,ar_1:1,w_800,g_center/ProductsAssets/Web/161977-5001_01.png",L.U.C,161977-5001,50200.0,USD,USA,2025-01-28 00:00:00,Watches,2025-01-06,41833.33
Chopard,https://www.chopard.com/en-us/watch/161976-5003.html,"https://objects-prod.cdn.chopard.com/q_auto,f_auto,dpr_auto/e_trim/c_lpad,w_iw,h_ih/c_lpad,ar_1:1,w_800,g_center/ProductsAssets/Web/161976-5003_01.png",L.U.C,161976-5003,55800.0,USD,USA,2025-01-28 00:00:00,Watches,2025-01-06,46500.0
Chopard,https://www.chopard.com/en-us/watch/161949-1001.html,"https://objects-prod.cdn.chopard.com/q_auto,f_auto,dpr_auto/e_trim/c_lpad,w_iw,h_ih/c_lpad,ar_1:1,w_800,g_center/ProductsAssets/Web/161949-1001_01.png",L.U.C,161949-1001,68700.0,USD,USA,2025-01-28 00:00:00,Watches,2025-01-06,57250.0
Chopard,https://www.chopard.com/en-us/watch/168611-3001.html,"https://objects-prod.cdn.chopard.com/q_auto,f_auto,dpr_auto/e_trim/c_lpad,w_iw,h_ih/c_lpad,ar_1:1,w_800,g_center/ProductsAssets/Web/168611-3001_01.png",L.U.C,168611-3001,84000.0,USD,USA,2025-01-28 00:00:00,Watches,2025-01-06,70000.0
Chopard,https://www.chopard.com/en-us/watch/10A178-1301.html,"https://objects-prod.cdn.chopard.com/q_auto,f_auto,dpr_auto/e_trim/c_lpad,w_iw,h_ih/c_lpad,ar_1:1,w_800,g_center/ProductsAssets/Web/10A178-1301_01.png",L'HEURE DU DIAMANT,10A178-1301,45200.0,USD,USA,2025-01-28 00:00:00,Watches,2025-01-06,37666.67
Chopard,https://www.chopard.com/en-us/watch/10A178-5301.html,"https://objects-prod.cdn.chopard.com/q_auto,f_auto,dpr_auto/e_trim/c_lpad,w_iw,h_ih/c_lpad,ar_1:1,w_800,g_center/ProductsAssets/Web/10A178-5301_01.png",L'HEURE DU DIAMANT,10A178-5301,45200.0,USD,USA,2025-01-28 00:00:00,Watches,2025-01-06,37666.67
Chopard,https://www.chopard.com/en-us/watch/10A178-1314.html,"https://objects-prod.cdn.chopard.com/q_auto,f_auto,dpr_auto/e_trim/c_lpad,w_iw,h_ih/c_lpad,ar_1:1,w_800,g_center/ProductsAssets/Web/10A178-1314_01.png",L'HEURE DU DIAMANT,10A178-1314,47200.0,USD,USA,2025-01-28 00:00:00,Watches,2025-01-06,39333.33
Chopard,https://www.chopard.com/en-us/watch/13A387-1115.html,"https://objects-prod.cdn.chopard.com/q_auto,f_auto,dpr_auto/e_trim/c_lpad,w_iw,h_ih/c_lpad,ar_1:1,w_800,g_center/ProductsAssets/Web/13A387-1115_01.png",L'HEURE DU DIAMANT,13A387-1115,50600.0,USD,USA,2025-01-28 00:00:00,Watches,2025-01-06,42166.67
Chopard,https://www.chopard.com/en-us/watch/13A097-1111.html,"https://objects-prod.cdn.chopard.com/q_auto,f_auto,dpr_auto/e_trim/c_lpad,w_iw,h_ih/c_lpad,ar_1:1,w_800,g_center/ProductsAssets/Web/13A097-1111_01.png",L'HEURE DU DIAMANT,13A097-1111,55300.0,USD,USA,2025-01-28 00:00:00,Watches,2025-01-06,46083.33
Chopard,https://www.chopard.com/en-us/watch/10A178-5321.html,"https://objects-prod.cdn.chopard.com/q_auto,f_auto,dpr_auto/e_trim/c_lpad,w_iw,h_ih/c_lpad,ar_1:1,w_800,g_center/ProductsAssets/Web/10A178-5321_01.png",L'HEURE DU DIAMANT,10A178-5321,55800.0,USD,USA,2025-01-28 00:00:00,Watches,2025-01-06,46500.0
Chopard,https://www.chopard.com/en-us/watch/13A097-1112.html,"https://objects-prod.cdn.chopard.com/q_auto,f_auto,dpr_auto/e_trim/c_lpad,w_iw,h_ih/c_lpad,ar_1:1,w_800,g_center/ProductsAssets/Web/13A097-1112_01.png",L'HEURE DU DIAMANT,13A097-1112,56100.0,USD,USA,2025-01-28 00:00:00,Watches,2025-01-06,46750.0
Chopard,https://www.chopard.com/en-us/watch/13A419-1601.html,"https://objects-prod.cdn.chopard.com/q_auto,f_auto,dpr_auto/e_trim/c_lpad,w_iw,h_ih/c_lpad,ar_1:1,w_800,g_center/ProductsAssets/Web/13A419-1601_01.png",L'HEURE DU DIAMANT,13A419-1601,62700.0,USD,USA,2025-01-28 00:00:00,Watches,2025-01-06,52250.0
Chopard,https://www.chopard.com/en-us/watch/13A393-5106.html,"https://objects-prod.cdn.chopard.com/q_auto,f_auto,dpr_auto/e_trim/c_lpad,w_iw,h_ih/c_lpad,ar_1:1,w_800,g_center/ProductsAssets/Web/13A393-5106_01.png",L'HEURE DU DIAMANT,13A393-5106,67900.0,USD,USA,2025-01-28 00:00:00,Watches,2025-01-06,56583.33
Chopard,https://www.chopard.com/en-us/watch/13A393-1106.html,"https://objects-prod.cdn.chopard.com/q_auto,f_auto,dpr_auto/e_trim/c_lpad,w_iw,h_ih/c_lpad,ar_1:1,w_800,g_center/ProductsAssets/Web/13A393-1106_01.png",L'HEURE DU DIAMANT,13A393-1106,67900.0,USD,USA,2025-01-28 00:00:00,Watches,2025-01-06,56583.33
Chopard,https://www.chopard.com/en-us/watch/10A384-5111.html,"https://objects-prod.cdn.chopard.com/q_auto,f_auto,dpr_auto/e_trim/c_lpad,w_iw,h_ih/c_lpad,ar_1:1,w_800,g_center/ProductsAssets/Web/10A384-5111_01.png",L'HEURE DU DIAMANT,10A384-5111,68800.0,USD,USA,2025-01-28 00:00:00,Watches,2025-01-06,57333.33
Chopard,https://www.chopard.com/en-us/watch/10A386-5111.html,"https://objects-prod.cdn.chopard.com/q_auto,f_auto,dpr_auto/e_trim/c_lpad,w_iw,h_ih/c_lpad,ar_1:1,w_800,g_center/ProductsAssets/Web/10A386-5111_01.png",L'HEURE DU DIAMANT,10A386-5111,72200.0,USD,USA,2025-01-28 00:00:00,Watches,2025-01-06,60166.67
Chopard,https://www.chopard.com/en-us/watch/%4010A391-1100.html,"https://objects-prod.cdn.chopard.com/q_auto,f_auto,dpr_auto/e_trim/c_lpad,w_iw,h_ih/c_lpad,ar_1:1,w_800,g_center/ProductsAssets/Web/@10A391-1100_01.png",L'HEURE DU DIAMANT,10A391-1100,72700.0,USD,USA,2025-01-28 00:00:00,Watches,2025-01-06,60583.33
Chopard,https://www.chopard.com/en-us/watch/%4010A391-1300.html,"https://objects-prod.cdn.chopard.com/q_auto,f_auto,dpr_auto/e_trim/c_lpad,w_iw,h_ih/c_lpad,ar_1:1,w_800,g_center/ProductsAssets/Web/@10A391-1300_01.png",L'HEURE DU DIAMANT,10A391-1300,72700.0,USD,USA,2025-01-28 00:00:00,Watches,2025-01-06,60583.33
Chopard,https://www.chopard.com/en-us/watch/%4010A391-5300.html,"https://objects-prod.cdn.chopard.com/q_auto,f_auto,dpr_auto/e_trim/c_lpad,w_iw,h_ih/c_lpad,ar_1:1,w_800,g_center/ProductsAssets/Web/@10A391-5300_01.png",L'HEURE DU DIAMANT,10A391-5300,72700.0,USD,USA,2025-01-28 00:00:00,Watches,2025-01-06,60583.33
Chopard,https://www.chopard.com/en-us/watch/%4010A391-5100.html,"https://objects-prod.cdn.chopard.com/q_auto,f_auto,dpr_auto/e_trim/c_lpad,w_iw,h_ih/c_lpad,ar_1:1,w_800,g_center/ProductsAssets/Web/@10A391-5100_01.png",L'HEURE DU DIAMANT,10A391-5100,72700.0,USD,USA,2025-01-28 00:00:00,Watches,2025-01-06,60583.33
Chopard,https://www.chopard.com/en-us/watch/10A326-1106.html,"https://objects-prod.cdn.chopard.com/q_auto,f_auto,dpr_auto/e_trim/c_lpad,w_iw,h_ih/c_lpad,ar_1:1,w_800,g_center/ProductsAssets/Web/10A326-1106_01.png",L'HEURE DU DIAMANT,10A326-1106,73800.0,USD,USA,2025-01-28 00:00:00,Watches,2025-01-06,61500.0
Chopard,https://www.chopard.com/en-us/watch/10A326-5106.html,"https://objects-prod.cdn.chopard.com/q_auto,f_auto,dpr_auto/e_trim/c_lpad,w_iw,h_ih/c_lpad,ar_1:1,w_800,g_center/ProductsAssets/Web/10A326-5106_01.png",L'HEURE DU DIAMANT,10A326-5106,73800.0,USD,USA,2025-01-28 00:00:00,Watches,2025-01-06,61500.0
Chopard,https://www.chopard.com/en-us/watch/10A097-1404.html,"https://objects-prod.cdn.chopard.com/q_auto,f_auto,dpr_auto/e_trim/c_lpad,w_iw,h_ih/c_lpad,ar_1:1,w_800,g_center/ProductsAssets/Web/10A097-1404_01.png",L'HEURE DU DIAMANT,10A097-1404,74600.0,USD,USA,2025-01-28 00:00:00,Watches,2025-01-06,62166.67
Chopard,https://www.chopard.com/en-us/watch/10A097-5404.html,"https://objects-prod.cdn.chopard.com/q_auto,f_auto,dpr_auto/e_trim/c_lpad,w_iw,h_ih/c_lpad,ar_1:1,w_800,g_center/ProductsAssets/Web/10A097-5404_01.png",L'HEURE DU DIAMANT,10A097-5404,74600.0,USD,USA,2025-01-28 00:00:00,Watches,2025-01-06,62166.67
Chopard,https://www.chopard.com/en-us/watch/10A419-5623.html,"https://objects-prod.cdn.chopard.com/q_auto,f_auto,dpr_auto/e_trim/c_lpad,w_iw,h_ih/c_lpad,ar_1:1,w_800,g_center/ProductsAssets/Web/10A419-5623_01.png",L'HEURE DU DIAMANT,10A419-5623,79300.0,USD,USA,2025-01-28 00:00:00,Watches,2025-01-06,66083.33
Chopard,https://www.chopard.com/en-us/watch/10A386-1106.html,"https://objects-prod.cdn.chopard.com/q_auto,f_auto,dpr_auto/e_trim/c_lpad,w_iw,h_ih/c_lpad,ar_1:1,w_800,g_center/ProductsAssets/Web/10A386-1106_01.png",L'HEURE DU DIAMANT,10A386-1106,80300.0,USD,USA,2025-01-28 00:00:00,Watches,2025-01-06,66916.67
Chopard,https://www.chopard.com/en-us/watch/139383-1223.html,"https://objects-prod.cdn.chopard.com/q_auto,f_auto,dpr_auto/e_trim/c_lpad,w_iw,h_ih/c_lpad,ar_1:1,w_800,g_center/ProductsAssets/Web/139383-1223_01.png",L'HEURE DU DIAMANT,139383-1223,81300.0,USD,USA,2025-01-28 00:00:00,Watches,2025-01-06,67750.0
Chopard,https://www.chopard.com/en-us/watch/139383-5223.html,"https://objects-prod.cdn.chopard.com/q_auto,f_auto,dpr_auto/e_trim/c_lpad,w_iw,h_ih/c_lpad,ar_1:1,w_800,g_center/ProductsAssets/Web/139383-5223_01.png",L'HEURE DU DIAMANT,139383-5223,81300.0,USD,USA,2025-01-28 00:00:00,Watches,2025-01-06,67750.0
Chopard,https://www.chopard.com/en-us/watch/10A386-5107.html,"https://objects-prod.cdn.chopard.com/q_auto,f_auto,dpr_auto/e_trim/c_lpad,w_iw,h_ih/c_lpad,ar_1:1,w_800,g_center/ProductsAssets/Web/10A386-5107_01.png",L'HEURE DU DIAMANT,10A386-5107,83500.0,USD,USA,2025-01-28 00:00:00,Watches,2025-01-06,69583.33
Chopard,https://www.chopard.com/en-us/watch/10A393-1106.html,"https://objects-prod.cdn.chopard.com/q_auto,f_auto,dpr_auto/e_trim/c_lpad,w_iw,h_ih/c_lpad,ar_1:1,w_800,g_center/ProductsAssets/Web/10A393-1106_01.png",L'HEURE DU DIAMANT,10A393-1106,85400.0,USD,USA,2025-01-28 00:00:00,Watches,2025-01-06,71166.67
Chopard,https://www.chopard.com/en-us/watch/10A393-5106.html,"https://objects-prod.cdn.chopard.com/q_auto,f_auto,dpr_auto/e_trim/c_lpad,w_iw,h_ih/c_lpad,ar_1:1,w_800,g_center/ProductsAssets/Web/10A393-5106_01.png",L'HEURE DU DIAMANT,10A393-5106,85400.0,USD,USA,2025-01-28 00:00:00,Watches,2025-01-06,71166.67
Chopard,https://www.chopard.com/en-us/watch/%4013A390-5100.html,"https://objects-prod.cdn.chopard.com/q_auto,f_auto,dpr_auto/e_trim/c_lpad,w_iw,h_ih/c_lpad,ar_1:1,w_800,g_center/ProductsAssets/Web/@13A390-5100_01.png",L'HEURE DU DIAMANT,13A390-5100,87400.0,USD,USA,2025-01-28 00:00:00,Watches,2025-01-06,72833.33
Chopard,https://www.chopard.com/en-us/watch/%4013A390-1100.html,"https://objects-prod.cdn.chopard.com/q_auto,f_auto,dpr_auto/e_trim/c_lpad,w_iw,h_ih/c_lpad,ar_1:1,w_800,g_center/ProductsAssets/Web/@13A390-1100_01.png",L'HEURE DU DIAMANT,13A390-1100,87400.0,USD,USA,2025-01-28 00:00:00,Watches,2025-01-06,72833.33
Chopard,https://www.chopard.com/en-us/watch/139419-1601.html,"https://objects-prod.cdn.chopard.com/q_auto,f_auto,dpr_auto/e_trim/c_lpad,w_iw,h_ih/c_lpad,ar_1:1,w_800,g_center/ProductsAssets/Web/139419-1601_01.png",L'HEURE DU DIAMANT,139419-1601,93400.0,USD,USA,2025-01-28 00:00:00,Watches,2025-01-06,77833.33
Chopard,https://www.chopard.com/en-us/watch/139383-1201.html,"https://objects-prod.cdn.chopard.com/q_auto,f_auto,dpr_auto/e_trim/c_lpad,w_iw,h_ih/c_lpad,ar_1:1,w_800,g_center/ProductsAssets/Web/139383-1201_01.png",L'HEURE DU DIAMANT,139383-1201,99500.0,USD,USA,2025-01-28 00:00:00,Watches,2025-01-06,82916.67
Chopard,https://www.chopard.com/en-us/watch/168565-3001.html,"https://objects-prod.cdn.chopard.com/q_auto,f_auto,dpr_auto/e_trim/c_lpad,w_iw,h_ih/c_lpad,ar_1:1,w_800,g_center/ProductsAssets/Web/168565-3001_01.png",MILLE MIGLIA,168565-3001,6400.0,USD,USA,2025-01-28 00:00:00,Watches,2025-01-06,5333.33
Chopard,https://www.chopard.com/en-us/watch/168566-3001.html,"https://objects-prod.cdn.chopard.com/q_auto,f_auto,dpr_auto/e_trim/c_lpad,w_iw,h_ih/c_lpad,ar_1:1,w_800,g_center/ProductsAssets/Web/168566-3001_01.png",MILLE MIGLIA,168566-3001,7000.0,USD,USA,2025-01-28 00:00:00,Watches,2025-01-06,5833.33
Chopard,https://www.chopard.com/en-us/watch/168571-3001.html,"https://objects-prod.cdn.chopard.com/q_auto,f_auto,dpr_auto/e_trim/c_lpad,w_iw,h_ih/c_lpad,ar_1:1,w_800,g_center/ProductsAssets/Web/168571-3001_01.png",MILLE MIGLIA,168571-3001,7680.0,USD,USA,2025-01-28 00:00:00,Watches,2025-01-06,6400.0
Chopard,https://www.chopard.com/en-us/watch/168589-3047.html,"https://objects-prod.cdn.chopard.com/q_auto,f_auto,dpr_auto/e_trim/c_lpad,w_iw,h_ih/c_lpad,ar_1:1,w_800,g_center/ProductsAssets/Web/168589-3047_01.png",MILLE MIGLIA,168589-3047,8930.0,USD,USA,2025-01-28 00:00:00,Watches,2025-01-06,7441.67
Chopard,https://www.chopard.com/en-us/watch/168566-3007.html,"https://objects-prod.cdn.chopard.com/q_auto,f_auto,dpr_auto/e_trim/c_lpad,w_iw,h_ih/c_lpad,ar_1:1,w_800,g_center/ProductsAssets/Web/168566-3007_01.png",MILLE MIGLIA,168566-3007,9080.0,USD,USA,2025-01-28 00:00:00,Watches,2025-01-06,7566.67
Chopard,https://www.chopard.com/en-us/watch/168619-3001.html,"https://objects-prod.cdn.chopard.com/q_auto,f_auto,dpr_auto/e_trim/c_lpad,w_iw,h_ih/c_lpad,ar_1:1,w_800,g_center/ProductsAssets/Web/168619-3001_01.png",MILLE MIGLIA,168619-3001,9140.0,USD,USA,2025-01-28 00:00:00,Watches,2025-01-06,7616.67
Chopard,https://www.chopard.com/en-us/watch/168571-3024.html,"https://objects-prod.cdn.chopard.com/q_auto,f_auto,dpr_auto/e_trim/c_lpad,w_iw,h_ih/c_lpad,ar_1:1,w_800,g_center/ProductsAssets/Web/168571-3024_01.png",MILLE MIGLIA,168571-3024,9300.0,USD,USA,2025-01-28 00:00:00,Watches,2025-01-06,7750.0
Chopard,https://www.chopard.com/en-us/watch/168619-3005.html,"https://objects-prod.cdn.chopard.com/q_auto,f_auto,dpr_auto/e_trim/c_lpad,w_iw,h_ih/c_lpad,ar_1:1,w_800,g_center/ProductsAssets/Web/168619-3005_01.png",MILLE MIGLIA,168619-3005,9350.0,USD,USA,2025-01-28 00:00:00,Watches,2025-01-06,7791.67
Chopard,https://www.chopard.com/en-us/watch/168619-3003.html,"https://objects-prod.cdn.chopard.com/q_auto,f_auto,dpr_auto/e_trim/c_lpad,w_iw,h_ih/c_lpad,ar_1:1,w_800,g_center/ProductsAssets/Web/168619-3003_01.png",MILLE MIGLIA,168619-3003,9350.0,USD,USA,2025-01-28 00:00:00,Watches,2025-01-06,7791.67
Chopard,https://www.chopard.com/en-us/watch/168619-3004.html,"https://objects-prod.cdn.chopard.com/q_auto,f_auto,dpr_auto/e_trim/c_lpad,w_iw,h_ih/c_lpad,ar_1:1,w_800,g_center/ProductsAssets/Web/168619-3004_01.png",MILLE MIGLIA,168619-3004,9350.0,USD,USA,2025-01-28 00:00:00,Watches,2025-01-06,7791.67
Chopard,https://www.chopard.com/en-us/watch/168619-3007.html,"https://objects-prod.cdn.chopard.com/q_auto,f_auto,dpr_auto/e_trim/c_lpad,w_iw,h_ih/c_lpad,ar_1:1,w_800,g_center/ProductsAssets/Web/168619-3007_01.png",MILLE MIGLIA,168619-3007,9670.0,USD,USA,2025-01-28 00:00:00,Watches,2025-01-06,8058.33
Chopard,https://www.chopard.com/en-us/watch/168619-3006.html,"https://objects-prod.cdn.chopard.com/q_auto,f_auto,dpr_auto/e_trim/c_lpad,w_iw,h_ih/c_lpad,ar_1:1,w_800,g_center/ProductsAssets/Web/168619-3006_01.png",MILLE MIGLIA,168619-3006,10300.0,USD,USA,2025-01-28 00:00:00,Watches,2025-01-06,8583.33
Chopard,https://www.chopard.com/en-us/watch/168619-4001.html,"https://objects-prod.cdn.chopard.com/q_auto,f_auto,dpr_auto/e_trim/c_lpad,w_iw,h_ih/c_lpad,ar_1:1,w_800,g_center/ProductsAssets/Web/168619-4001_01.png",MILLE MIGLIA,168619-4001,11100.0,USD,USA,2025-01-28 00:00:00,Watches,2025-01-06,9250.0
Chopard,https://www.chopard.com/en-us/watch/168619-4002.html,"https://objects-prod.cdn.chopard.com/q_auto,f_auto,dpr_auto/e_trim/c_lpad,w_iw,h_ih/c_lpad,ar_1:1,w_800,g_center/ProductsAssets/Web/168619-4002_01.png",MILLE MIGLIA,168619-4002,12100.0,USD,USA,2025-01-28 00:00:00,Watches,2025-01-06,10083.33
